Date,Close,High,Low,Open,Volume
2021-01-04,343.3191223144531,349.5191455225328,339.6233135802176,349.38880113928235,110210800
2021-01-05,345.68365478515625,346.7728598923991,342.6301928867929,342.6767566253038,66426200
2021-01-06,347.7503967285156,350.9435220537929,343.62636577991566,344.17561345030657,107997700
2021-01-07,352.9170227050781,353.6617584095082,349.9473414971712,350.1242211986964,68766800
2021-01-08,354.9279479980469,355.14204466111744,351.0552586898645,354.3042096437855,71677200
2021-01-11,352.535400390625,354.2948508857765,351.6323932699845,351.7534192361298,51034700
2021-01-12,352.60986328125,353.6245779387695,350.3663089172504,352.7215992262628,52547700
2021-01-13,353.5594787597656,354.55555668053626,351.7534642871781,352.53544554182605,45303600
2021-01-14,352.32122802734375,354.80683398556437,351.9861054675014,354.3041217359534,49989100
2021-01-15,349.7518615722656,351.50199335982205,347.88999385755534,350.70140387922305,107160000
2021-01-19,352.49810791015625,353.0380654699637,350.72933922047633,352.20952068020125,51233300
2021-01-20,357.3761901855469,358.21402492373454,354.39719066105187,354.7881669476118,61836100
2021-01-21,357.7020568847656,358.36304045364824,356.78044135246313,357.934790375537,47840100
2021-01-22,356.4360046386719,357.5996721065897,355.4678253506062,355.8495116892653,52860500
2021-01-25,357.8416442871094,358.1953752542542,352.3211854580391,357.1713708385632,70402000
2021-01-26,357.2831115722656,359.20083303759526,357.05037810890184,358.7912198692873,42665300
2021-01-27,348.5509948730469,354.05281810421934,346.3167590029396,353.95971902424606,123351100
2021-01-28,351.5486145019531,355.55161937828063,349.92879841681105,350.3663101277551,94198100
2021-01-29,344.5106506347656,350.6548189054019,342.83495288285974,349.686639876068,126765100
2021-02-01,350.2452392578125,351.27856215518443,344.7992707610039,347.90858629226074,75817600
2021-02-02,355.1978759765625,356.75254834286187,350.32910906965094,353.4291069607294,64450700
2021-02-03,355.4771423339844,357.19937586145977,354.2017673399159,356.026389967423,52427100
2021-02-04,359.51739501953125,359.563930354463,355.5888524983493,356.5104680448607,47142600
2021-02-05,360.9324035644531,361.6399224767463,359.47085881489795,361.3885805309923,48669800
2021-02-08,363.53900146484375,363.58553679527535,361.52818085884974,362.3846241257551,38365200
2021-02-09,363.2969665527344,363.89277790526904,362.29157040764335,362.7011552001997,35551100
2021-02-10,363.1387634277344,365.1868298240842,360.7369659355189,365.0378769579993,59154400
2021-02-11,363.7252197265625,364.6375452854998,361.2954955929545,364.21861361632875,42913300
2021-02-12,365.52197265625,365.76399619957346,362.85016796886265,362.9246586051573,50593300
2021-02-16,365.20538330078125,366.94625368053585,364.4885743748941,366.7507370926893,50972400
2021-02-17,365.28912353515625,365.5404654309399,362.4404400003846,363.45518283226,52290600
2021-02-18,363.73455810546875,364.47929399166895,360.9603643711448,362.68259806906747,59712800
2021-02-19,363.0921325683594,365.27983282306974,362.64527408765895,364.9912455990278,83241000
2021-02-22,360.2994079589844,362.71052376422216,360.02942912693527,360.3273348443789,67414200
2021-02-23,360.7368469238281,362.0867122956101,353.94104155862044,358.09299834523233,107284100
2021-02-24,364.7120056152344,365.1402557134538,358.6609345710552,359.6477223454717,72433900
2021-02-25,355.9239196777344,364.8143548239755,354.4809836013045,363.44588095381306,146670500
2021-02-26,354.0899963378906,358.9494723193458,352.1071310412466,357.8044418312601,152701600
2021-03-01,362.6732177734375,363.92069420530373,354.28552261817083,358.95880058810565,105348800
2021-03-02,359.84320068359375,363.1293962418053,359.34048841861335,362.89666276485025,79595300
2021-03-03,355.0767822265625,360.11310908007255,354.9743647355209,359.1449583838965,119940200
2021-03-04,350.6828308105469,357.47863729094,346.19572234702065,354.8906420427798,183433000
2021-03-05,357.1341857910156,358.1861456706564,346.9032310579424,354.18311275175654,152039600
2021-03-08,355.3561096191406,360.9044680233819,355.0768407972248,358.09305771331407,123149200
2021-03-09,360.4297180175781,362.9804680067196,358.69816605856334,359.2008783576128,113633600
2021-03-10,362.6732177734375,364.3675242968636,361.36062596963234,362.7756352759854,109899400
2021-03-11,366.3504333496094,368.3240087626398,364.6840536373491,365.14023058798864,86245000
2021-03-12,366.8438720703125,366.98350649683164,364.1814143051709,364.9913223888349,64653600
2021-03-15,369.03155517578125,369.2922155627964,364.95405965687513,367.0951965209388,73427200
2021-03-16,368.5660400390625,370.35341719951157,367.7933490003447,369.64592676134737,73722500
2021-03-17,369.8228454589844,370.62343505257456,366.1363264084717,367.2813854421712,97959300
2021-03-18,364.4420166015625,369.32010118927036,363.76242462104625,367.23481832610025,115349100
2021-03-19,363.7677307128906,365.7197518785145,361.5915342319768,364.14131823450606,113624500
2021-03-22,366.6723327636719,368.0546376770292,364.22530219638827,364.2813388885478,73778600
2021-03-23,363.786376953125,367.48494163658637,363.0018346568089,366.0372793939017,90686600
2021-03-24,361.93707275390625,366.8218139815274,361.8903850062456,365.1873437728255,97588600
2021-03-25,363.9732666015625,364.76712952395036,358.5561469076655,360.49884793682355,116128600
2021-03-26,369.8385925292969,370.2401983720078,364.5242270663124,365.12196135499164,114409100
2021-03-29,369.6517639160156,370.55772850073316,366.87783346614003,368.362862908593,108107600
2021-03-30,368.67108154296875,369.3435503732095,367.07395025683695,368.3815491232856,76262200
2021-03-31,370.1654968261719,371.72526109112226,369.2128443577868,369.2408627097128,112734200
2021-04-01,374.162841796875,374.21890698843123,371.8932703973553,372.09874775674973,99682900
2021-04-05,379.53326416015625,380.0749901846481,376.75001345829463,376.82471954638225,91684800
2021-04-06,379.3092041015625,380.35526059128404,378.6367351434698,378.972983873967,62021000
2021-04-07,379.7481689453125,380.0937381170486,378.6834430784203,379.1410856568923,55836300
2021-04-08,381.5507507324219,381.60678743598396,380.0657210822236,380.9997041454603,57863100
2021-04-09,384.32464599609375,384.4927845941178,381.3078992229351,381.4293215703808,61104600
2021-04-12,384.4647521972656,384.7355867285504,383.11981447960585,383.7268976917543,56704900
2021-04-13,385.60418701171875,386.2299681294225,383.979065799831,384.36200222963515,56551000
2021-04-14,384.2872619628906,386.6315395766929,383.7455359385016,385.5761343766993,61659900
2021-04-15,388.4154052734375,388.6862682542516,386.37932970030533,386.4260174370804,60229800
2021-04-16,389.7137451171875,390.3208283501207,388.28475230611167,389.7043961665137,82037300
2021-04-19,387.7990417480469,389.228034481116,386.4728019580856,388.77974091961784,78498500
2021-04-20,384.95977783203125,387.68699217501296,383.4840687603821,386.5848990980943,81851800
2021-04-21,388.602294921875,388.80777231208793,384.2032146818028,384.34333492736897,66793000
2021-04-22,385.0531311035156,389.26540322576255,383.98840538810305,388.43417324213044,97582800
2021-04-23,389.2279968261719,390.6383200253725,385.53878173639555,385.6134878217857,73209200
2021-04-26,390.04058837890625,390.61033277407387,389.29341345395136,389.88182724622914,52182400
2021-04-27,389.95654296875,390.53563632822335,388.81708265316865,390.3394793906885,51303100
2021-04-28,389.84454345703125,391.3482710819515,389.3775519031769,390.2274799515401,51238900
2021-04-29,392.3288879394531,392.94532012603673,388.94787411541165,392.5717326349584,78544300
2021-04-30,389.7510986328125,390.9092569470682,388.8544829241141,390.0593289877053,85527000
2021-05-03,390.59173583984375,392.1234532710356,390.09672594707484,391.74051678751226,68128300
2021-05-04,388.1820373535156,389.0973510192944,384.4928213443372,388.6023411344011,101591200
2021-05-05,388.3034362792969,390.05932889798106,387.74304077290196,389.82583314555814,60162200
2021-05-06,391.404296875,391.5350396849246,386.3701143834206,388.3781723084249,74321400
2021-05-07,394.2528991699219,394.90669867070073,391.48831747234374,392.17013532299035,67733800
2021-05-10,390.348876953125,394.8319841776763,390.2274545965479,394.60783736731895,81852400
2021-05-11,386.86505126953125,387.85507086903533,382.9890279126543,385.82834392591514,116888000
2021-05-12,378.6460266113281,385.3520172707222,377.32910724736956,384.08181415543856,134811000
2021-05-13,383.19451904296875,385.1278705672436,380.14972554113865,380.1964417898234,106394000
2021-05-14,389.0785827636719,389.9285106204482,385.90304661385784,385.93106496065724,82201600
2021-05-17,388.088623046875,388.90121223521504,386.0712162573868,387.9672291939465,65129200
2021-05-18,384.7449035644531,388.5929084065509,384.5861139361804,388.35006374080274,59810200
2021-05-19,383.7362365722656,383.9136956201269,378.57131179137997,380.0563698240923,106467100
2021-05-20,387.86444091796875,389.1253236094422,384.49277612741383,384.61416996928796,78022200
2021-05-21,387.5468444824219,390.5916376819598,387.0892020087102,389.34942453489305,76578700
2021-05-24,391.4976806640625,392.5717554519268,389.54563104164197,389.7884757512618,51376700
2021-05-25,390.6289978027344,392.93593669892675,390.0499329669356,392.58101863752853,57451400
2021-05-26,391.404296875,391.90862721701114,390.180781318248,391.2174888575059,43088600
2021-05-27,391.6097106933594,392.9452994425397,391.3294987126263,392.4316202322079,56707700
2021-05-28,392.31024169921875,393.44035318988387,392.07674594064906,393.1788390804018,58520200
2021-06-01,391.96466064453125,394.81329741149153,391.525687491623,394.67320566118025,54216600
2021-06-02,392.58099365234375,393.42160100863873,391.60967202316226,392.6183609466643,49097100
2021-06-03,391.1240234375,392.2634837583409,388.79841505022597,390.26477509890356,58138800
2021-06-04,394.70123291015625,395.0001143194918,391.18944760771376,392.973358609629,55938800
2021-06-07,394.31829833984375,394.86934490806766,393.38431530836596,394.69188585185486,51555000
2021-06-08,394.4023742675781,395.2709716921303,392.5717754098022,395.1775676834587,47134300
2021-06-09,393.81390380859375,395.3176311744139,393.5897570222941,395.242896577049,48436300
2021-06-10,395.6445007324219,396.59718157596666,393.72049815041606,395.0374175201594,51020100
2021-06-11,396.29833984375,396.41041324763955,394.90671424062083,396.1956153911513,45570800
2021-06-14,397.1856689453125,397.288393406657,395.16826199483984,396.4104469975744,42358500
2021-06-15,396.4571228027344,397.37240792096816,395.5791764832327,397.335069122236,51508500
2021-06-16,394.24359130859375,396.82139377668875,392.19819454927307,396.5972469543856,80386100
2021-06-17,394.1128234863281,395.0934942745737,391.6377741374557,393.8326399762295,90949700
2021-06-18,388.7960205078125,391.5227773326563,388.5898708974102,390.8293780050055,118676300
2021-06-21,394.36199951171875,394.54941864548533,389.7424066854368,390.55762558464596,72822000
2021-06-22,396.47039794921875,397.30437604962555,393.63117206610633,394.352710107166,57700300
2021-06-23,395.9925231933594,397.3512120232172,395.9081931498081,396.5453725429614,49445400
2021-06-24,398.3350830078125,398.75673318670397,397.88529422084855,398.13831292432985,45110300
2021-06-25,399.7500305175781,400.19981934817787,398.7567718716343,399.08474110668726,58129500
2021-06-28,400.5558166503906,400.7244767038043,399.0753085212979,400.2747165613677,53159600
2021-06-29,400.7713623046875,401.577201657203,400.23724351738144,400.9400223650543,35970500
2021-06-30,401.1087341308594,401.78340305544015,400.2841356012442,400.3122456149289,64827900
2021-07-01,403.3294982910156,403.48880742764095,401.8021208712644,401.8677204331776,53441000
2021-07-02,406.4123229980469,406.76840218909126,403.41378848033645,404.49140558885847,57697700
2021-07-06,405.672119140625,406.68413685470637,402.9359824093808,406.4686076794865,68710400
2021-07-07,407.1057434082031,407.38687211913964,404.34149695894274,406.35612403799763,63549500
2021-07-08,403.7887268066406,404.54772586147544,400.60277236849515,401.7834502743056,97595200
2021-07-09,408.0990295410156,408.39888874783514,403.59187628680496,405.29729335492465,76238600
2021-07-12,409.56085205078125,409.81387079491634,407.5837141699606,408.014743954132,52889600
2021-07-13,408.16461181640625,410.27294851905754,407.9022421705888,408.7736811446095,52911300
2021-07-14,408.773681640625,410.3479281135863,407.52743297051677,409.8606497735151,64130400
2021-07-15,407.3775329589844,408.10842192602513,405.4753457373174,407.43375298751454,55126400
2021-07-16,404.1822509765625,408.60507458251783,403.7887107543716,408.5582340881167,75874700
2021-07-19,398.21331787109375,404.24784908958907,395.40220190953943,399.35650617263855,147987000
2021-07-20,403.91986083984375,405.19424821912867,398.0821000063619,398.87858854389634,99608200
2021-07-21,407.1900634765625,407.33064212666307,403.87296781863677,405.11921642523396,64724400
2021-07-22,408.0428161621094,408.28645534613815,406.3842681533673,407.36814723384765,47878500
2021-07-23,412.24078369140625,412.57810387739073,409.2891176794418,409.973137588627,63766600
2021-07-26,413.252685546875,413.26206508210987,411.6035173257502,411.65035780963643,43719200
2021-07-27,411.36932373046875,412.2407627628377,408.5394488652319,412.21265274876606,67397100
2021-07-28,411.2006530761719,412.5781010183634,409.77636464052375,411.99714163798257,52472400
2021-07-29,412.9059753417969,413.98356380892966,412.1188664980787,412.1282460330738,47435300
2021-07-30,410.9007873535156,412.3531856804309,410.207359374989,410.33855849930256,68951200
2021-08-02,410.0386657714844,413.1683708687938,409.6825865730587,412.6155215961337,58783300
2021-08-03,413.3744812011719,413.49630076759996,408.64244875671363,410.8351151639927,58053900
2021-08-04,411.3411560058594,413.34640345264876,411.1068963894126,412.0907753400313,46732200
2021-08-05,413.94610595703125,414.0304359841878,412.18446913337823,412.5030587680175,38969700
2021-08-06,414.6301574707031,415.0518362349307,413.9835986168319,414.26472732503214,46930000
2021-08-09,414.29290771484375,414.92070760379596,413.5245291498375,414.6021178906313,41222600
2021-08-10,414.8082275390625,415.52038600343246,414.05860812109773,414.74262797604996,43339300
2021-08-11,415.8389892578125,415.9326988371535,414.75202104898426,415.87647880877864,44034300
2021-08-12,417.08514404296875,417.22572267838126,414.7894171451749,415.6889659926469,38909400
2021-08-13,417.84429931640625,417.8630297953268,417.0478107219428,417.5350605392358,39470300
2021-08-16,418.828125,418.95929552799396,414.98626119675987,416.5417486330433,73740000
2021-08-17,416.08251953125,416.9445788047778,413.0933648884497,416.269910044732,92673900
2021-08-18,411.528564453125,416.6354357523996,411.2849538867955,415.07056886412056,89351900
2021-08-19,412.1658020019531,413.36523891211175,408.6612866430519,408.8018367196642,92812200
2021-08-20,415.4454345703125,415.7734038110684,412.02524927934286,412.512527670003,72008700
2021-08-23,419.099853515625,420.00878201499984,415.52035954108516,417.132066923601,54973000
2021-08-24,419.7652282714844,420.299347194437,419.2498684240996,419.7652282714844,38744700
2021-08-25,420.6460266113281,421.1613864338086,419.57778881704434,419.952627156467,40529700
2021-08-26,418.1628112792969,420.59908850889707,418.06910170981706,420.36482888327043,57829600
2021-08-27,421.9016418457031,422.2764515773078,418.9124863376052,418.9687063675384,77235100
2021-08-30,423.7570495605469,424.5441586889523,422.33273234101506,422.57637156986203,48357400
2021-08-31,423.129150390625,424.0005894306205,422.52946055313254,423.6632692588089,59300200
2021-09-01,423.35400390625,424.58152211457764,423.11974426960506,424.0661623524176,48721400
2021-09-02,424.6565246582031,425.4623641266029,423.45711639620544,424.77834425136786,42501000
2021-09-03,424.5534362792969,425.068824666954,423.11976836523195,423.52271669627993,47170500
2021-09-07,423.035400390625,424.30040810634716,422.3607315153163,424.20669853552585,51671500
2021-09-08,422.5201110839844,423.2322696255754,420.5991646484169,422.501380605156,56181900
2021-09-09,420.7115783691406,424.0755433312676,420.46793919543404,422.32328581858627,57970400
2021-09-10,417.39447021484375,423.06354222411983,417.27265062322766,422.64189201792766,89948200
2021-09-13,418.46270751953125,420.655403124016,416.1482209113753,420.39303344599693,83738600
2021-09-14,416.20440673828125,420.11184130334044,415.31420871709963,419.9056916877061,78197100
2021-09-15,419.6808776855469,420.17750702921626,415.520423766594,416.62612251723135,78792200
2021-09-16,419.01556396484375,420.1306135920383,416.0638694935535,419.15611403582216,77786700
2021-09-17,414.9339294433594,418.6658919018536,414.5767094129711,418.2428908298914,118425000
2021-09-20,408.01519775390625,410.38408955076596,403.1457660287209,408.8048283528595,166445500
2021-09-21,407.6297607421875,411.6531328768098,407.1033403647797,410.3558724154265,92526100
2021-09-22,411.606201171875,413.64610208395436,407.74264772094614,409.9047298245333,102350100
2021-09-23,416.6072082519531,418.21469841814167,413.24187534861926,413.47688551104596,76396000
2021-09-24,417.29339599609375,418.0078359804858,414.7552750846295,414.97149473457984,62094800
2021-09-27,416.09954833984375,417.4249802239827,415.40389884937827,416.25933916263614,61371100
2021-09-28,407.7143249511719,413.65538718631905,406.98109458395635,413.3263673075447,130436300
2021-09-29,408.40057373046875,410.83527498638745,407.83654373845025,409.0961944642292,82329200
2021-09-30,403.408935546875,410.5814194259435,403.0705060982276,409.8763891529963,140506000
2021-10-01,408.2031555175781,409.8858359543711,401.61349147576334,405.1386431605833,129240100
2021-10-04,402.9389343261719,407.9399274949172,400.79561465530827,407.03749673565017,128570000
2021-10-05,407.131591796875,409.3782739253751,403.64404918460883,404.4430607487151,90682500
2021-10-06,408.8236083984375,409.0304184562949,401.90492407695274,403.53117578451554,113032200
2021-10-07,412.358154296875,415.197066176869,411.9257437150467,412.10435369862415,72437500
2021-10-08,411.606201171875,413.5145113054979,410.9763899771433,413.1290911815468,74557400
2021-10-11,408.6262512207031,413.8622842543227,408.56044149355773,410.9481526531211,65233300
2021-10-12,407.62042236328125,409.9517335045939,406.8307916592311,409.5475229098595,71181200
2021-10-13,409.0867919921875,409.9046225853422,405.6650597065649,408.6449718376633,72974000
2021-10-14,415.9679260253906,416.1183359496485,412.28295460047235,412.7529748558683,70236800
2021-10-15,419.13592529296875,419.5025549212031,417.46265406245044,418.0830843417794,66260200
2021-10-18,420.376708984375,420.71510979062344,416.6917376412568,417.34977745930763,62213200
2021-10-19,423.6199035644531,423.6856846027925,421.39198327728565,422.00303260856737,46996800
2021-10-20,425.28369140625,425.5845112268091,423.96764055100016,424.0804408117706,49571600
2021-10-21,426.3929748535156,426.618575397613,424.2496836213109,424.68209422675085,41305400
2021-10-22,425.9511413574219,427.40822132656245,424.0052506620859,425.96055094238534,58845100
2021-10-25,428.2354431152344,428.56446303148596,425.26494034706053,427.0416019944035,45214500
2021-10-26,428.6208801269531,430.99918156529145,428.2448696453988,429.78654991386077,56075100
2021-10-27,426.7220153808594,429.74894714064544,426.64679607068757,429.08152637361746,72438000
2021-10-28,430.8393859863281,430.9145766067055,428.1414742340312,428.15085513172806,51437900
2021-10-29,431.713623046875,432.0050333226642,428.2448711186631,428.5362813944523,70162400
2021-11-01,432.4562683105469,433.07669852419264,430.7265971184563,432.70065934906575,48433600
2021-11-02,434.2047119140625,434.51494135185385,432.4938312768331,432.62545072020157,48908400
2021-11-03,436.8556213378906,437.25983186693117,433.19885003088245,433.6406702124122,52509800
2021-11-04,438.9143371582031,438.9989373652711,437.10944667746986,437.4572570913363,52847100
2021-11-05,440.4372253417969,442.43010684262913,438.9237737315892,441.14225579847414,66390600
2021-11-08,440.813232421875,442.0353024166088,440.1270211428771,441.53708204527277,50405200
2021-11-09,439.3560791015625,441.41476983678206,437.9460185260837,441.1797597408689,51149100
2021-11-10,435.82159423828125,439.35615587855733,434.3363427951768,437.6640656796384,69429700
2021-11-11,435.96258544921875,437.39146541229354,435.9437949662479,437.3162461048895,34848500
2021-11-12,439.2527770996094,439.80739763161506,436.2822452510813,437.2316954723227,53466700
2021-11-15,439.403076171875,440.70033651062397,438.27504490739136,440.540545708173,46980500
2021-11-16,441.1422424316406,442.2796835013746,439.0647607814874,439.1399514053057,48857500
2021-11-17,440.07061767578125,441.0576488248933,439.4501874408848,440.87903881691875,47858300
2021-11-18,441.5652160644531,441.8284262460176,438.37846513160173,441.10457673089655,50625600
2021-11-19,440.775634765625,442.70270645083684,440.4090051747564,441.4524364328998,57315600
2021-11-22,439.53472900390625,445.1467717517106,439.32791895320247,442.65567024625074,72762000
2021-11-23,440.11761474609375,440.9730551422776,436.60187205072765,439.20577420842636,73206500
2021-11-24,441.29266357421875,441.4148734428188,437.2974910059745,438.1153217416672,61858800
2021-11-26,431.45037841796875,436.0847710795946,430.32231837166336,434.61831023205275,112669600
2021-11-29,436.7428283691406,438.5852997432788,434.0449166850697,436.24460804442816,86268800
2021-11-30,428.244873046875,436.207017697208,428.0004533224309,434.29873651759567,148559600
2021-12-01,423.4882507324219,436.8086374124799,423.290850257439,433.9603158081163,131939200
2021-12-02,429.9745788574219,431.5444593337186,423.3096942265421,423.7045239141556,127637800
2021-12-03,426.233154296875,432.70060850783227,422.0029722635854,431.6383868949673,137331600
2021-12-06,431.28125,433.16133126579666,426.36482716234684,428.7807384739588,98977500
2021-12-07,440.2021789550781,440.7662090115453,431.1495840464495,436.5642266881175,95484700
2021-12-08,441.36785888671875,441.81908870916527,438.83914733929845,440.5970473857132,72238800
2021-12-09,438.38787841796875,441.471210008513,438.1904779520681,440.07993978691974,61272600
2021-12-10,442.5146484375,442.665058357532,438.53829554873346,441.0952068137605,77159800
2021-12-13,438.5947265625,442.3454791791736,438.3126971846737,441.99766876550603,87724700
2021-12-14,435.5771484375,437.8144493976514,432.6536362786152,435.3233478323497,97264100
2021-12-15,442.3830871582031,442.6274781927471,433.11427244709614,435.63360291576834,116899300
2021-12-16,438.48193359375,444.5169779638093,436.930843709259,444.23497726904446,116568600
2021-12-17,433.8151550292969,438.4092309837767,432.1077064463905,435.3999644120147,135511600
2021-12-20,429.2022399902344,429.5984279577143,425.5798060591172,428.73056845563246,107134800
2021-12-21,436.824462890625,436.9659586009306,430.4568968299471,432.62657449075914,69806300
2021-12-22,441.192138671875,441.30533523820264,436.37164043974565,436.56976321936594,58890200
2021-12-23,443.937255859375,445.4371678906433,442.08831149730497,442.19206541682075,56439700
2021-12-27,450.2199401855469,450.2670958254494,445.26738887680665,445.3145445167092,56808600
2021-12-28,449.8520202636719,451.6821081838997,449.0879146544429,450.65386765775884,47274600
2021-12-29,450.427490234375,451.44628815269533,448.955877247608,449.9558186671151,54503000
2021-12-30,449.1822814941406,451.8613726077948,448.72005255913206,450.85198851964896,55329000
2021-12-31,448.0502624511719,449.8426087104167,447.7767136605498,448.69175768390534,65237400
2022-01-03,450.6444091796875,450.77649102777576,447.0031187538817,449.31429199851436,72668200
2022-01-04,450.49346923828125,452.7858147658463,448.63508224842974,452.0688648240115,71178700
2022-01-05,441.84307861328125,450.8991788038624,441.7487385385624,450.12563049513625,104538900
2022-01-06,441.427978515625,444.1448112867114,439.0601780901141,441.3808228754029,86858900
2022-01-07,439.68280029296875,442.61661242591146,438.3243838694435,441.43743350191716,85111600
2022-01-10,439.1357116699219,439.35266218590664,430.7305201228873,436.4849195241094,119362000
2022-01-11,443.13543701171875,443.2297770827889,435.8716833675285,438.8715364116939,74303100
2022-01-12,444.33349609375,446.3900061138433,442.37135493830107,444.8712086177971,67605400
2022-01-13,438.211181640625,446.0881025089078,437.18294108680465,445.4371934481838,91173100
2022-01-14,438.3904113769531,438.739443721602,433.8434906759854,435.0604113490844,95890900
2022-01-18,430.6266174316406,433.90001864551573,429.5134796511059,433.6924820433362,109709100
2022-01-19,426.15521240234375,433.56987477528105,425.8816348637501,432.17374552013666,109357600
2022-01-20,421.43853759765625,432.749212360242,419.3160155840139,428.04193941787696,122379700
2022-01-21,413.1654357910156,422.6743219055185,413.1371366485651,420.31596407281415,202271200
2022-01-24,414.9200134277344,415.4294267475225,396.9210402768621,407.5525063368311,251783900
2022-01-25,409.854248046875,414.8067989622443,402.9489701470522,408.52413091783615,167997300
2022-01-26,408.8260498046875,418.8820910132849,404.56212043743244,415.7501849161173,186391100
2022-01-27,406.8072814941406,416.5708886311564,405.11871802199556,413.4295686804275,149878300
2022-01-28,416.9105224609375,416.95767810367454,403.5810789597359,408.1657129140467,164457400
2022-01-31,424.41943359375,424.76846588196537,414.8916639623664,416.2406374827554,152251400
2022-02-01,427.2872314453125,427.928697788192,421.61773069576964,425.14582437015105,123155400
2022-02-02,431.43798828125,432.1643521308704,427.38159553014776,429.6927977248774,117361000
2022-02-03,421.2970275878906,427.30611843415994,420.45743842360054,425.40057576602374,118024400
2022-02-04,423.2781066894531,427.1269342906215,418.6840011085922,421.06124440475634,118454400
2022-02-07,421.919677734375,425.4383293530502,420.5895604027736,424.0421998784849,84472900
2022-02-08,425.39117431640625,426.31566099325914,419.9952501952537,421.41970760411243,81012000
2022-02-09,431.6172180175781,431.93795122288446,429.23056108197864,429.4286550758493,92589900
2022-02-10,423.8629455566406,431.7775795121979,421.86306271080866,425.7684883309894,140103700
2022-02-11,415.5049743652344,426.0232462128688,414.0711029389675,423.94790826342097,153214600
2022-02-14,414.14654541015625,416.5803871294331,410.6750491413109,414.9955773704235,123006300
2022-02-15,420.82537841796875,420.99517327307245,418.0708037959125,418.5896597934599,88482700
2022-02-16,421.2970275878906,422.67430043142383,416.9010453564432,418.77828888356663,84863600
2022-02-17,412.2975769042969,421.2687799533193,411.6938522260274,418.10857447395847,102259100
2022-02-18,409.6278076171875,413.8068098547772,407.354347719248,412.5521476462196,132642900
2022-02-22,405.2319030761719,410.8259207595827,401.7320794413733,407.4204659812032,124391800
2022-02-23,398.04364013671875,408.71284849771104,397.477628508236,408.1468368692283,132578000
2022-02-24,404.03387451171875,404.4678331044579,387.3744592030102,387.7329054308326,213942900
2022-02-25,412.94842529296875,413.0333227139032,403.61874859349035,405.26959895160047,121804500
2022-02-28,411.89190673828125,413.37296233027865,406.29788900505855,407.5525226744369,145615000
2022-03-01,405.61865234375,412.40129113186845,402.9112336256211,410.3919658423738,137785900
2022-03-02,413.08050537109375,414.806810499793,407.11857033694304,407.8732332677147,117726500
2022-03-03,411.0240478515625,416.1180952528959,409.22225892771945,415.51437058927706,105501700
2022-03-04,407.68463134765625,408.81662588103086,403.63768107861074,407.2884145484183,113978200
2022-03-07,395.6663513183594,407.807171236879,395.600310398485,407.09966398019566,137896600
2022-03-08,392.66650390625,403.00553460296567,391.6005217639534,395.84556504942634,164772700
2022-03-09,403.1943054199219,405.1753318232111,398.8643637492097,401.05292680024445,116990800
2022-03-10,401.3736572265625,402.26981595352635,396.6191996494863,398.5813407511495,93972700
2022-03-11,396.27008056640625,404.47714697175655,395.76066731177804,403.8639798109582,95636300
2022-03-14,393.37408447265625,400.4963135753872,392.2326473482891,397.04370305998077,95729200
2022-03-15,402.0245361328125,402.65655987964084,394.7136272071247,395.9871173439881,106219100
2022-03-16,410.9390869140625,410.995685192888,400.7321084005492,405.5337497664183,144954800
2022-03-17,416.080322265625,416.080322265625,408.646774491688,409.02410595061707,102676900
2022-03-18,420.6375732421875,420.9593028336933,413.7297868077792,414.4678791360529,106345500
2022-03-21,420.51458740234375,422.47335203270006,417.00389114982016,420.4672563901048,88349800
2022-03-22,425.4351501464844,426.37195178227597,421.9055391743934,421.9055391743934,74650400
2022-03-23,419.9562683105469,424.39429439850414,419.8711071405114,422.8991946168003,79426100
2022-03-24,426.2868957519531,426.29636773137105,420.8647650949058,421.98136130275304,64736900
2022-03-25,428.3686828613281,428.64311034533864,424.3375472885619,426.92088512262796,77101300
2022-03-28,431.4156494140625,431.4156494140625,425.8799424500739,427.77248986490883,68529800
2022-03-29,436.7526550292969,437.24473588066155,432.61744319877937,435.30485728967426,86581500
2022-03-30,434.0558166503906,436.42150122145665,431.94561561692495,435.6076907124575,79666900
2022-03-31,427.37506103515625,434.1125250531456,426.9208392701977,433.2892715675178,121699900
2022-04-01,428.5863342285156,429.0973012788602,425.00942048618305,428.9553659870978,89048800
2022-04-04,432.2578125,432.36191762304253,427.96175071510544,428.78500420961205,59601000
2022-04-05,426.7977600097656,433.23240862734673,425.6527770949795,430.7626485122324,74214500
2022-04-06,422.5301513671875,424.81067460735846,419.64402793365923,422.88029691792224,106898000
2022-04-07,424.6593017578125,426.47616024110664,419.7008360657591,421.65015787040545,78097200
2022-04-08,423.5238342285156,426.41943017448506,421.9814030859394,423.9023380288928,79272700
2022-04-11,416.2847595214844,421.0918174503352,415.7832355906516,420.24961995400275,89770500
2022-04-12,414.7423400878906,421.8015343492119,413.1904372386116,419.2749706687826,84363600
2022-04-13,419.49261474609375,420.2496221966037,414.3164961668285,414.4962904899716,74070400
2022-04-14,414.2691650390625,420.8363067294956,414.16505991706254,419.71968183285964,97869500
2022-04-18,414.4395446777344,416.12391091643246,412.2063234536488,413.3418635849445,66002500
2022-04-19,421.1296691894531,421.8488175877449,414.1650795150678,414.33540185587515,77821000
2022-04-20,420.8173828125,423.5237406996165,419.65348460531936,422.9086685500845,65224400
2022-04-21,414.5246887207031,425.83267191463915,413.61627398000866,424.4416483063958,85417300
2022-04-22,403.1504211425781,414.5435347350055,402.5826511949937,413.4364107712959,132471800
2022-04-25,405.48773193359375,405.6580542602697,396.33725301076987,400.9077709224342,119647700
2022-04-26,393.7445068359375,403.1504700703284,393.71611977901205,402.95173179386785,103996300
2022-04-27,394.8516540527344,400.198124069915,392.7130949238464,394.8232669941469,122030000
2022-04-28,404.82525634765625,406.5569529927659,395.16381217454926,399.60183711891347,105449100
2022-04-29,389.86480712890625,402.9896201658994,389.1172427381389,400.83211704855785,145491100
2022-05-02,392.2115173339844,393.5741537158079,383.25974771045304,389.93099434604335,158312500
2022-05-03,394.0094299316406,396.4224162058567,391.1516650055243,392.71303964199615,100028200
2022-05-04,406.0082092285156,406.5759792490273,391.48290152050896,394.67183940897127,144247900
2022-05-05,391.5775146484375,402.16631958492377,387.44230322988835,401.7404848718178,172929100
2022-05-06,389.2402038574219,392.51430263534195,383.9316224860018,389.01310741996485,151770800
2022-05-09,376.77783203125,384.5751184962438,375.19754216123187,383.3355021930368,155586100
2022-05-10,377.6484375,384.2628826486502,373.6078584477752,382.7583106519952,132497200
2022-05-11,371.6489562988281,382.3323933257538,370.90139206919764,376.68313878017256,142361000
2022-05-12,371.26104736328125,374.53514652082424,364.4573366484498,368.45061311196713,125090800
2022-05-13,380.13714599609375,381.5186977814806,374.3553975458594,375.3963045942963,104174400
2022-05-16,378.59466552734375,382.26621234005705,376.2384531036934,378.4905892750784,78622400
2022-05-17,386.38250732421875,386.6190757634291,380.9508763229202,384.68866921363724,83029700
2022-05-18,370.8067626953125,382.1052719010939,369.5671465773128,381.82140136948277,117674500
2022-05-19,368.5358581542969,372.9644423518746,366.3121085136952,367.74099147216504,98510700
2022-05-20,368.6966247558594,375.6990443299585,360.09500032544264,372.12213091455766,131432200
2022-05-23,375.594970703125,376.3614500919125,369.4063326029317,371.72468584727085,76414900
2022-05-24,372.727783203125,373.9200684973476,366.17008413397616,371.46922293735594,91448800
2022-05-25,376.020751953125,377.98901729728556,370.83519088442847,371.2326096418207,91472900
2022-05-26,383.5341796875,385.1712435361306,377.0427561590206,377.2509375219795,82168300
2022-05-27,392.9496154785156,393.0631636990263,385.7957888065358,385.9944981924295,84768700
2022-05-31,390.744873046875,394.08521874551013,388.000684523354,391.33155824207057,95937000
2022-06-01,387.5841979980469,393.87691162412517,385.0671067720199,392.86442082555544,86585800
2022-06-02,394.9652099609375,395.01251209671574,385.1712709822698,387.42340710258367,79609600
2022-06-03,388.4832458496094,391.79520408065434,387.5085850110212,390.2433012195324,71874300
2022-06-06,389.6661071777344,394.22712507510215,388.492707995611,392.4954566785765,57508900
2022-06-07,393.4038391113281,393.8580609068562,385.71062891259504,386.17432268656637,59272400
2022-06-08,389.1266784667969,393.47954333395916,388.33181201108613,391.6910721501235,64350000
2022-06-09,379.8720703125,389.61867668783157,379.8720703125,387.34762585918884,86289800
2022-06-10,368.8574523925781,374.5161791416106,368.8101502618891,373.6645386433497,132893900
2022-06-13,354.8526611328125,361.2967831487457,353.2439841844837,359.4420946590602,170004900
2022-06-14,353.78338623046875,357.63472758428236,350.6796092755737,356.6032925923492,104011800
2022-06-15,358.8270263671875,363.2744957746672,352.12739188091416,357.0858572117837,125666800
2022-06-16,346.9512634277344,351.0107858866292,344.51933296816924,350.6038951062925,134473300
2022-06-17,347.69921875,351.04450954430285,344.1924117569051,347.36661545178714,111113900
2022-06-21,356.4520263671875,357.83954577017596,353.35383919081494,353.4298843377524,76811900
2022-06-22,355.80584716796875,359.92089960070416,351.80480446926504,352.22296583921377,90059400
2022-06-23,359.2936096191406,360.0253774175742,354.380257681737,357.944112743824,79292100
2022-06-24,370.7170104980469,370.72652339416055,362.4393697452781,362.467879430887,98050300
2022-06-27,369.30096435546875,371.93345521638525,368.20805445306024,371.6388454775464,66009600
2022-06-28,361.7550964355469,373.6441279914071,361.6410576968473,370.8595757781449,86548900
2022-06-29,361.46044921875,363.29463974904866,359.63577158326706,362.3062847809654,65676000
2022-06-30,358.5237731933594,361.7645084605366,354.0665767146873,357.56389907239446,112508300
2022-07-01,362.31573486328125,362.7529219458162,355.2450444294537,357.86805091376164,74839700
2022-07-05,363.0,363.01902578805715,354.3897288005455,357.22181596212545,81438000
2022-07-06,364.2259826660156,366.7159247303021,360.75716958402745,363.1425568197513,70426200
2022-07-07,369.68096923828125,370.479269112684,364.2449023769217,366.003076280143,64525900
2022-07-08,369.3769836425781,371.2491967887842,366.516386504775,368.04645446042775,72397800
2022-07-11,365.1573486328125,367.6662874925925,364.4635744126361,366.696929365384,58366900
2022-07-12,361.92608642578125,366.99152847059673,360.17742508846254,364.6061122917404,62219200
2022-07-13,360.0253601074219,362.9620020597862,356.0623697104502,356.4805310045145,84224600
2022-07-14,359.15106201171875,360.234458871572,352.6220841639683,355.064490796516,89704800
2022-07-15,366.0126647949219,366.12670351443825,361.6505097570627,363.56071631441466,79060400
2022-07-18,362.9905090332031,369.7760736131692,361.764534839165,369.1013252129824,63203600
2022-07-19,372.7982177734375,373.3684403556091,366.2597563730755,366.9154789894388,78506000
2022-07-20,375.174072265625,376.5901301444603,371.61973073634647,372.98825315458964,71843800
2022-07-21,378.99462890625,379.04213537491796,372.1900378364041,374.5944510061109,64903900
2022-07-22,375.4782409667969,380.3155764832449,373.2543990144218,379.1181409721045,72197300
2022-07-25,375.9344482421875,376.78976766133366,373.6915803624673,376.10550632547137,53631500
2022-07-26,371.48675537109375,374.4993845551237,370.59341339787153,374.29030390175836,52946400
2022-07-27,381.1329345703125,382.8815960228277,374.4898888264092,374.78449853291994,82342100
2022-07-28,385.9132080078125,386.6069531734175,378.3863339855172,381.94070485844315,73966600
2022-07-29,391.53936767578125,392.52775161157655,386.5784802133014,387.3482705951752,87003700
2022-08-01,390.37994384765625,392.8889118778882,388.1275919584921,388.8403630121632,69997500
2022-08-02,387.8044128417969,392.49919977922883,386.62597416207234,388.81179345563703,63435400
2022-08-03,393.8772888183594,395.04621476373677,389.6481690410905,389.9332658563709,67820600
2022-08-04,393.61114501953125,394.48546115765066,391.96700956030446,393.8011998743411,45656600
2022-08-05,392.9459228515625,393.5921616324373,389.2680289335886,389.32504829644654,56814900
2022-08-08,392.4897155761719,396.88989316531894,391.387292955347,394.63754145835884,53886100
2022-08-09,390.9311828613281,392.26168307241494,389.85726979721653,391.75799267097744,44931800
2022-08-10,399.1422424316406,399.284819832152,396.0345713490144,397.9923133525369,68665700
2022-08-11,399.1422424316406,403.8560554717358,398.40096176043045,401.99332639825303,59489700
2022-08-12,405.89935302734375,406.0038788583054,400.130652464098,401.0810138483799,61694500
2022-08-15,407.5719909667969,408.09470715752286,403.62799681331194,403.685016179176,54048300
2022-08-16,408.37030029296875,410.29953275176706,405.69027421639345,406.4980871972697,59289000
2022-08-17,405.47161865234375,408.1801539962864,403.46637035029323,404.7683606131751,63563400
2022-08-18,406.6501770019531,407.3344094071018,404.3787992026303,405.67127686044,49023200
2022-08-19,401.1855773925781,404.1507003354797,400.31123213885485,403.88460030221233,68016900
2022-08-22,392.8318786621094,396.51928542351556,391.92902375820364,396.3481983345936,77695600
2022-08-23,391.88153076171875,394.7991472328157,391.33030490584025,392.40421793285645,49105200
2022-08-24,393.135986328125,394.50447996842576,390.9691636437866,391.6533959625738,49177800
2022-08-25,398.68609619140625,398.73360265745475,393.5351249523274,394.6280346959815,50942300
2022-08-26,385.19091796875,399.1137045548559,385.1338986136642,398.57202068154095,103087000
2022-08-29,382.6440124511719,385.6946644031111,381.285002619314,382.23536401267944,65370800
2022-08-30,378.4433288574219,384.0409702988851,376.34303870661444,383.8033799966713,85652400
2022-08-31,375.5638122558594,381.3230000374987,375.43077674086555,380.07802891985665,76029700
2022-09-01,376.7422180175781,377.08433414493715,370.6789086257784,373.3874439782647,78740100
2022-09-02,372.76971435546875,381.62708880615634,370.95452075647603,380.4106274783638,99632100
2022-09-06,371.3631896972656,374.55638973388335,369.1393477426086,373.6155413307237,76637400
2022-09-07,378.0348205566406,378.8046111007957,370.831092685803,371.04965728307343,70964200
2022-09-08,380.5057373046875,380.96189225729813,374.55646510738865,375.7634427592099,80821700
2022-09-09,386.4169921875,387.2818246339176,382.4824816512308,382.74858171145684,76706900
2022-09-12,390.57000732421875,391.2922912350759,388.1845910416869,388.488713636019,69256300
2022-09-13,373.5870666503906,383.09068051072757,372.4656471755256,381.883702988719,122947100
2022-09-14,375.0126037597656,376.5331877578143,371.7053357392143,374.8890521407821,85023700
2022-09-15,370.7550048828125,376.305112280204,369.48152401791003,373.45402792521134,87633800
2022-09-16,367.9266052246094,368.5850507518187,364.63437758856276,366.57156451779605,103084800
2022-09-19,370.77978515625,370.77978515625,364.70111961719556,364.77747715242447,73278500
2022-09-20,366.5237121582031,368.4608693228223,363.7659009113071,367.44935055441204,77274900
2022-09-21,360.13018798828125,371.5050138173394,360.12063601648464,368.4513532726731,106746600
2022-09-22,357.10516357421875,360.9985532046951,356.36083780125125,359.35721571534805,89472600
2022-09-23,351.1218566894531,353.6697282090651,346.67497780988714,353.63154945078173,122346900
2022-09-26,347.6484069824219,353.2785667174396,346.4269485005134,349.652370039799,92581200
2022-09-27,346.76092529296875,353.459857136267,344.3657100991575,351.18870108949443,108294100
2022-09-28,353.58392333984375,355.27296245080464,346.01660643811806,347.71519752115427,110802200
2022-09-29,346.19793701171875,350.32034122123895,343.2492605532847,350.034073262893,112952300
2022-09-30,340.844482421875,349.17522920833704,340.7109004194997,345.25318357199444,153711200
2022-10-03,349.8431701660156,351.6944470852205,342.78161312339256,344.5660844856892,89756500
2022-10-04,360.68365478515625,360.7122815791371,349.8050362444443,355.3683901017397,103602800
2022-10-05,359.8438720703125,362.10547600581526,353.9846987017383,356.3131081925854,88065700
2022-10-06,356.13177490234375,361.39930818363916,355.6355383734306,358.4410803172353,82333500
2022-10-07,346.19793701171875,356.21772325997466,344.43254027693825,352.09528992858685,107789500
2022-10-10,343.5545959472656,347.5529700367685,341.31209570408595,347.3144037026543,76042800
2022-10-11,341.3788146972656,346.4268856317471,339.441657555121,341.85594728520135,92482800
2022-10-12,340.25286865234375,343.36378317495866,340.00475032937624,341.7892510895263,76991800
2022-10-13,349.2324523925781,350.7020290219594,332.18925999717504,333.23895758959026,147254500
2022-10-14,341.27386474609375,353.3262387618921,340.6344942548241,351.6944243183575,123737000
2022-10-17,350.0436706542969,351.1506221066431,340.93996981339313,347.36218698301394,93168200
2022-10-18,354.1564636230469,358.27889645424324,350.71155095897484,357.97352458781444,97162900
2022-10-19,351.646728515625,354.84352278104876,348.83163450834223,352.11430914770796,79746900
2022-10-20,348.69805908203125,355.6260339289677,347.9346294295258,351.1982293100266,88283100
2022-10-21,357.1719665527344,357.65862205185954,346.91361459894165,348.4213409562037,131038400
2022-10-24,361.5425109863281,362.6780890904026,356.0459332134546,358.69881886172783,85436900
2022-10-25,367.3157958984375,367.63069061993605,361.351638036336,361.46614520779,78846300
2022-10-26,364.54840087890625,369.85411334727513,363.90905946867207,364.16670060269513,104087300
2022-10-27,362.6017150878906,367.3921160917615,361.9814193866082,365.55039117436706,81971800
2022-10-28,371.228271484375,371.70540412790007,362.31543719795053,362.49674993223925,100302000
2022-10-31,368.54681396484375,370.6366574184391,367.6402793522776,368.7663054799875,96631300
2022-11-01,366.9341125488281,372.53567477828875,365.7603847722544,372.2971084338641,85407600
2022-11-02,357.7254333496094,370.85613338006743,357.62047814363854,366.3424479641309,126990400
2022-11-03,354.04193115234375,357.08603938395083,351.9234613034175,354.48088497780066,87100100
2022-11-04,359.13775634765625,361.5424944523819,353.07816578614245,359.75802297669105,103505200
2022-11-07,362.5730895996094,363.16472938893213,358.3552244250396,360.435515659066,68286900
2022-11-08,364.529296875,367.50659956170625,360.44504309059437,363.679986890698,84641100
2022-11-09,357.019287109375,363.7086962893126,356.52305050737357,362.55401428993724,78495500
2022-11-10,376.638916015625,376.9729146439448,368.0028280194402,370.30258141366954,141455800
2022-11-11,380.2843017578125,381.08588117365133,375.608378149284,377.49783406496215,93839900
2022-11-14,377.0492858886719,381.8778657875463,376.77254080840333,378.5188625471577,71903500
2022-11-15,380.26513671875,383.9104368342091,376.4480758536066,382.80348568869397,93194500
2022-11-16,377.36419677734375,379.5876219491824,376.7343782310451,378.6333567193718,68508500
2022-11-17,376.20953369140625,376.88708300619,372.2970693510568,372.60241210724644,74496300
2022-11-18,377.9176330566406,379.6162238896307,375.0643895252909,379.5494183386701,92922500
2022-11-21,376.5435485839844,377.7173054097724,374.70182350827446,376.59127932303574,51243200
2022-11-22,381.61065673828125,381.7728946397623,377.07789693039774,378.49021994388283,60429000
2022-11-23,384.0154113769531,384.5020668220049,381.0476314864747,381.2766458135579,68261600
2022-11-25,383.9295654296875,384.4830556409012,383.17571677097555,383.45243275471506,30545400
2022-11-28,377.80316162109375,382.47905555883773,377.03973194191514,380.83771815093434,67881600
2022-11-29,377.1542663574219,379.1295732981502,375.312512286855,377.9367417321205,52310000
2022-11-30,389.0347900390625,389.0347900390625,375.4842430552465,377.4022961086095,144566700
2022-12-01,388.7485656738281,391.2487358630156,386.2388435135502,390.07497917155587,76398200
2022-12-02,388.300048828125,389.20658327820155,383.7482143923798,383.8531695839399,85342700
2022-12-05,381.31488037109375,386.41065374736974,379.9598399084257,385.47549236036787,77289800
2022-12-06,375.8183288574219,381.69660720336174,373.72851442805074,381.1526980591558,77972200
2022-12-07,375.178955078125,377.54554354532956,374.04337702250234,374.96901554376115,65927900
2022-12-08,378.1180419921875,379.1868143806111,375.2838731198775,377.06837354618364,60737900
2022-12-09,375.2934875488281,379.43499580414664,375.16942838990695,376.8775715745364,81447700
2022-12-12,380.7041320800781,380.7041320800781,375.41749445562255,376.0854626556509,75405800
2022-12-13,383.5860290527344,391.71635903607296,380.8186654692543,391.4587178854205,123782500
2022-12-14,381.1335754394531,386.9545999060633,378.1848989989114,383.2424937114521,108111300
2022-12-15,371.81036376953125,377.17332966722427,370.1499515992905,376.2667660559643,117705900
2022-12-16,367.4207458496094,370.59386612148,365.2829810609633,369.2517657317392,119858000
2022-12-19,364.3050842285156,367.9479610000422,362.6370475272463,367.6124286419873,79878100
2022-12-20,364.8036193847656,366.4237355185501,362.22485603598886,363.5477938735729,74427200
2022-12-21,370.2583923339844,371.38958923394796,366.8647723784969,367.40161257697446,78167400
2022-12-22,364.9762268066406,370.2391914907207,359.27226326962426,367.2098622997301,100120900
2022-12-23,367.07562255859375,367.21941379519086,362.39741929068407,363.950423157118,59857300
2022-12-27,365.6280517578125,367.3056844290648,363.9504190865602,366.96058546509136,51638200
2022-12-28,361.0840759277344,367.53578243852644,360.8540099500132,365.5609421925815,70911500
2022-12-29,367.58367919921875,368.45605164881476,363.4039622569558,363.93123576240765,66970900
2022-12-30,366.615478515625,366.75926975895635,362.7808893302895,364.89952091921486,84022200
2023-01-03,365.072021484375,370.4500180533657,362.2056465586836,368.4752072280289,74850700
2023-01-04,367.8904724121094,369.9227998702252,364.2859494452824,367.33444063245616,85934100
2023-01-05,363.691650390625,366.0499147712704,363.09729369153195,365.93488176571645,76970500
2023-01-06,372.0318603515625,373.1534906525759,363.7204039949203,366.78805804101853,104189600
2023-01-09,371.8209533691406,377.419479732033,371.63883728473166,374.2271676198182,73978100
2023-01-10,374.4284362792969,374.4955486092587,370.29666890331214,371.2361537559992,65358100
2023-01-11,379.1641540527344,379.2408622167289,375.19536960600243,376.0102256287862,68881100
2023-01-12,380.54461669921875,382.0113458697923,376.19237910493234,380.26663005159156,90157700
2023-01-13,382.02099609375,382.5961903957007,377.0743719059296,377.3427920127603,63903900
2023-01-17,381.32110595703125,383.6793992551705,380.64047460135316,382.00176656830166,62677300
2023-01-18,375.30078125,383.5739112290624,375.09947353048597,382.5098268846119,99632300
2023-01-19,372.5686950683594,374.9077675297641,371.2457571335137,373.2588930285292,86958900
2023-01-20,379.50927734375,379.66266441415144,372.31942298138915,373.96829741871426,91806400
2023-01-23,384.0628967285156,385.99935386476415,379.3559346776604,380.31458203818664,84178800
2023-01-24,383.6506652832031,384.56136267462904,381.1965305092897,382.38524381226813,59524900
2023-01-25,383.7944641113281,384.12999652768013,377.28524055423935,379.57642171380235,84800300
2023-01-26,388.0124816894531,388.1754645974599,383.4876654146606,386.4594777963223,72287400
2023-01-27,388.9040222167969,391.28147800741476,386.7566616675893,386.967565239786,68346200
2023-01-30,384.0245361328125,388.3768032673917,383.7273577965346,386.14313857209555,74202000
2023-01-31,389.6709899902344,389.71891065606565,384.19709249266276,384.5422207556733,86811800
2023-02-01,393.8123779296875,396.56372080586067,385.71182417732734,388.45354196119087,101459200
2023-02-02,399.5450134277344,401.01174260046105,395.8062948752539,397.704397771963,101654500
2023-02-03,395.2981872558594,399.72713273402843,394.09028239614366,394.56960600643197,94736800
2023-02-06,392.88238525390625,394.2820312874674,391.2239442533102,392.8440604283562,60295300
2023-02-07,398.0207824707031,399.2670122823971,390.7158945853212,391.9621243970152,90990700
2023-02-08,393.66851806640625,397.38807436741587,392.9782908223468,396.0459739638543,76227500
2023-02-09,390.25567626953125,397.42636769460404,389.0286090516376,397.27298063541855,78694900
2023-02-10,391.1664123535156,391.5498653830581,388.26171250273467,389.0765392196659,70769700
2023-02-13,395.7583312988281,395.8925559564968,391.358143932513,391.8183051444725,64913500
2023-02-14,395.5762023925781,397.8865164448738,391.61698469819703,394.2340728818384,88389300
2023-02-15,396.86077880859375,396.93745771221506,392.5372705702228,393.3808847880114,61555700
2023-02-16,391.39654541015625,395.835087395517,391.2623499918296,391.8854649285943,76431500
2023-02-17,390.418701171875,390.6583629922171,387.34142233465536,389.26831273199565,89257800
2023-02-21,382.5865478515625,387.44689668905306,382.3277236123021,386.39237880681736,82655900
2023-02-22,382.05938720703125,384.5422807497291,380.6022242667975,382.9988430441816,83742300
2023-02-23,384.0916442871094,385.56796937278995,379.8640060342025,384.95442103644666,96242400
2023-02-24,379.9886169433594,380.8226354035622,377.36193273433554,379.0683237378521,108194400
2023-02-27,381.2827453613281,384.69552690942936,380.34326061280535,383.3342350701894,80444700
2023-02-28,379.8735656738281,382.76866981415725,379.7680992642455,380.8034546692743,96438600
2023-03-01,378.4164123535156,380.285786224129,377.11266611466596,379.05871889408525,99706800
2023-03-02,381.35943603515625,382.20305024263513,376.1060389057773,376.4415712731506,85127800
2023-03-03,387.4756164550781,387.7248740903768,382.5289933624495,383.18086644105557,90120000
2023-03-06,387.74407958984375,390.60085911261217,387.3031100177366,388.3000821585358,72795900
2023-03-07,381.8004150390625,387.93578060753197,381.18689603557027,387.69611880425083,108310600
2023-03-08,382.423583984375,383.18089426793244,380.18991944950625,381.9155020986243,74746600
2023-03-09,375.3678894042969,384.87768235160564,374.38048397400695,383.20961635596575,111945300
2023-03-10,369.9515686035156,376.901761257044,368.4273229667233,374.82148382483746,189253000
2023-03-13,369.4242858886719,374.24630958503957,364.90906558564376,366.0210998932848,157790000
2023-03-14,375.5309143066406,377.1797888194533,371.0444227448801,374.3517676052174,149752400
2023-03-15,373.18218994140625,373.38349766674736,367.8425178859198,369.9323910671056,172996900
2023-03-16,379.7297058105469,380.0748339949691,370.3158130995553,370.82389491517466,143254200
2023-03-17,375.28973388671875,379.533507168689,373.9040108000652,378.3979930571189,140553400
2023-03-20,378.8983154296875,379.3121292855333,375.3666692245707,376.06913373609086,93055800
2023-03-21,383.8734436035156,384.3545965453815,380.6689485650316,382.26637985609574,91524200
2023-03-22,377.32977294921875,387.31851343521214,377.29130185553555,383.70026302343734,111746600
2023-03-23,378.349853515625,384.2391613901428,375.636143615093,380.1974645439356,119351300
2023-03-24,380.8326110839844,380.91921510254883,374.7219619246639,377.069990985465,107682400
2023-03-27,381.544677734375,383.88310351821207,380.6497402466303,383.11324113581304,74010400
2023-03-28,380.6882019042969,381.5446388438139,378.85019419817775,380.85177745390115,62871700
2023-03-29,386.2215270996094,386.46210360467114,383.65215710396006,384.8550396292689,77497900
2023-03-30,388.4829406738281,389.1084336951085,386.61606470017716,388.85822473969705,69840000
2023-03-31,393.9584045410156,394.25671700401034,389.30081840141827,389.40668731548556,112062600
2023-04-03,395.4596862792969,395.86383837799394,393.0442886762133,393.4388376840606,67391100
2023-04-04,393.265625,396.3931196515644,391.8895050342017,396.10441021722386,66601500
2023-04-05,392.2359313964844,393.2944738697264,390.5807639021192,392.53424390704595,65200200
2023-04-06,393.7659606933594,394.0450376322365,390.3882575257403,391.437167451645,63743300
2023-04-10,394.1701354980469,394.2471364215444,390.6673570273508,391.2832175790923,63681000
2023-04-11,394.2760009765625,395.6809594619992,393.5061679518089,394.7956544202573,59297900
2023-04-12,392.6689147949219,396.63363981226826,392.0819222861502,396.3449304189456,86420400
2023-04-13,397.8846435546875,398.2406920585318,392.6111963601302,393.75634279356007,85814800
2023-04-14,396.9127197265625,399.44358917464797,394.6031912280039,397.24953269593004,78161500
2023-04-17,398.33697509765625,398.3562106467558,395.59439693756417,396.8261475266993,66436400
2023-04-18,398.5967102050781,400.04980148093387,397.220619845255,399.9150645614992,63560000
2023-04-19,398.5293884277344,399.43392897608123,396.62401213094887,396.68174813685937,55227300
2023-04-20,396.3546142578125,398.10601828904817,394.8052862710272,395.70985629299514,75840400
2023-04-21,396.66253662109375,397.1244246963598,394.7090566567866,396.65290416377644,73457400
2023-04-24,397.0763244628906,397.4997414469219,395.12284448225694,396.46043453439125,64332100
2023-04-25,390.7731628417969,395.661693208056,390.7154268377835,395.103539346267,97766700
2023-04-26,389.11798095703125,392.46681590055556,388.55985648339924,391.38903804302885,80447000
2023-04-27,396.8646240234375,397.1340685308111,391.40833604006144,391.65854499949717,92968400
2023-04-28,400.25189208984375,400.2615245465103,395.92151547329547,395.9792514788031,89433100
2023-05-01,399.8477478027344,401.8781992260224,399.61677440898023,399.8092473425676,62122300
2023-05-02,395.353759765625,399.1837478908785,392.4476064659251,399.1356149746384,103998500
2023-05-03,392.6400451660156,398.2695405891648,392.39946868953274,395.8541433677578,91531800
2023-05-04,389.8590087890625,391.91832822239473,388.5213894409254,391.59114772802405,94901900
2023-05-05,397.0763244628906,398.125234465571,393.2367329689119,393.4965450134205,87891800
2023-05-08,397.18218994140625,397.6633429667236,395.77723133030975,397.40353090526224,50046800
2023-05-09,395.4403991699219,396.55667765861574,395.2094551264847,395.63287211761855,49220100
2023-05-10,397.2879943847656,398.9142936957152,393.45800635276555,398.2791682813285,96142900
2023-05-11,396.5951843261719,396.8838643849846,394.5165998009732,396.4219762908843,70157100
2023-05-12,396.0755310058594,398.04827596600416,393.6505304091499,397.8365674670435,70481500
2023-05-15,397.44195556640625,397.8461075849292,394.766746430572,396.6817257085728,54289400
2023-05-16,394.7860412597656,397.2591747577228,394.77640880213,396.3353398421656,57705500
2023-05-17,399.57830810546875,400.18453618231763,395.1613273420889,396.8068622851723,87287000
2023-05-18,403.4275207519531,403.8509377054382,399.0394081133319,399.2607196795313,97177200
2023-05-19,402.8404846191406,404.8613328497813,401.61836671819003,404.33207636027197,103793300
2023-05-22,403.0041809082031,404.5438765457276,401.6184577711563,402.8598408662715,60745400
2023-05-23,398.48126220703125,402.9367433972177,398.08671324851565,401.35854756315524,86383500
2023-05-24,395.5943298339844,397.2591296170941,394.4299479150844,396.8742131296412,89213700
2023-05-25,399.02020263671875,400.47329418750155,396.864646455889,399.1068066582074,90961600
2023-05-26,404.1877136230469,404.90944304818487,399.5975250513779,399.6744966018046,93830000
2023-05-30,404.3417053222656,406.6512337191027,402.955982410714,406.1219771957275,72216000
2023-05-31,402.09954833984375,403.41790279671176,400.5309849376734,402.51333285149997,110811800
2023-06-01,405.919921875,406.9784643429913,401.07952389464964,402.33050994129945,88865000
2023-06-02,411.78997802734375,412.5790465929496,407.9696222034908,408.49887873292437,91426200
2023-06-05,411.0008544921875,413.4258547804784,410.298360615152,412.13636840253633,65460200
2023-06-06,411.8958435058594,412.4251000685976,409.93273100728186,410.5871214183071,64022200
2023-06-07,410.47161865234375,413.42590516438145,410.04820165667223,412.2903911156484,85373300
2023-06-08,412.9543762207031,413.40666121291997,409.7691457275,410.53897877639116,61952800
2023-06-09,413.69525146484375,415.7064670332079,412.7040776801046,413.7529874626156,85742800
2023-06-12,417.44830322265625,417.5253041431819,413.9551573440261,414.6768867959098,76104300
2023-06-13,420.20050048828125,420.8452289997208,418.2470206735575,418.9110140981565,95899700
2023-06-14,420.7009582519531,422.51009835206776,417.24628300428765,420.53738266663987,100612100
2023-06-15,425.9166259765625,427.1676119841462,419.7867416783568,419.8829487810575,110303100
2023-06-16,424.4658508300781,428.4742491472454,423.99257880127806,427.9043831698667,114165800
2023-06-20,422.263671875,423.41307214231983,420.1870344889163,422.52447850076925,76160400
2023-06-21,420.1001281738281,422.0801716964907,419.510925655376,421.27850373439446,76982300
2023-06-22,421.6165466308594,421.722779347334,418.80583057108225,419.14389467353715,70637200
2023-06-23,418.42913818359375,420.2160232388723,417.71439595201736,418.158692787078,92074500
2023-06-26,416.719482421875,419.78130707914215,416.47801229853,417.8592143297431,72823600
2023-06-27,421.28814697265625,421.90629521825156,417.1445110170716,417.59847607026,72813700
2023-06-28,421.5006408691406,422.514803688603,419.58818670737986,420.2063349514927,75636000
2023-06-29,423.16192626953125,423.3261389375307,420.67963558379535,421.08528892018165,67882300
2023-06-30,428.155517578125,429.1407051013052,426.0595438710738,426.3783009507995,104964000
2023-07-03,428.64813232421875,428.92821645735074,427.5277073626863,427.8078209721531,32793400
2023-07-05,428.0106201171875,428.7446987114959,426.8225765200303,426.83224475721846,58418400
2023-07-06,424.6590881347656,425.0840779768898,422.14779256121534,424.4272862122754,80658300
2023-07-07,423.5868835449219,427.5373607483118,423.3454134187473,423.66417049204466,86134200
2023-07-10,424.6590881347656,424.8329395766333,422.65970812427327,423.2295741679538,62443500
2023-07-11,427.363525390625,427.85613393293494,424.4465765671181,425.422125413234,64463800
2023-07-12,430.802001953125,432.21220867974904,429.72988876678727,431.15940249157063,91924500
2023-07-13,434.22125244140625,435.0132815571351,432.18325865422753,432.617887210663,72425200
2023-07-14,433.9508056640625,435.9598242076378,433.18775178790105,435.1098740968055,69815800
2023-07-17,435.4575500488281,436.51035622999115,433.75759097947645,433.80590268905246,52680200
2023-07-18,438.6932373046875,439.3403606896483,434.6944781535629,435.12913614001786,80668200
2023-07-19,439.6688537597656,440.8568680135883,438.61601798371265,439.48533409064345,65891700
2023-07-20,436.7518615722656,439.5722457578469,436.0371193951603,438.6739839174844,70591600
2023-07-21,436.7518615722656,438.6739839174844,436.74222281063936,438.47112777830426,71275600
2023-07-24,438.70294189453125,439.5142779903244,436.867745334165,437.9012445599851,54023400
2023-07-25,439.900634765625,441.15626767500714,438.3841952460214,438.4325069587421,55191200
2023-07-26,439.9682312011719,441.39771546076753,437.91090104233945,438.96370723872633,71052900
2023-07-27,437.0512390136719,443.764119987392,436.1433090250335,443.3584372254405,92194400
2023-07-28,441.3301696777344,442.1608128318353,437.0512962860115,440.3256456163928,80011800
2023-07-31,442.17047119140625,442.52784228350436,440.48981896786944,441.80343186125066,62040400
2023-08-01,440.9051818847656,441.64889932682564,439.94894005773267,440.70232573811046,55291500
2023-08-02,434.77178955078125,438.0461090832154,434.01840394785836,437.78533196247287,93933400
2023-08-03,433.5258483886719,435.4093273640729,432.1060027164115,432.75315569310766,64276100
2023-08-04,431.5650634765625,437.44727217935485,431.0434797536367,435.3416597654818,100128900
2023-08-07,435.33197021484375,435.4865146243049,432.7047742066685,433.4002093110776,58357500
2023-08-08,433.43890380859375,435.32238270202885,430.07762882885913,432.7917508600607,71361300
2023-08-09,430.5412902832031,433.87359024306414,429.7782363330844,433.7093775665813,78789600
2023-08-10,430.69573974609375,436.2881956069427,429.52703269634964,432.8979459150622,93005500
2023-08-11,430.44464111328125,431.4588333292262,428.22312774254544,428.82196893936987,68690900
2023-08-14,432.82073974609375,432.82073974609375,429.21802398769285,429.52711285274876,47867400
2023-08-15,427.77886962890625,431.40092184966306,427.2089741403311,431.0435212704258,75707500
2023-08-16,424.6398010253906,429.02487813838394,424.5335388217128,427.36356217125825,80107200
2023-08-17,421.404052734375,426.3686636613096,420.8824689600864,426.10788651233355,95711300
2023-08-18,421.60687255859375,422.6403718520157,418.23595877170976,418.5836616313642,98852000
2023-08-21,424.3500061035156,425.09372360106846,420.4671764574395,422.62107146680034,68719000
2023-08-22,423.2005920410156,426.1272091701829,422.64039424533416,426.1272091701829,64994200
2023-08-23,427.9140319824219,428.53220964419495,424.1181287339091,424.263004912033,68441000
2023-08-24,421.98358154296875,430.0293538199984,421.95457682823127,429.51743829068363,88517300
2023-08-25,424.9584655761719,426.24307373449807,420.1580380770201,423.71247141677657,102325100
2023-08-28,427.6532897949219,428.27143803085545,424.95847475635645,427.15101303461915,61595400
2023-08-29,433.83489990234375,434.1150135078099,427.3634885979469,427.5470082557006,83081900
2023-08-30,435.6218566894531,436.2593414780044,433.4679321528182,434.1730356635656,69053900
2023-08-31,434.98431396484375,437.3796788770793,434.8007943012341,436.2399468961714,66084600
2023-09-01,435.795654296875,438.19104870854676,434.337165211912,437.7081084262502,58944100
2023-09-05,433.9122009277344,435.6701107330132,433.8446116862524,435.35138309753785,55166200
2023-09-06,430.9952087402344,433.20708339429626,428.6674331394679,433.1008212089274,70758500
2023-09-07,429.6719055175781,430.34800411757396,427.6435507649289,427.99125356327005,70355400
2023-09-08,430.319091796875,431.85483833340237,429.3628794853081,429.72025057240546,61659700
2023-09-11,433.1492004394531,433.4582598533964,431.2367460917132,432.9463442747647,60180100
2023-09-12,430.7730712890625,433.2264162204621,430.1935665209915,431.7003378706483,67565400
2023-09-13,431.27532958984375,432.4343685526933,429.8940980148542,430.99521597971284,60199300
2023-09-14,434.99395751953125,435.6893927060478,432.4440481531944,433.74799281245487,83430800
2023-09-15,429.7530822753906,433.7368700991406,429.3169205591273,433.4073158311929,111848900
2023-09-18,430.00506591796875,431.30390776198857,428.9679210789831,429.4428625408151,55752200
2023-09-19,429.11334228515625,429.6755457068304,426.4284260494889,429.08426483784984,66514600
2023-09-20,425.1683044433594,430.7901603921495,424.96473276036625,430.3733738455972,82562600
2023-09-21,418.1409912109375,422.58031539562137,417.9859016455791,422.31861839300336,104095800
2023-09-22,417.20074462890625,420.7677155797648,416.7839285170148,419.16839709834846,100829700
2023-09-25,418.9552001953125,418.9939504024325,415.5529911707951,415.9891824335371,70874500
2023-09-26,412.8001708984375,416.6191660672769,411.96656825523684,415.91157553365485,96168400
2023-09-27,412.9649353027344,414.5352059296986,409.32043434886083,413.97300260416256,104705800
2023-09-28,415.35906982421875,417.035947852058,411.8211763569914,412.4124571151363,92258300
2023-09-29,414.3510437011719,418.5868254716406,412.8292551807975,418.4123608156291,115111300
2023-10-02,414.1862487792969,415.436637965525,411.4237734247356,413.51743802249865,83798600
2023-10-03,408.6419372558594,414.2444181473067,407.27523825202337,412.00536625897985,103760600
2023-10-04,411.6176452636719,412.3639860114544,407.64356048210016,409.1071941153402,87453000
2023-10-05,411.46258544921875,412.3058609268304,408.23487076244464,411.3268709869175,70142700
2023-10-06,416.34783935546875,417.8890032207543,407.6824051089105,409.01032450086836,113273300
2023-10-09,419.0133056640625,419.5851817448939,413.89546879833836,414.44794019758774,80374400
2023-10-10,421.1942138671875,423.79189736248946,419.245936455557,419.64334789466267,78607300
2023-10-11,422.9195251464844,423.17151977952034,419.8759482263836,422.2604167519184,62451700
2023-10-12,420.34124755859375,423.90821868639375,417.9858858829249,423.5302119190894,81154200
2023-10-13,418.24755859375,423.0455435777595,416.67731756779995,421.8436069564154,95143100
2023-10-16,422.6481628417969,423.7143850912576,420.25402134631616,420.49634324027045,75433200
2023-10-17,422.62872314453125,424.68363748247594,419.1683892665842,419.51731856642147,75324700
2023-10-18,416.9971923828125,421.81455273319096,415.91159504982164,420.85496751569167,93559800
2023-10-19,413.333251953125,419.5270131332278,412.65476846702256,417.714450283055,121323000
2023-10-20,408.25421142578125,413.4399055549237,408.14757441721036,412.8971069121286,123919900
2023-10-23,407.546630859375,411.4141082592817,404.9683224528733,406.72273053416484,92035100
2023-10-24,410.6192626953125,411.7727171708306,407.8180076603951,409.66935030950145,78564200
2023-10-25,404.72601318359375,408.9618247136512,404.21229195450024,408.9327472697519,94223200
2023-10-26,399.87957763671875,404.512771066671,398.9587721877273,403.65982284727204,115156800
2023-10-27,398.0670471191406,401.8666677426793,396.6421930828526,401.46925625442896,107367700
2023-10-30,402.826171875,403.882691656562,399.55967786827136,400.8585195147872,86562700
2023-10-31,405.3560485839844,405.67590044700427,401.48857130380884,403.39806888205027,79665200
2023-11-01,409.6791076660156,410.49330571448974,405.7922548569512,406.32538079437717,98068100
2023-11-02,417.5303039550781,417.68539350879695,413.4592845158063,413.4786596174057,94938900
2023-11-03,421.339599609375,422.8904655764815,419.71120365505175,419.8372157670484,100167800
2023-11-06,422.30889892578125,422.75476292041225,420.36062146659094,422.0956544795997,67831700
2023-11-07,423.5107727050781,424.1505059932791,421.1651135619809,422.3088656922616,64256100
2023-11-08,423.8209533691406,424.635151307966,421.51404441898217,424.11172778289733,61746000
2023-11-09,420.51568603515625,425.0034918992464,420.0891971681386,424.9647121167065,83174400
2023-11-10,427.0777893066406,427.38796843360757,420.5060206531149,422.59001262842264,89462200
2023-11-13,426.67071533203125,427.7756878254619,424.95508691156584,425.74020750909324,52236100
2023-11-14,434.9483642578125,436.2375035396276,432.38943121379657,432.61237797424354,97176900
2023-11-15,435.8692321777344,437.51703289700214,435.01625437389265,436.28601873814944,77327600
2023-11-16,436.4023742675781,436.7222261657172,434.3571620148054,435.42338430911985,66665800
2023-11-17,436.9450988769531,437.5557547047121,435.4911676985958,436.4119730300388,83133200
2023-11-20,440.3085632324219,441.1518386514175,436.6834077524104,436.69311009341754,69936200
2023-11-21,439.3489685058594,440.18257120218567,438.0792041489343,439.2617361737396,49244600
2023-11-22,441.045166015625,442.36341233286754,439.94989604168717,441.00641581534256,59394900
2023-11-24,441.3166198730469,441.51048921964684,440.7641484378246,441.0937026627971,29737400
2023-11-27,440.5218200683594,441.5007803874619,440.13408138085987,440.68658238826873,50506000
2023-11-28,440.9579772949219,442.25681906014256,439.57190319998205,440.13407696271906,62115000
2023-11-29,440.6477966308594,444.2438747206066,440.2504147680835,443.10979527762873,63146000
2023-11-30,442.38287353515625,442.7318324677561,439.4168557194586,441.4911454702114,79752700
2023-12-01,444.9999084472656,445.53300475365734,441.18091323402564,441.77216442546705,89183400
2023-12-04,442.6639099121094,445.019271433423,440.3860783753154,441.60739008872554,72430900
2023-12-05,442.5766906738281,443.5362758597069,440.8998126034742,441.2778489374918,69793500
2023-12-06,440.79315185546875,444.7478314713036,440.356960689027,444.7187540322277,69124700
2023-12-07,444.1565856933594,444.8059917006337,442.27616572968856,442.87711919802166,66995400
2023-12-08,446.066162109375,446.59925845337557,443.167972091833,443.4102939900714,83194400
2023-12-11,447.8011474609375,447.97564170163525,445.358553474564,445.5717979195869,65002200
2023-12-12,449.84637451171875,449.94330918636626,446.45386796122364,447.45223299144266,68327600
2023-12-13,456.0497741699219,456.3017983886153,449.86571511357835,450.22434675999136,93278000
2023-12-14,457.51348876953125,459.1806647676896,454.838245298453,457.98843026855417,119026000
2023-12-15,456.76019287109375,458.0935259013231,454.9110854127139,456.91591124762226,141553700
2023-12-18,459.3294677734375,460.3124269591709,457.30518842783584,458.3659919459903,70375300
2023-12-19,462.1225280761719,462.2004020971749,459.7965540277921,459.8743983485583,55761800
2023-12-20,455.7187805175781,463.1541458673366,455.2905624937439,461.26610177140515,102921000
2023-12-21,460.0398864746094,460.31238616429494,456.28325178797456,458.7065536605437,86667500
2023-12-22,460.9644470214844,462.64812393044707,459.06669078214355,461.16881437336167,67160400
2023-12-26,462.9108581542969,463.8159432234597,461.2953136791012,461.373187704544,55387000
2023-12-27,463.74786376953125,463.893840449239,462.1712562282074,462.70651395388256,68000300
2023-12-28,463.9230041503906,464.75995685713684,463.5045277970175,464.1079178321579,77158100
2023-12-29,462.5799865722656,464.2539217843669,460.62380998189565,463.72837604213146,122283100
2024-01-02,459.9912109375,460.9839117212058,457.8890577311239,459.5143439023402,123623700
2024-01-03,456.234619140625,458.570335093064,455.6312290704376,457.83068032303305,103585900
2024-01-04,454.7650146484375,458.34644746704663,454.54116395968543,455.75768568069975,84232200
2024-01-05,455.3878173828125,457.8403140998437,453.9377035201537,454.9693114035247,86118900
2024-01-08,461.88897705078125,462.0349537185437,455.7576897026201,455.8842127147601,74879100
2024-01-09,461.18829345703125,462.2101599071882,458.72605447786003,459.23211686361327,65931400
2024-01-10,463.7964782714844,464.6626560070687,461.17852110920177,461.4607624691406,67310600
2024-01-11,463.5921325683594,465.3147167416708,459.6116768106503,464.7989126874992,77940700
2024-01-12,463.91326904296875,465.7818595429952,462.502121615046,465.04220480544996,58026400
2024-01-16,462.21014404296875,463.8451421871986,460.39023221216354,462.53132242501596,85014900
2024-01-17,459.640869140625,460.1274778564824,457.28566988777015,459.18345575970955,68843900
2024-01-18,463.7283630371094,464.28310409945385,459.7673906749951,461.314802822399,91856200
2024-01-19,469.5093078613281,469.79154925027024,463.7770722736198,464.85732943436926,110834500
2024-01-22,470.50201416015625,472.2245984500442,469.84994536440996,471.04701358634367,75844900
2024-01-23,471.8741760253906,472.1174803762762,469.956966252641,471.0469649925702,49945300
2024-01-24,472.39007568359375,475.6795260184098,471.8937252344452,474.7452454966969,81765000
2024-01-25,474.95928955078125,475.23178923650255,472.3900110425858,474.52132983790426,72525000
2024-01-26,474.35589599609375,476.02008943226616,473.5092016110277,474.53106799985125,76641600
2024-01-29,478.11248779296875,478.258494159002,474.12232032676826,474.66731967923187,61322800
2024-01-30,477.74267578125,478.45310543351826,476.9835377414516,477.4214974259143,58618400
2024-01-31,469.947265625,475.98119623389044,469.92778226707486,475.533524505223,126011100
2024-02-01,476.0979919433594,476.1271872790658,470.8425939142762,471.65038103588824,91891600
2024-02-02,481.11004638671875,482.7644982110768,476.1952805049677,476.53591254829524,99228200
2024-02-05,479.3582458496094,481.1392504253947,477.1004039249224,480.4774696836803,75757100
2024-02-06,480.74993896484375,481.0808293147646,478.871606822303,480.3022375794468,55918600
2024-02-07,484.75958251953125,485.1780588645302,482.092946704362,482.99806143919835,70556500
2024-02-08,484.9736633300781,485.35320264177267,483.9420553441325,484.75955433109493,52343600
2024-02-09,487.77655029296875,488.21448028265473,485.1391098762786,485.4797418906366,63979400
2024-02-12,487.56243896484375,490.0149359961155,486.84223792928447,487.747352637465,56502300
2024-02-13,480.8471984863281,483.77659211196044,477.5772025602381,481.28515815868167,113099200
2024-02-14,485.217041015625,485.70364975049426,481.1587110987094,483.4847151074999,68387800
2024-02-15,488.5649108886719,488.74982458371477,485.4408614304675,485.9177581862181,61683000
2024-02-16,486.13189697265625,489.40189361100556,485.3922421472117,488.2632457352468,75532900
2024-02-20,483.45550537109375,485.06130820828355,481.20737545898015,484.3897857981468,71736700
2024-02-21,483.8934326171875,484.0491509708409,480.3411949189208,482.15139479243277,59293400
2024-02-22,493.9078369140625,494.87131264849836,489.54781221335594,490.51131764803023,76402500
2024-02-23,494.24847412109375,496.4674086571224,493.51856105397593,495.6304262293698,61321800
2024-02-26,492.4382629394531,495.12435246871587,492.3117399253592,494.6863927584272,50386700
2024-02-27,493.3530578613281,493.5769085410792,491.2314511932456,493.1292368818132,48854500
2024-02-28,492.7010498046875,493.28495648375826,491.4358493661455,491.7959350516518,56506600
2024-02-29,494.4722595214844,496.08780389109205,491.81539515660484,494.4625475441177,83924800
2024-03-01,499.11456298828125,499.54278105732834,494.93948136543304,495.3482457768837,76844800
2024-03-04,498.5792541503906,500.42839094094944,498.28730081516426,498.31652584892447,49799300
2024-03-05,493.5964050292969,497.0221493633574,491.38721217314117,496.5744479650044,72855600
2024-03-06,496.09759521484375,498.3554668272533,494.8032290742474,496.8761572948693,68382400
2024-03-07,501.02203369140625,502.0731250869525,496.15594682375195,499.39677730974256,58652100
2024-03-08,498.0148620605469,504.34074613282087,497.4406672975321,501.6547157196658,86532500
2024-03-11,497.5865783691406,498.1705147342669,494.881035254285,496.80801634913047,62557200
2024-03-12,502.9393615722656,503.5232683044219,497.1778712794107,499.6985307075949,73114400
2024-03-13,502.1510009765625,503.43565519442245,500.7106580961506,503.26048317387085,55104100
2024-03-14,501.1583557128906,503.2799627018452,498.11218023321516,503.1242146399968,110171800
2024-03-15,497.7170715332031,499.54266772632866,496.0477073102581,498.08804798108406,107646300
2024-03-18,500.6750793457031,503.23282668542583,500.26507469946,501.78800868482955,88893300
2024-03-19,503.4573669433594,503.7404554386333,498.9763936514032,499.9819506807113,60755300
2024-03-20,508.114013671875,508.2507017437704,502.8423468084039,503.5159556369905,69594600
2024-03-21,509.79315185546875,511.65774627628207,509.51000378121233,510.95488123336787,60256100
2024-03-22,508.8266296386719,510.1933313859069,508.59228173040685,509.70521085081737,79070800
2024-03-25,507.42095947265625,508.5729170562345,507.2647274970631,507.4502157274298,48512100
2024-03-26,506.48370361328125,509.1879108526766,506.0834709315648,508.84619067556724,65463700
2024-03-27,510.7402038574219,510.7792916484105,507.14764260425625,509.3149295274711,82999800
2024-03-28,510.6424560546875,512.145845947325,510.3593675770243,510.7791441135719,96294900
2024-04-01,509.7541198730469,511.92140649600015,508.59239036798215,511.38448570971826,62477500
2024-04-02,506.5130615234375,506.6496900205949,504.20908677438206,505.9272809933223,74230300
2024-04-03,507.06939697265625,508.5728465002203,505.370746880242,505.41954702145455,59155800
2024-04-04,500.880126953125,511.4235209921689,500.5774945359362,511.08186037390533,96858100
2024-04-05,506.11273193359375,508.0749863325785,501.7977623960231,502.2370828649808,74546500
2024-04-08,506.3958435058594,507.8211772121714,505.58560615213537,506.8156796872345,48401800
2024-04-09,506.98162841796875,508.3776462974431,502.1296782746543,508.13358597756917,68049200
2024-04-10,501.90509033203125,503.8966008078219,499.9233518012494,501.2802817017724,82652800
2024-04-11,505.6930236816406,507.13784182494555,499.913691523377,503.42813657981105,70099000
2024-04-12,498.71282958984375,503.56474960986543,496.9848635757255,502.14918793409277,92561100
2024-04-15,492.4648742675781,503.05706721719804,491.6155194168172,502.8911229007107,92101400
2024-04-16,491.56671142578125,494.46614887048355,490.27806594091004,492.943215040187,73484000
2024-04-17,488.6575012207031,494.1928017122706,487.26148351067934,494.0268276061939,75910300
2024-04-18,487.65203857421875,492.15252641432477,486.7148552774961,490.0536135988177,74548100
2024-04-19,483.39569091796875,488.56975837513596,482.12655923369476,487.57400288126314,102212600
2024-04-22,487.8473205566406,490.4441260798556,483.65923689240304,486.00221013520326,67961000
2024-04-23,493.6363830566406,494.0659315908711,487.6617913619136,489.85833417865257,64633600
2024-04-24,493.402099609375,495.31552414024065,491.1762707245871,494.52477110173174,55928100
2024-04-25,491.5276794433594,492.28914639879576,485.6702321576898,487.3200821932215,69122400
2024-04-26,496.18438720703125,497.7658932650639,493.6852119906925,494.3197628446228,64306100
2024-04-29,497.9416198730469,498.61522873285696,495.1983842873063,497.97090591945084,46415400
2024-04-30,490.0536193847656,497.45351534342734,490.0536193847656,496.4772740416634,77483600
2024-05-01,488.4623107910156,496.1160385437577,487.9937042701267,489.4678380773352,80242800
2024-05-02,493.0310974121094,493.8706803453591,487.6812848525579,492.1720003799534,62550200
2024-05-03,499.1423645019531,500.37240813782097,496.4772153379588,499.0154483809272,72756700
2024-05-06,504.29693603515625,504.3359642334882,501.1046081667102,501.54392863434595,47264700
2024-05-07,504.85345458984375,506.2494725384783,504.17984569021877,505.2634592637331,52561300
2024-05-08,504.9022216796875,505.43914245784595,502.90093900562147,503.018083190491,42047200
2024-05-09,507.8113708496094,507.8504586322259,504.4336144152066,505.0876793386549,43643700
2024-05-10,508.4654541015625,510.22267621072865,507.24515269449853,509.4123793926299,52233200
2024-05-13,508.5338439941406,510.25203826517287,507.3916583240956,510.14466601949385,36716400
2024-05-14,510.8670959472656,511.38453247311674,508.19220413260575,508.72912496798625,57535900
2024-05-15,517.1930541992188,517.4859146210695,512.7023092523975,513.336889820599,59504900
2024-05-16,516.1290283203125,518.891807952925,515.9825682875961,517.290757880065,50244800
2024-05-17,516.8709716796875,516.9393157213522,514.7915729298934,516.246162943074,59187600
2024-05-20,517.4664306640625,518.930792527948,516.5975616577482,516.9880819887991,37764200
2024-05-21,518.7354125976562,518.8916445280207,516.4998421188823,516.704874183102,33437000
2024-05-22,517.2420043945312,518.7551666672649,515.0649455262945,518.0425295031816,48390000
2024-05-23,513.4639282226562,520.404990006262,512.253338882305,520.2976177568495,57211200
2024-05-24,516.8611450195312,517.6714419020187,514.3619699226733,515.3088952889863,41291100
2024-05-28,517.2224731445312,517.9058540671648,514.5866093486868,517.6715656559873,36269600
2024-05-29,513.6004638671875,514.7817371522767,512.8878268689698,513.1904592530791,45190300
2024-05-30,510.1933898925781,512.7218807717095,508.94383216366884,512.058043918065,46377600
2024-05-31,514.84033203125,514.9672481577884,506.0443890267406,511.15017117084983,90785800
2024-06-03,515.2601318359375,516.7342656913833,510.18366530067414,516.4511771729021,46835700
2024-06-04,515.8361206054688,516.5780734778808,512.4876203186922,513.9519821715993,34632700
2024-06-05,521.9669799804688,521.9865238759579,516.1681035996744,518.1596742180576,47610400
2024-06-06,521.9570922851562,522.6990451286446,520.0241537818829,522.2694966184689,30808500
2024-06-07,521.3225708007812,524.1341502130953,519.8874652579173,520.9808506310355,43224500
2024-06-10,522.933349609375,523.255525898201,519.916797584573,520.5122904328304,35686100
2024-06-11,524.1926879882812,524.2512600728273,519.4090826052437,521.3811087600108,36383400
2024-06-12,528.498046875,531.1924827586228,527.4632333413672,528.76165112863,63251300
2024-06-13,529.56201171875,530.4211086780596,526.7699763935087,530.2453924252503,44760900
2024-06-14,529.88427734375,529.9135335983043,527.0238379218912,528.0293950539849,40089900
2024-06-17,534.1016235351562,535.4977011129996,528.7420680092554,529.2009324320882,55839500
2024-06-18,535.4585571289062,535.585473259027,533.7403629842298,534.16013957423,41376400
2024-06-20,534.00390625,537.0497738552268,532.2271402161125,536.3859370269113,70328200
2024-06-21,533.2880249023438,534.4045446160707,531.828742363983,533.1803062748603,64338600
2024-06-24,531.5545654296875,535.6778223121559,531.4370433131713,533.111823139434,45528700
2024-06-25,533.6014404296875,533.9638101987721,531.260682360104,532.7787259572508,37936200
2024-06-26,534.2674560546875,534.9823921713983,531.8385861304241,532.4849577215607,38550600
2024-06-27,535.1097412109375,535.6876080791019,533.3860038559784,534.1303504208262,35041500
2024-06-28,533.0040283203125,538.9391939081404,531.76024266257,535.883439640916,76144500
2024-07-01,534.1009521484375,534.6298016081159,531.3390631933655,534.3849539324244,40297800
2024-07-02,537.6951904296875,537.6951904296875,532.4456716722078,532.4946292419814,40434800
2024-07-03,540.0947875976562,540.457157354787,537.3427022712717,537.3818563773293,32789900
2024-07-05,543.2092895507812,543.6108134486142,539.7618150479054,540.3984429341523,41488400
2024-07-08,543.8360595703125,544.7860397915607,542.7684974779849,543.9927357696513,36110500
2024-07-09,544.364990234375,545.6969473479489,544.0711849559792,544.7959245684453,27289700
2024-07-10,549.7515869140625,550.0943497431794,545.2953712492263,545.5891764995068,38701200
2024-07-11,545.0112915039062,550.7407626908513,544.3747234457534,549.8690906630567,53054200
2024-07-12,548.4490356445312,552.0531865568831,545.667599292853,546.1376877405125,53084400
2024-07-15,549.9573974609375,553.1991789293403,548.0965308512239,550.447092907991,40584300
2024-07-16,553.2185668945312,553.5123721227574,550.5154392403327,551.2695891404957,36475300
2024-07-17,545.4618530273438,548.9582849622979,545.1386373621594,547.2835053633577,57119000
2024-07-18,541.2700805664062,547.988746727991,539.0860582622142,546.9995524787638,56270400
2024-07-19,537.6755981445312,542.6607222501957,536.6178396332328,541.0349004931855,65509100
2024-07-22,543.2191772460938,543.8263948114603,539.6639835581032,541.6031583779978,43346700
2024-07-23,542.366943359375,545.2659012148495,541.8772480700306,543.1112299862826,34439600
2024-07-24,530.0755615234375,537.8519253696913,529.1549319575545,537.5483166712224,74515300
2024-07-25,527.313720703125,536.177254363603,526.3735438881854,530.1931317534066,61158300
2024-07-26,533.219482421875,535.9128068838628,530.3302678617441,531.1040247828195,53763800
2024-07-29,533.532958984375,535.7757424689108,531.5349634304656,534.767000996549,39515800
2024-07-30,530.829833984375,536.05980735921,527.421572998221,535.0020485169553,46853600
2024-07-31,539.4581298828125,542.0926929678205,536.2947173976487,537.6658283608423,65663400
2024-08-01,531.8189697265625,543.4345294348678,528.3127341764186,541.1819427118934,76428700
2024-08-02,521.9172973632812,525.9229716163323,517.705869778205,524.7085367838448,82789100
2024-08-05,506.7171936035156,512.7894282399624,499.75370979338373,501.0955002341847,146267400
2024-08-06,511.3887939453125,518.8321381322015,507.196973744527,508.5191270615222,84826300
2024-08-07,507.9707946777344,520.6343700428232,507.3733806496258,517.5786158200011,70698300
2024-08-08,519.7137451171875,520.3405097902447,511.08531467340157,513.1126009988247,63276600
2024-08-09,522.0055541992188,523.494247518684,517.6668596192271,518.8910982629249,45619600
2024-08-12,522.2796630859375,524.6889257907327,520.0074696393324,523.2002926739822,42542100
2024-08-13,530.8690185546875,531.1041225821112,525.2277772193205,525.4726249427702,52333100
2024-08-14,532.5436401367188,533.7287242856177,528.9884474672805,531.6621646835201,42446900
2024-08-15,541.6715698242188,541.9555715802455,537.567920792545,538.1751381862979,60846800
2024-08-16,542.8860473632812,543.5814362683599,539.8989177341498,540.0555939415091,44430700
2024-08-19,548.0767822265625,548.0767822265625,542.4452860411917,543.2973511166235,39121800
2024-08-20,547.185546875,549.2814571312036,545.8437865187526,547.6262846058479,33732300
2024-08-21,549.0659790039062,550.5252615016209,543.2973537542563,548.2335208659752,41514600
2024-08-22,544.7566528320312,551.5732334533072,543.5422179587766,550.9660160166799,56121500
2024-08-23,550.5448608398438,551.4850973665338,545.8045838781815,547.9984691071246,50639400
2024-08-26,549.2324829101562,552.2881770773529,547.528352675827,551.5732410031779,35788600
2024-08-27,549.986572265625,550.4762675561165,546.8133563476018,547.9592265897197,32693900
2024-08-28,546.7937622070312,550.0747565964821,543.6009392739261,549.6438223396717,41066000
2024-08-29,546.8428344726562,552.0630042239653,545.6969639633883,548.7624619787401,38715200
2024-08-30,552.06298828125,552.5722906161151,545.6577940930898,549.212987410433,62700100
2024-09-03,540.7020263671875,549.2520879225416,538.18498513228,548.9190687874888,60600100
2024-09-04,539.59521484375,543.003474698696,538.135932544414,538.860671959339,47224900
2024-09-05,538.2828979492188,542.3865472945482,535.8246177750381,539.5365467142444,44264300
2024-09-06,529.2235717773438,540.2319142524223,528.3225490242058,538.6061519080256,68493800
2024-09-09,535.1488647460938,536.4221205223048,531.4957564364314,533.4251872668898,40445800
2024-09-10,537.4797973632812,537.8324234437913,532.1813200114981,537.0586665381934,36394600
2024-09-11,542.9937744140625,543.9144040618945,528.8318231688719,537.3916883108078,75248600
2024-09-12,547.567626953125,547.87123570908,541.348459526308,543.5716957640475,51819600
2024-09-13,550.4273681640625,551.4263657909838,547.9201304028155,548.1747815451495,39310500
2024-09-16,551.2403564453125,551.5047513186543,548.3609450381223,550.1629906749666,36656100
2024-09-17,551.4655151367188,554.9031859740162,549.2324757022386,553.4536471249235,49321000
2024-09-18,549.8299560546875,556.9696926491016,549.2716961893568,552.1216967889254,59044900
2024-09-19,559.2125244140625,561.0733907935877,556.3723270388496,559.2419348303403,75315500
2024-09-20,558.2457885742188,559.2871245583524,555.219996107625,557.843033129673,77503100
2024-09-23,559.6408081054688,560.2892222272916,558.0984411315784,559.3166610051752,44116900
2024-09-24,561.2421264648438,561.3010677532865,557.6072537825559,560.4365555490466,46805700
2024-09-25,560.0042114257812,561.8216774615664,558.8941007007465,561.0848814915315,38428600
2024-09-26,562.2245483398438,564.5921534543987,559.8668367278948,564.2679463720303,48336000
2024-09-27,561.4090576171875,564.1106429805404,560.377555197848,563.2952985697877,42100900
2024-09-30,563.6588745117188,564.2679545173111,558.0788790007499,560.3776493545987,63557400
2024-10-01,558.6093139648438,563.9535439565005,556.035444442894,563.3051897855821,72668800
2024-10-02,558.8450927734375,559.866821742494,555.3183290115846,557.715374727311,38097800
2024-10-03,557.8233642578125,559.7684865712154,555.5343678239607,557.3714411111998,40846500
2024-10-04,562.8924560546875,563.2657708110322,558.0983654622065,562.2735426407796,42939100
2024-10-07,557.8037109375,561.8905065573382,556.6543259021896,561.2420924631317,49964700
2024-10-08,563.0792236328125,563.67853004462,559.5033520489247,560.377637870892,37398700
2024-10-09,566.9793701171875,567.5393423690588,562.4701514366566,563.0693978961492,37912200
2024-10-10,565.9871215820312,567.4116060358193,564.3759797176003,565.6334738441669,44138100
2024-10-11,569.3763427734375,570.1131388058892,565.7709110163313,565.9084606662699,42268000
2024-10-14,574.032958984375,574.966246072679,570.5061351329805,570.9874990099419,36217200
2024-10-15,569.5728759765625,574.6027324678581,568.3546560789198,574.2981924836022,54203600
2024-10-16,572.0484619140625,572.5691599226542,568.767296964022,569.57286786976,30725400
2024-10-17,572.0975341796875,575.8011814159861,571.9108767867559,575.5948569414992,34393700
2024-10-18,574.298095703125,575.0839994048337,572.3234729286785,573.7872313147403,37416800
2024-10-21,573.35498046875,574.5534731315854,570.3782959703608,573.5710785054149,36439000
2024-10-22,573.050537109375,574.2097557683464,570.1622940232531,570.8204817447413,34183800
2024-10-23,567.8143310546875,571.4688706983893,564.3071746074978,571.0267810694698,49314600
2024-10-24,569.0424194335938,569.8479904569926,566.4194418066055,569.7693820750295,34979900
2024-10-25,568.8457641601562,574.1703862188206,567.9027036914881,571.2723100723214,47268200
2024-10-28,570.6043701171875,572.4512770786239,570.299830137409,572.3235609618828,30174700
2024-10-29,571.5278930664062,572.64777766843,568.2466677584584,569.641651710168,42899700
2024-10-30,569.7987670898438,573.0504911915006,569.0914117169528,571.0562011429839,41435800
2024-10-31,558.6289672851562,565.4958970216722,558.4324763422399,565.4271221936206,60182500
2024-11-01,560.9866333007812,565.4172428761593,560.5740443264921,561.2617325907157,45667500
2024-11-04,559.7783813476562,562.4210257711015,557.8922001113365,561.1242574334378,38217000
2024-11-05,566.547119140625,566.5863933486033,560.4759261934032,560.6920242782184,39478300
2024-11-06,580.6345825195312,581.508928254242,575.0840880526238,578.8270097230293,68182000
2024-11-07,585.1240844726562,586.1458133207747,582.5600487330294,582.6386570968723,47233200
2024-11-08,587.6587524414062,589.0832369047557,585.6742957423695,585.6742957423695,46444900
2024-11-11,588.2186279296875,589.6037779981073,586.4896037587446,589.2501303160354,37586800
2024-11-12,586.3914794921875,588.7393574916656,583.9059918696842,588.1401110548398,43006100
2024-11-13,586.6763916015625,588.6804555395651,584.4856702408568,586.8532154819194,47388600
2024-11-14,582.9039306640625,587.2854330583992,582.2163022724781,586.804069200042,38904100
2024-11-15,575.4378051757812,579.809474415934,573.5810644484284,579.337884096854,75988800
2024-11-18,577.7954711914062,579.1118465214918,575.0349444617987,575.8993966406199,37001700
2024-11-19,579.9076538085938,580.6346163861505,573.7480790226593,574.4161003090796,49412000
2024-11-20,580.1041259765625,580.3889988810581,574.3374733314436,579.9862433981077,50032600
2024-11-21,583.21826171875,584.6427460672937,577.1077952881657,582.953055915256,46750300
2024-11-22,585.02587890625,585.6546259064262,582.7074417987914,583.2084127301733,38226400
2024-11-25,587.0103759765625,590.281707390563,584.7213793724078,588.9653319760873,42441400
2024-11-26,590.075439453125,590.7434606979054,587.5408441710033,588.2579731618996,45621300
2024-11-27,588.2874755859375,590.2718722436573,586.7647756879834,589.8887838542881,34000200
2024-11-29,591.9419555664062,592.7278593888155,588.8277809402925,589.1028202958577,30177400
2024-12-02,593.0029907226562,593.6808455477146,591.8633791521069,592.3545765627109,31746000
2024-12-03,593.2780151367188,593.5236138358292,591.73570807165,592.7672106157903,26906600
2024-12-04,596.9619140625,597.2075127280552,594.2996629026728,594.9676840777096,42787600
2024-12-05,595.9796142578125,597.7675800229049,595.6259665136723,596.9620090763937,28762200
2024-12-06,597.109375,598.3472020292826,596.333304701608,596.7458937244957,31241500
2024-12-09,594.034423828125,597.1584317989794,593.445010988573,596.9914414878755,34742700
2024-12-10,592.1875,595.1346840344664,591.5293123546073,594.7122615181331,37234500
2024-12-11,596.7655639648438,597.7184581352288,594.8400485801485,595.115147903942,28677700
2024-12-12,593.6906127929688,596.4707466548862,593.6906127929688,595.9010008938557,31543800
2024-12-13,593.57275390625,596.4413297893211,592.1973772710232,595.7242008087076,35904700
2024-12-16,596.1073608398438,597.0799821268581,594.5552201188243,595.331290479334,43695200
2024-12-17,593.6513061523438,594.5158183353977,592.2759894688432,593.5530906608857,55773500
2024-12-18,575.95849609375,595.7340497636445,575.5753477019516,593.3468374126793,108248700
2024-12-19,575.7815551757812,582.5601031255708,575.5359564813775,580.948961299734,85919500
2024-12-20,582.697265625,587.231466902458,572.6036351958548,573.4513839180992,125716700
2024-12-23,586.1867065429688,586.7879698949739,579.257197549177,582.4410536479828,57635800
2024-12-24,592.7020874023438,592.7415539521577,586.9554328723399,587.5370230202848,33160100
2024-12-26,592.7416381835938,593.8652919269226,589.5282423631364,590.9279213446937,41219100
2024-12-27,586.5020751953125,589.2324867459512,582.3128451341881,588.9958679237085,64969300
2024-12-30,579.8092041015625,583.2788920150762,576.0536844624783,579.4839659814963,56578800
2024-12-31,577.6997680664062,582.194563069081,576.0634704063194,581.4749602926895,57052700
2025-01-02,576.2803344726562,582.6775253068124,572.1995172748154,580.9624149327,50204000
2025-01-03,583.48583984375,584.1265095290074,578.0447499447286,579.129057366777,37888500
2025-01-06,586.8470458984375,591.1250155334773,585.1122021784661,587.7440676720806,47679400
2025-01-07,580.2132568359375,589.2028462645713,578.3897338233832,588.877548048508,60393100
2025-01-08,581.0609741210938,582.1354148697908,576.8323377526707,580.282291853868,47304700
2025-01-10,572.189697265625,577.5716476388544,570.2774344732991,577.5026413332764,73105000
2025-01-13,573.0768432617188,573.4316812597856,567.1231694250464,567.5372072518853,47910100
2025-01-14,573.8652954101562,576.635112947905,570.0801769152397,576.0042498383493,48420600
2025-01-15,584.303955078125,585.4473419377294,580.7751281246863,581.8889752343268,56900200
2025-01-16,583.1802368164062,585.8514484014332,582.4803673486446,585.6740294157521,43319700
2025-01-17,589.0353393554688,590.7898562052613,587.0934767089387,588.4242094250709,58070600
2025-01-21,594.4270629882812,594.4369296257112,590.1096871636119,592.0810894520482,42532900
2025-01-22,597.7686767578125,599.1289493146973,596.7041025475482,597.2560928487167,48196000
2025-01-23,601.0313720703125,601.0313720703125,596.8618747927997,597.1378398743527,41152100
2025-01-24,599.2767333984375,602.0466115435261,598.1234798327728,601.0904500891409,34604700
2025-01-27,590.7997436523438,591.1151752666312,586.1373960687419,586.3049484329972,70361100
2025-01-28,595.8761596679688,596.7139816946946,588.7100920787573,592.0319005940263,44433300
2025-01-29,593.204833984375,595.4916679771449,590.6518414168764,595.0874967960807,37177400
2025-01-30,596.3886108398438,597.9263022497843,592.130374590218,595.3240968992558,39281300
2025-01-31,593.2147216796875,601.2383441338676,592.4557124803268,598.8134974486875,66566900
2025-02-03,589.2225952148438,591.7065212004032,582.0466619706364,584.1954832564219,65857200
2025-02-04,593.17529296875,593.6878166788046,588.7396375989994,589.281761222817,33457800
2025-02-05,595.580322265625,595.7282015036632,590.021013481686,592.0515554519985,30653100
2025-02-06,597.650390625,597.7785366008171,594.0131505968404,597.3250923662002,35771500
2025-02-07,592.1797485351562,599.4344951653416,591.4700123634921,598.2122352633725,50788500
2025-02-10,596.2013549804688,596.8420848342793,594.1215398587573,595.3931329282537,26048700
2025-02-11,596.65478515625,597.1969087784863,593.8159609148958,593.93424024475,30056700
2025-02-12,594.732666015625,595.9056528588447,589.9520392250456,590.6321754646003,45076100
2025-02-13,601.0116577148438,601.2186766543514,594.5750592605841,595.8367256890687,40921300
2025-02-14,600.9820556640625,602.2535886001177,600.3610590723445,601.2186143347305,26910400
2025-02-18,602.7463989257812,602.7463989257812,599.6808827255115,602.145135650955,26749000
2025-02-19,604.1658325195312,604.4615308486234,600.8440242708047,601.3566081495158,31011100
2025-02-20,601.6522827148438,602.9336821985821,598.3403412349714,602.7956695963146,36554000
2025-02-21,591.3615112304688,601.5733600301725,590.8982004361474,601.4353474393176,76519800
2025-02-24,588.670654296875,594.4074426853949,587.960918125522,593.4118748152965,50737200
2025-02-25,585.7430419921875,589.3408752561445,581.129967827771,588.6114660308307,58266500
2025-02-26,586.038818359375,591.0067913230648,583.3971461439291,587.4089575799121,43321600
2025-02-27,576.6844482421875,589.4690234968429,576.290203877955,588.3157098294636,74196700
2025-02-28,585.6838989257812,586.2161558854355,574.1117771132394,577.1871598716435,88744100
2025-03-03,575.4227905273438,588.798762606637,571.6081318173137,587.6553155599406,74249200
2025-03-04,568.611572265625,577.0196322682823,564.0675042327628,571.4208567458912,109648200
2025-03-05,574.7229614257812,576.5169448984452,564.8856823224501,568.4440493526719,71230500
2025-03-06,564.5209350585938,571.8742272350298,561.9679425734266,567.2512863712917,80094900
2025-03-07,567.68505859375,569.1340707451673,557.5422141835529,562.7368791286215,81158800
2025-03-10,552.5643920898438,561.3962362827218,547.6457527585567,559.4741670846696,99326600
2025-03-11,547.970947265625,555.9551623983707,544.1267490127518,551.4012280579012,88102100
2025-03-12,550.8787841796875,555.0581473332891,545.7728595599632,554.1315858671662,69588200
2025-03-13,543.535400390625,551.1154458832376,541.8202897344504,550.5043158830474,74079400
2025-03-14,554.762451171875,555.7678855775432,543.6043071486545,548.1582415612112,62660300
2025-03-17,559.0404052734375,561.5637976935186,554.3089918436672,554.742702735982,49008700
2025-03-18,552.9981079101562,556.9409127203818,551.0661118946721,556.7240271713574,66041400
2025-03-19,559.0206909179688,562.7860764826731,553.5993346617712,554.7821880592443,66556000
2025-03-20,557.4041137695312,562.4114922780789,554.5554231088431,555.2750258330774,62958200
2025-03-21,557.5880126953125,558.4877328401925,551.7054963570508,552.9413292589383,83763000
2025-03-24,567.5736083984375,568.6314886589248,563.7375780431137,564.3307537296456,58766800
2025-03-25,568.93798828125,569.8771730865459,567.1880294433175,568.7797678649376,38355700
2025-03-26,562.1458740234375,569.7981425644431,560.7617168790538,568.6710483477373,51848300
2025-03-27,560.6528930664062,564.4296055114135,558.5371327368356,560.7517355574175,42164200
2025-03-28,549.3623657226562,559.8521624781242,548.7790863172526,559.120558969836,71662700
2025-03-31,553.050048828125,554.3550955683165,540.6719276036363,543.5984015371023,95328200
2025-04-01,554.6121215820312,556.559825628618,547.4047657676659,551.1320571376683,54609600
2025-04-02,558.1219482421875,560.9890444564371,548.52197624234,548.7592465118332,76014500
2025-04-03,530.6172485351562,541.7594774009829,530.6172485351562,538.9319060881811,125986000
2025-04-04,499.5533447265625,519.9099817661254,499.3358369172059,517.7349036725598,217965100
2025-04-07,498.6635437011719,517.2405628900261,476.33944038650816,483.64569927250346,256611400
2025-04-08,490.8531188964844,519.0300819148135,483.6160734043612,515.9454474877983,165816600
2025-04-09,542.4022216796875,542.4022216796875,487.4620158912083,487.84761031664465,241867300
2025-04-10,518.6345825195312,527.4534689848499,503.5475251856576,526.1385259148457,162331200
2025-04-11,527.8885498046875,530.3503195313269,514.1757514102393,517.0824330937988,97866300
2025-04-14,533.009765625,538.1113174755011,527.8093712828247,537.883883195208,68034000
2025-04-15,531.5169677734375,537.0732685211545,530.726046664157,533.5536182929557,56892900
2025-04-16,519.7023315429688,531.7937621429162,514.3931980244283,525.6541223320015,83484800
2025-04-17,520.44384765625,525.1499093262158,517.9721816819745,521.6599483491107,79868100
2025-04-21,508.05584716796875,515.7872249375157,502.6972625032136,515.2533065114334,69368100
2025-04-22,521.2743530273438,523.3011070538847,513.305704354498,514.2449494916972,75948100
2025-04-23,529.3517456054688,539.2483058984949,527.8292210770832,534.3049739114415,90590700
2025-04-24,540.4939575195312,541.2255608935037,529.3813584649887,530.6369235756985,64150400
2025-04-25,544.3992919921875,544.804618673288,537.5280483044934,540.454522631326,61119600
2025-04-28,544.6068725585938,547.2762839575454,538.8429907853031,545.1407910444296,47613800
2025-04-29,548.0375366210938,549.1547344204944,542.3329124899421,542.6888178923871,47775100
2025-04-30,548.2550048828125,550.2126052496137,535.382610300473,541.3640295279456,93101500
2025-05-01,552.1405029296875,557.6770710508032,551.5374308999284,554.0189932525213,63186100
2025-05-02,560.3364868164062,561.9381212948161,556.0061238656243,558.3294653880318,60717300
2025-05-05,557.1234130859375,560.2278400664005,555.3339293144951,556.194064255589,38659200
2025-05-06,552.466796875,556.9652171268149,550.64768441023,551.6066618961361,48264700
2025-05-07,554.7901611328125,557.4298834610689,549.738030089525,553.8014947566288,55588000
2025-05-08,558.6558227539062,563.8463212534109,555.333918196641,558.8337754612519,65130800
2025-05-09,557.9440307617188,561.0681900796083,556.3819209310694,560.0597310271954,37603400
2025-05-12,576.3826293945312,576.3925257137258,570.5000520977247,574.8798371188,78993600
2025-05-13,580.18896484375,582.403567726764,576.2342995973956,576.7977862928067,67947200
2025-05-14,580.930419921875,582.3046201283636,578.9036058641954,581.1478975288738,66283500
2025-05-15,583.7679443359375,584.2721134769878,578.4686469334371,578.9234551699535,71268100
2025-05-16,587.465576171875,587.7621640177526,582.6013544692614,584.5489982766968,76052100
2025-05-19,588.108154296875,588.7903364922698,581.4346564328234,581.4346564328234,68168500
2025-05-20,586.1307983398438,587.317209981726,582.917632829089,586.3681289429425,60614500
2025-05-21,576.2540893554688,585.8639582409971,575.2258980125081,581.7708648204313,95197700
2025-05-22,576.4815063476562,579.971467292194,574.8204937262445,576.0563267018498,70860400
2025-05-23,572.5465698242188,575.2159811048424,569.0763411937487,569.4520392436427,76029000
2025-05-27,584.4501342773438,584.6082943415249,571.8742669840636,579.4276923460704,72588500
2025-05-28,581.06884765625,586.0517646206928,580.3372442209068,584.8554566278126,68445500
2025-05-29,583.3626098632812,586.4769332279744,579.4277368161022,586.3385054465637,69973300
2025-05-30,582.7100830078125,584.430352826958,576.6297607292682,582.2552747565533,90601200
2025-06-02,585.9924926757812,586.0715425417425,578.429170462151,581.0985818518681,61630500
2025-06-03,589.3341064453125,590.3128764026674,585.1421107506463,585.6266079138771,63606200
2025-06-04,589.1759643554688,591.1730898063917,588.7409487228937,590.1943197189499,57314200
2025-06-05,586.3285522460938,592.2111289512687,584.3512195951713,590.8566609128592,92278700
2025-06-06,592.3494873046875,594.0203356126545,590.0952993819595,591.8748864905677,66588700
2025-06-09,592.8834228515625,594.4356362447949,591.7069074945726,592.9229477814916,53016400
2025-06-10,596.2449340820312,596.6304681071312,592.3001649023746,593.4173023897237,66247000
2025-06-11,594.54443359375,598.2025114763902,592.4781545343917,597.3423765043648,73658200
2025-06-12,596.9072875976562,596.9072875976562,592.7252483956809,593.2096852350186,64129000
2025-06-13,590.2338256835938,595.0288334634262,588.731033484191,591.7168252456129,89506000
2025-06-16,595.8494262695312,597.5993850121447,593.4172853343232,593.5952983788304,79984100
2025-06-17,590.7578735351562,594.9300168530282,589.9965810836336,593.4074922933922,82209400
2025-06-18,590.6688232421875,594.4059506456396,589.7097855095001,591.6574895866379,76605000
2025-06-20,589.2816162109375,594.4180406328666,587.8735160730708,593.3471074282096,94051400
2025-06-23,595.1022338867188,595.4889076465048,586.9116980815279,590.0351674928282,87426000
2025-06-24,601.6764526367188,602.737399696003,598.3347417480489,599.2470472798032,67735300
2025-06-25,602.0136108398438,603.4910690166892,600.4468830082857,602.7969444947229,62114800
2025-06-26,606.7236938476562,607.1599955272326,603.2531315625092,603.8679120398481,78548400
2025-06-27,609.7380981445312,611.2056913389495,605.692457719191,607.7252035075089,86258400
2025-06-30,612.6533813476562,614.0118537505704,609.867018033134,612.1873634601734,92502500
2025-07-01,612.455078125,613.625146088841,610.3429883405835,611.1758893553448,70030100
2025-07-02,615.2315063476562,615.2711481262035,611.4237773441516,612.0484833566157,66510400
2025-07-03,620.0803833007812,621.0124795190609,617.194824993195,617.214676143094,51065800
2025-07-07,615.4595947265625,618.7814549531971,612.6732314169623,618.1170465947881,74814500
2025-07-08,615.1224365234375,616.8775081543645,614.3093261623386,616.1238907210633,59024600
2025-07-09,618.8110961914062,619.4655183729625,615.6875662931247,617.5319680301938,66113300
2025-07-10,620.5563354492188,621.5974919629854,617.7699723301522,618.9499658515675,57529000
2025-07-11,618.3748168945312,619.6043777491163,616.3024294765994,617.5022136064131,63670200
2025-07-14,619.5547485351562,619.901780492049,616.5700558274259,617.9186024028506,51898500
2025-07-15,616.9072875976562,622.5791484786782,616.8279435196437,622.2420420602726,74317300
2025-07-16,618.9697265625,619.4754466932056,612.8516386863737,618.4937831556223,88987500
2025-07-17,622.757568359375,623.1145864157634,618.9300491320286,619.1482301954767,68885700
2025-07-18,622.301513671875,624.175571102461,621.1909387049365,624.007017899032,65621600
2025-07-21,623.4815063476562,626.2281670376054,623.0551302914085,623.4815063476562,63375000
2025-07-22,623.5707397460938,624.4334174667899,620.9232136557434,623.8087114591411,60046300
2025-07-23,628.8757934570312,628.8757934570312,624.4334327911965,626.2381323551606,70511000
2025-07-24,629.083984375,630.7994747941685,628.6576082944551,629.2624631630094,71307100
2025-07-25,631.7413940429688,632.2173979677802,629.5004535059064,629.748350781943,56865400
2025-07-28,631.582763671875,632.6734874729789,630.1945147233831,632.1181999979412,54917100
2025-07-29,629.9169311523438,633.2982235137306,629.0046860832861,632.9809077241022,60556300
2025-07-30,629.1236572265625,632.3165451544952,626.2281734095909,630.5713386132512,80418900
2025-07-31,626.763671875,634.4682782312485,625.4646925404661,634.0816044685715,103385200
2025-08-01,616.4907836914062,621.0719812920488,614.0812292944926,621.0322789916852,140103600
2025-08-04,625.8612670898438,625.9108344398344,620.3183179857707,620.4075271113948,73218000
2025-08-05,622.688232421875,627.2892207726588,621.7660617410078,626.476110377079,68051400
2025-08-06,627.457763671875,628.1121858315174,622.8468502662965,623.7590952688204,64357500
2025-08-07,626.9321899414062,631.6223868787783,623.8185857342208,630.8886206499576,74205800
2025-08-08,631.82080078125,632.2868791777582,628.4097315038053,628.727047311219,64051600
2025-08-11,630.5713500976562,633.5758942477272,629.3219380955197,632.0984361099556,58742300
2025-08-12,637.2844848632812,637.4431125105409,631.434084195598,632.9214680410968,64730800
2025-08-13,639.4659423828125,640.7549961752953,637.2745085703324,639.4857330110176,60092800
2025-08-14,639.5254516601562,640.1897994624859,636.9374184340268,637.3835851461316,59327500
2025-08-15,638.0281372070312,640.6558727131268,637.11589211782,640.5566774831647,68592500
2025-08-18,637.8892822265625,638.5834067295413,636.7787072305159,637.4529805837014,43804900
2025-08-19,634.4286499023438,638.6924711313014,633.1098193903536,637.7108075589789,69750700
2025-08-20,632.742919921875,634.2798709561484,627.6263466835007,634.0221086228163,88890300
2025-08-21,630.2044677734375,632.604096553562,628.4791123479844,630.9283690027011,54805800
2025-08-22,639.8823852539062,641.0623787509013,631.8901792096084,632.3958993542917,84083200
2025-08-25,637.0662231445312,639.8625116828326,636.9472372936925,638.6230253017661,51274300
2025-08-26,639.733642578125,640.0807351008626,636.1738713484165,636.7985773675441,51581600
2025-08-27,641.1912841796875,641.9250504526357,638.9998504138363,639.148612992103,48341100
2025-08-28,643.4619750976562,644.0172625669782,639.9121297324674,641.7961126896905,61519500
2025-08-29,639.6245727539062,642.3911452321481,637.7306640961879,642.0242015644989,74522200
2025-09-02,634.884765625,635.1028861742022,629.5797276837342,632.13804448044,81983500
2025-09-03,638.3256225585938,638.7917009543937,635.0732414506999,637.2646148509236,70820900
2025-09-04,643.6602783203125,643.6900550422279,638.09747828346,638.999797688006,65219200
2025-09-05,641.796142578125,646.7243720544352,637.9190556866993,646.0004708304714,85178900
2025-09-08,643.3727416992188,644.3742563254497,641.7861629025881,643.1644862104067,63133100
2025-09-09,644.8601684570312,645.3856792185645,641.7762803015634,643.5115612591451,66133900
2025-09-10,646.724365234375,649.0446498954948,645.1576374702139,648.122479271532,78034500
2025-09-11,652.0988159179688,652.7929404681626,648.092817304151,648.6778210448584,69934400
2025-09-12,651.8805541992188,653.5662677492645,651.3748946038203,652.0689585463732,72780100
2025-09-15,655.3511352539062,655.4800466805781,653.7943936028013,654.0918582328915,63772400
2025-09-16,654.4487915039062,656.213849113272,653.6654579201036,655.9063983981582,61169000
2025-09-17,653.6357421875,656.1543568928759,648.7967821934204,654.4587781451693,101952200
2025-09-18,656.6898803710938,659.2977648370164,654.7166275252608,656.3229972048737,90459200
2025-09-19,659.9423217773438,660.7874850308027,656.6311583459587,658.5800832029405,97945600
2025-09-22,663.0645751953125,663.5119788762895,658.4209716621773,658.4508309420254,69452200
2025-09-23,659.4551391601562,663.5617612775759,658.2320617574377,662.9452156846509,81708900
2025-09-24,657.3569946289062,660.8471316064555,655.9350982101993,660.7477220570149,68082200
2025-09-25,654.3242797851562,655.6765652531099,650.7048739536411,654.2149171420698,89622100
2025-09-26,658.072998046875,658.619871988132,654.1553026157394,655.7760789419195,69179200
2025-09-29,659.9224243164062,661.5134019828115,658.112721358766,660.5985670660314,73499000
2025-09-30,662.4082641601562,662.8756347075731,657.8641309647478,659.1766647693167,86288000
2025-10-01,664.6654052734375,665.5801794564833,659.3059076216911,659.4152702620313,72545400
2025-10-02,665.4309692382812,666.7733621981591,663.004842335434,666.6540464714482,56896000
2025-10-03,665.421142578125,668.8714672806448,664.377038831869,666.1966948783695,70494400
2025-10-06,667.8074951171875,668.7024238148077,665.669704301124,667.8174482099862,54623300
2025-10-07,665.3316040039062,669.1796881705657,663.8898014056139,668.7322238208072,72020100
2025-10-08,669.2990112304688,669.398481470165,665.6299006256374,666.4552183740389,60702200
2025-10-09,667.3600463867188,670.1243359074817,665.4211353124821,669.7166839203261,66501900
2025-10-10,649.32275390625,670.1342452495495,649.14378031214,668.324542434099,159422600
2025-10-13,659.2860107421875,661.3642043859337,656.0345659370097,656.9095884512618,79560500
2025-10-14,658.4805908203125,662.0602448848334,649.4718888267987,653.4492417720955,88779600
2025-10-15,661.4039306640625,666.4352795829697,655.1992699391986,663.0446129876665,81702600
2025-10-16,656.8995971679688,664.9239136533134,653.3895542222015,663.0445999065358,110563300
2025-10-17,660.62841796875,661.9906565438909,654.4138037793879,655.7660892614911,96500900
2025-10-20,667.499267578125,668.4041493887289,663.4921159142255,663.5418206897375,60493400
2025-10-21,667.4893188476562,669.1797060532549,666.1867381348511,667.638493864759,56249000
2025-10-22,664.0191040039062,668.1953369980629,659.5445816579371,668.1953369980629,80564000
2025-10-23,667.9566650390625,668.9012985038863,664.019063764971,664.3372592841532,65604500
2025-10-24,673.4155883789062,674.628651928334,671.8246714345047,672.6300829996666,74356500
2025-10-27,681.3603515625,681.658640907831,678.2580209918731,678.8645527756448,63339800
2025-10-28,683.1700439453125,685.0095454543999,680.9526890414517,683.1600908523567,61738100
2025-10-29,683.4982299804688,685.795149064121,679.0038013689816,684.8206562449755,85657100
2025-10-30,675.9810180664062,682.0564104652303,675.9810180664062,680.0279821977349,76335800
2025-10-31,678.1983032226562,681.2012239761448,675.3942622450203,681.1614116072222,87164100
2025-11-03,679.4711303710938,681.9171636388411,676.0903560257897,681.7878948104295,57315000
2025-11-04,671.4169921875,676.1103005794487,670.7607556049009,672.2820616639051,78427000
2025-11-05,673.7437133789062,677.0051112074705,670.3529860359731,671.1583975728993,74402400
2025-11-06,666.514892578125,673.5448715272548,664.9338680034818,672.6399897028363,85035300
2025-11-07,667.1710815429688,667.2805048704689,657.4663915648358,664.1284090392404,100592400
2025-11-10,677.5818481445312,678.3176487268574,671.2081667723378,673.4056154266486,75842900
2025-11-11,679.1329956054688,679.6997756663966,674.8871520395073,676.1002762110339,58953400
2025-11-12,679.5109252929688,681.0819968300743,677.0946904605516,680.9129156193362,62312500
2025-11-13,668.235107421875,677.0051787486752,666.7237544337754,676.6472315164618,103457800
2025-11-14,668.1256713867188,671.8345335183507,659.5147291242073,661.612768198211,96846700
2025-11-17,661.901123046875,669.8956413839408,658.4209391867944,665.9083353081996,90456100
2025-11-18,656.3427734375,661.354216097308,652.146634691611,658.3512953245886,114467500
2025-11-19,658.8783569335938,663.5617119214406,655.0203196831769,657.0388554539629,94703000
2025-11-20,648.8355712890625,671.7351497651099,648.1991802397498,669.1001291109939,165293500
2025-11-21,655.2987670898438,660.7874729698119,647.1650267848305,651.3412595795126,123956200
2025-11-24,664.9437866210938,666.2662734630499,657.8442577670318,658.9380055466532,80437900
2025-11-25,671.1982421875,672.3815071629971,660.717877921785,664.8444060411854,81077100
2025-11-26,675.8318481445312,677.8404309302599,672.8885849296569,673.7934667684052,71879600
2025-11-28,679.5208129882812,679.7991961322198,676.6471609574353,677.0051081523229,49212000
2025-12-01,676.41845703125,679.1230277654502,674.8970904760725,674.9667014318244,61201200
2025-12-02,677.67138671875,679.9483994968172,675.4838303983408,678.0591325179204,62953800
2025-12-03,680.0180053710938,681.0321891246488,675.8417725523884,676.7167950740063,57238500
2025-12-04,680.51513671875,681.4895687361658,677.4824173401821,681.4199577792665,61970300
2025-12-05,681.8078002929688,684.4925257185774,680.7040993957534,681.5890143183475,79241000
2025-12-08,679.7594604492188,682.7524282821314,677.7111260885928,682.7027235077143,55231500
2025-12-09,679.1727905273438,681.5095218770947,678.7253868572307,679.2822138612034,58310100
2025-12-10,683.6771850585938,685.0692222502689,677.4526176554032,678.6955405173951,85671300
2025-12-11,685.26806640625,685.3476304583654,678.3076987410943,681.2609148661827,86173700
2025-12-12,677.9000854492188,684.9797692517327,675.3247225627367,684.2737672143002,113160300
2025-12-15,676.8758544921875,681.8774049984522,675.4042533093998,681.8574988128718,90811000
2025-12-16,675.0264282226562,677.2239376857725,671.1584377196804,675.3843754405706,122030600
2025-12-17,667.5986938476562,676.5874893555698,667.3998140691156,676.0406154817738,110625200
2025-12-18,672.6399536132812,676.8857972779194,671.0788959983324,673.7635606688432,108650100
2025-12-19,678.7363891601562,679.2350273728672,674.6275542880097,674.747283458469,103599500
2025-12-22,682.96484375,683.4933686131409,678.7364013691785,682.0772531068674,69556700
2025-12-23,686.0863037109375,686.325640311278,682.0074163952171,682.0572680421344,64840000
2025-12-24,688.4996948242188,688.9484813838191,685.9267046355759,686.0763204450832,39445600
2025-12-26,688.4298706054688,689.7761694005526,687.392725060237,688.758988861415,41613300
2025-12-29,685.9765625,687.322922191004,684.2014421207446,685.6674092439482,62559500
2025-12-30,685.138916015625,686.6846823672308,684.7100944386586,685.5777200962995,47160700
2025-12-31,680.062744140625,685.4879304984822,679.8533550408816,685.2685588951464,74144800
2026-01-02,681.309326171875,684.999261161205,677.9684744567207,683.842447277036,89377200
2026-01-05,685.846923828125,687.5522884526621,684.5106074856512,684.6701449336617,71927200
2026-01-06,689.92578125,690.4344019511112,685.9067890249802,686.0563439630641,69273800
2026-01-07,687.701904296875,692.0699799720542,687.4426026835383,690.3047811958188,75588300
2026-01-08,687.632080078125,688.7390423054183,685.6175622141362,686.9439569075789,64019200
2026-01-09,692.1796264648438,693.4162394407576,687.3029303433501,688.7489932725086,80125500
2026-01-12,693.2666625976562,694.1941832506386,688.7490319805348,688.7988836287034,63976000
2026-01-13,691.8804931640625,694.194181802135,689.467040360938,693.595779418591,78309700
2026-01-14,688.479736328125,689.8360176539858,684.1714948792828,689.1180078469732,94676700
2026-01-15,690.3546142578125,693.5558934557131,689.3673203481677,692.678285342935,77862000
2026-01-16,689.7761840820312,692.359156800422,688.22043529661,691.7707369284135,79289200
2026-01-20,675.7345581054688,682.9049778344743,674.7272992054969,679.6338820353151,111623300
2026-01-21,683.5332641601562,686.8641332264262,676.2830453044572,677.7989248999835,127844500
2026-01-22,687.103515625,689.2476843606095,685.0491285530771,687.9711412752974,77112200
2026-01-23,687.352783203125,689.0781127396581,685.2884137823622,686.2757685331861,63059600
2026-01-26,690.84326171875,692.2394730275811,688.0409174669724,688.609372319757,60473800
2026-01-27,693.5957641601562,694.6329705879123,691.6810104865692,692.2893344912051,55506100
2026-01-28,693.5259399414062,695.9393926651097,692.0499903412962,695.1515053497095,61172200
2026-01-29,692.1497192382812,695.1615135683285,682.9648421722587,694.4933553961189,97486200
2026-01-30,690.0853271484375,692.3192774332931,685.2485609149509,689.9058246991844,101835100
2026-02-02,693.5159912109375,695.0318708971434,687.5423149981101,687.7019133171445,79286500
2026-02-03,687.6520385742188,695.0617950648859,682.1670182684101,694.3138377504575,107904600
2026-02-04,684.3211059570312,689.5667896413613,679.9031787408285,688.4697490630058,105204600
2026-02-05,675.7744750976562,681.8279505601881,673.9494421186707,679.0854402743204,113610800
2026-02-06,688.739013671875,690.4244132010324,678.995603890688,679.6039887472712,89127600
2026-02-09,692.0599975585938,693.9747512796714,686.4652913399738,687.5423060693106,73885200
2026-02-10,690.2349243164062,694.64286887948,689.7761552680904,693.0572335194393,65185700
2026-02-11,690.075439453125,695.2413241987686,687.3029816841566,694.4933668556342,76353900
2026-02-12,679.41455078125,693.4561594586687,678.5169776231163,692.3491972008484,118829000
2026-02-13,679.8931884765625,684.410879804094,675.6747287653898,679.833354327075,96267500
2026-02-17,680.9901733398438,683.074507822494,673.9394826742099,678.287593220413,81354700
2026-02-18,684.4208374023438,687.2730943282486,680.9702998190471,682.157061237011,73570300
2026-02-19,682.61572265625,684.311104689823,679.6937101433548,681.9775120282383,58649400
2026-02-20,687.5523071289062,688.1805961724377,679.8732661615737,680.4616860592505,100034000
2026-02-23,680.531494140625,688.1207533479937,678.5169762252317,685.9566804858357,90558100
2026-02-24,685.4779052734375,686.4751816677359,678.1479481229125,680.0427976196477,73798700
2026-02-25,691.26220703125,691.7907319065998,688.2204651135966,688.3002642742074,56369500
2026-02-26,687.422607421875,691.4117130049051,682.486077089091,691.391808867856,71671000
2026-02-27,684.1216430664062,684.9892686841309,679.7835149777827,681.2295779636313,83308900
2026-03-02,684.5106201171875,686.744509644098,676.1734035367807,676.8515442239554,87477200
2026-03-03,678.4771118164062,680.7508704958498,667.8361281509542,673.221445388408,105003100
2026-03-04,683.2639770507812,685.2186606854194,677.7689744100875,679.7735096903759,79182200
2026-03-05,679.4544067382812,683.6629449535216,673.7699188745959,680.2223290726917,106606500
2026-03-06,670.5487060546875,674.2685275228549,667.9358467743081,671.5758690877306,100687000
2026-03-09,676.4227294921875,678.0681991431876,660.5859743093405,664.5750801817165,102667700
2026-03-10,675.3356323242188,681.4987932365287,672.9222404542279,675.87413967305,81505300
2026-03-11,674.4879760742188,678.2277626375325,671.5061293267642,675.7345715953234,68441700
2026-03-12,664.2459106445312,669.8207124533001,664.0564256954588,669.3319958917509,108882200
2026-03-13,660.4862060546875,670.5088831921612,659.5587462493693,667.4472371497842,97200200
2026-03-16,667.2078857421875,670.239584206393,665.3030536555561,666.5596317087426,82023100
2026-03-17,668.9630126953125,672.60309589337,667.8760155087483,670.5586914524959,87128000
2026-03-18,659.6285400390625,667.8959397089973,659.3892034355257,666.5396583763402,82062600
2026-03-19,658.0029907226562,661.1743225351036,653.3855958813168,655.1806813207687,111272500
2026-03-20,648.5700073242188,656.6900024414062,644.719970703125,656.510009765625,163617500
2026-03-23,655.3800048828125,662.6199951171875,653.9400024414062,658.0700073242188,134802700
2026-03-24,653.1799926757812,657.030029296875,649.8800048828125,651.3200073242188,96457500
2026-03-25,656.8200073242188,660.8900146484375,654.239990234375,658.6699829101562,90653800
2026-03-26,645.0900268554688,654.8499755859375,644.8200073242188,652.0599975585938,96494400
2026-03-27,634.0900268554688,642.6599731445312,633.1099853515625,642.5,103649400
2026-03-30,631.969970703125,640.3699951171875,629.280029296875,640.1099853515625,99275900
2026-03-31,650.3400268554688,651.5399780273438,637.97998046875,638.9400024414062,152534100
2026-04-01,655.239990234375,658.52001953125,653.0,653.9000244140625,97841500
2026-04-02,655.8300170898438,658.2000122070312,645.1099853515625,646.4199829101562,68358700
2026-04-06,658.9299926757812,659.719970703125,655.52001953125,655.8599853515625,39105800
2026-04-07,659.219970703125,659.6099853515625,651.0599975585938,656.6500244140625,69980400
2026-04-08,676.010009765625,677.0800170898438,671.4600219726562,676.3900146484375,93606100
2026-04-09,679.9099731445312,681.1599731445312,673.77001953125,674.8400268554688,57134400
2026-04-10,679.4600219726562,682.030029296875,678.4500122070312,681.3200073242188,42253500
2026-04-13,686.0999755859375,686.2999877929688,676.5800170898438,677.4099731445312,54185800
2026-04-14,694.4600219726562,694.5800170898438,687.6599731445312,687.6900024414062,63480500
2026-04-15,699.9400024414062,700.280029296875,694.2000122070312,695.260009765625,58240400
2026-04-16,701.6599731445312,702.780029296875,698.530029296875,701.0599975585938,49972400
2026-04-17,710.1400146484375,712.3900146484375,705.760009765625,706.1400146484375,70661900
2026-04-20,708.719970703125,709.9099731445312,706.1400146484375,708.780029296875,43546800
2026-04-21,704.0800170898438,711.280029296875,702.6400146484375,710.280029296875,58941400
2026-04-22,711.2100219726562,711.4500122070312,708.219970703125,709.1500244140625,42518500
2026-04-23,708.4500122070312,712.3599853515625,702.280029296875,709.5,56174000
2026-04-24,713.9400024414062,714.469970703125,709.010009765625,710.75,45182000
