date,value,n
2007-01-31,0.9989999999999999,20
2007-02-01,1.0071923795484203,20
2007-02-02,1.0136141909662222,20
2007-02-05,1.0167489332133952,20
2007-02-06,1.0186088424885997,20
2007-02-07,1.0216583872183347,20
2007-02-08,1.0169670123383214,20
2007-02-09,1.0049580439426702,20
2007-02-12,0.998940496306924,20
2007-02-13,1.00275423132514,20
2007-02-14,1.0186391627017266,20
2007-02-15,1.0225428787815105,20
2007-02-16,1.020985942030257,20
2007-02-20,1.0304701605169715,20
2007-02-21,1.028238135522948,20
2007-02-22,1.0207831155869582,20
2007-02-23,1.016241268546503,20
2007-02-26,1.009775112325427,20
2007-02-27,0.966997162267615,20
2007-02-28,0.9756316861061541,20
2007-03-01,0.9755576695451232,20
2007-03-02,0.9684601884443924,20
2007-03-05,0.9603682370837924,20
2007-03-06,0.979243033375207,20
2007-03-07,0.9805198178898076,20
2007-03-08,0.9910725004865873,20
2007-03-09,0.9942884541697087,20
2007-03-12,0.9983260648997653,20
2007-03-13,0.9734546201518448,20
2007-03-14,0.9804489786682671,20
2007-03-15,0.9816187855428226,20
2007-03-16,0.9785712216629262,20
2007-03-19,0.9963043108610735,20
2007-03-20,1.0027958952139377,20
2007-03-21,1.021537560866881,20
2007-03-22,1.018070602270326,20
2007-03-23,1.0168488769858783,20
2007-03-26,1.0200302324296975,20
2007-03-27,1.0110114690392575,20
2007-03-28,0.9987775948187068,20
2007-03-29,1.002164199289505,20
2007-03-30,1.0039402358280674,20
2007-04-02,1.0061478160409476,20
2007-04-03,1.0192106496484543,20
2007-04-04,1.0206377170423626,20
2007-04-05,1.024027204340231,20
2007-04-09,1.0249488256828778,20
2007-04-10,1.0252812788223657,20
2007-04-11,1.0191271276014757,20
2007-04-12,1.0262989708965038,20
2007-04-13,1.0323237555654932,20
2007-04-16,1.0452418737478155,20
2007-04-17,1.0463614023632666,20
2007-04-18,1.0426884372821739,20
2007-04-19,1.0403819214592698,20
2007-04-20,1.0531855271432797,20
2007-04-23,1.061186457912515,20
2007-04-24,1.0581673891904075,20
2007-04-25,1.0646495760905832,20
2007-04-26,1.0666366327486494,20
2007-04-27,1.0772162675118595,20
2007-04-30,1.0535354504915437,20
2007-05-01,1.052518069753105,20
2007-05-02,1.0586352467145739,20
2007-05-03,1.0569028460247236,20
2007-05-04,1.0632911132979124,20
2007-05-07,1.0616024212469783,20
2007-05-08,1.059333867074798,20
2007-05-09,1.0642083720249143,20
2007-05-10,1.0503878174665446,20
2007-05-11,1.060770358149736,20
2007-05-14,1.0593776341862622,20
2007-05-15,1.055523572862102,20
2007-05-16,1.062559950654139,20
2007-05-17,1.0645822041441928,20
2007-05-18,1.0701324605387526,20
2007-05-21,1.0747859939366182,20
2007-05-22,1.0755256006725649,20
2007-05-23,1.071465431205324,20
2007-05-24,1.0576063604799946,20
2007-05-25,1.0637915356077379,20
2007-05-29,1.071624202611695,20
2007-05-30,1.082083020849169,20
2007-05-31,1.0847561897832911,20
2007-06-01,1.087503263574255,20
2007-06-04,1.0911015651557938,20
2007-06-05,1.0889505076446417,20
2007-06-06,1.0718643514760229,20
2007-06-07,1.0463067992391668,20
2007-06-08,1.05848310977863,20
2007-06-11,1.0611946740776486,20
2007-06-12,1.0502069834587844,20
2007-06-13,1.0713277159463888,20
2007-06-14,1.074203665999948,20
2007-06-15,1.0795930329869212,20
2007-06-18,1.0781803400924073,20
2007-06-19,1.0834956517781342,20
2007-06-20,1.070987756285143,20
2007-06-21,1.0781503890697606,20
2007-06-22,1.0606194721724875,20
2007-06-25,1.052967534415804,20
2007-06-26,1.047799330941299,20
2007-06-27,1.0633898968853082,20
2007-06-28,1.06390435750199,20
2007-06-29,1.058402928491481,20
2007-07-02,1.0762017879817247,20
2007-07-03,1.0828071315374719,20
2007-07-05,1.0831644927778445,20
2007-07-06,1.0918962560144663,20
2007-07-09,1.0986244438818549,20
2007-07-10,1.0771916708484164,20
2007-07-11,1.085868007832652,20
2007-07-12,1.1094621989833733,20
2007-07-13,1.1164003464325214,20
2007-07-16,1.1108544601816053,20
2007-07-17,1.111799347705318,20
2007-07-18,1.1078728213512834,20
2007-07-19,1.1228055356756037,20
2007-07-20,1.0997661203122446,20
2007-07-23,1.1015942064211806,20
2007-07-24,1.0756263344535049,20
2007-07-25,1.0708104701511918,20
2007-07-26,1.0399774674363702,20
2007-07-27,1.0216656056988829,20
2007-07-30,1.0467596968397175,20
2007-07-31,1.02865936260192,20
2007-08-01,1.021505268140022,20
2007-08-02,1.0351726498230744,20
2007-08-03,0.996509424222219,20
2007-08-06,1.019098015620067,20
2007-08-07,1.0232294987969666,20
2007-08-08,1.0208461820978298,20
2007-08-09,0.9842476325588493,20
2007-08-10,1.0010357036001976,20
2007-08-13,1.012886963634611,20
2007-08-14,0.9823122679743175,20
2007-08-15,0.9680321070844796,20
2007-08-16,0.9615928968220007,20
2007-08-17,0.9874433685238384,20
2007-08-20,0.9976298456912811,20
2007-08-21,1.006134835910941,20
2007-08-22,1.0293657045727282,20
2007-08-23,1.0269109472367128,20
2007-08-24,1.042074983670311,20
2007-08-27,1.0280481845051277,20
2007-08-28,0.9996752350862397,20
2007-08-29,1.0261550012262681,20
2007-08-30,1.0235633128720671,20
2007-08-31,1.0450372434150965,20
2007-09-04,1.0638725809454541,20
2007-09-05,1.0395525486347643,20
2007-09-06,1.0432049657971587,20
2007-09-07,1.0193423819693765,20
2007-09-10,1.0119823578817404,20
2007-09-11,1.0294287875811754,20
2007-09-12,1.024807115944557,20
2007-09-13,1.0354288205553892,20
2007-09-14,1.0376338829893985,20
2007-09-17,1.0312891491972271,20
2007-09-18,1.0778077064620624,20
2007-09-19,1.0936759087578922,20
2007-09-20,1.0911744985998222,20
2007-09-21,1.1023883003593344,20
2007-09-24,1.091452335389756,20
2007-09-25,1.0866371840532094,20
2007-09-26,1.0919597802209315,20
2007-09-27,1.1014964321613463,20
2007-09-28,1.0929715594901328,20
2007-10-01,1.1122701223084135,20
2007-10-02,1.1147693275461779,20
2007-10-03,1.1055011820545764,20
2007-10-04,1.1118012397656711,20
2007-10-05,1.1269823535850287,20
2007-10-08,1.1231853505491514,20
2007-10-09,1.1398305916279938,20
2007-10-10,1.148826207028985,20
2007-10-11,1.1349650135212308,20
2007-10-12,1.1376666444571109,20
2007-10-15,1.1258602557006183,20
2007-10-16,1.1218391259271883,20
2007-10-17,1.1174665603052187,20
2007-10-18,1.125397974434852,20
2007-10-19,1.07644709633157,20
2007-10-22,1.0757391379303722,20
2007-10-23,1.097708498365956,20
2007-10-24,1.1064047925584346,20
2007-10-25,1.0969655859121432,20
2007-10-26,1.1205546907392008,20
2007-10-29,1.1307681429860126,20
2007-10-30,1.1133597360282816,20
2007-10-31,1.1364606598422893,20
2007-11-01,1.107708563127634,20
2007-11-02,1.1253415231831747,20
2007-11-05,1.1205698579308296,20
2007-11-06,1.1486435521785414,20
2007-11-07,1.1070644130309835,20
2007-11-08,1.1060317165325166,20
2007-11-09,1.0819258530673506,20
2007-11-12,1.0415911812389873,20
2007-11-13,1.0722879542771888,20
2007-11-14,1.075281442789121,20
2007-11-15,1.050442032687372,20
2007-11-16,1.0631991898319497,20
2007-11-19,1.04409025476543,20
2007-11-20,1.058029957093184,20
2007-11-21,1.044359626447329,20
2007-11-23,1.0616365414789282,20
2007-11-26,1.041332446988167,20
2007-11-27,1.042064133468843,20
2007-11-28,1.0756193364816098,20
2007-11-29,1.0817958812535886,20
2007-11-30,1.09121939656527,20
2007-12-03,1.090082056226762,20
2007-12-04,1.0816650641405272,20
2007-12-05,1.104159831395074,20
2007-12-06,1.1266820390146186,20
2007-12-07,1.1271021715226968,20
2007-12-10,1.1340720511033326,20
2007-12-11,1.0977317784237026,20
2007-12-12,1.1209113463974874,20
2007-12-13,1.119016951768587,20
2007-12-14,1.1110311644764455,20
2007-12-17,1.0820131248603932,20
2007-12-18,1.0901869937196391,20
2007-12-19,1.0938454864257587,20
2007-12-20,1.106799589335365,20
2007-12-21,1.125716401457613,20
2007-12-24,1.142074490866981,20
2007-12-26,1.1529258292799716,20
2007-12-27,1.1337848814112113,20
2007-12-28,1.1404719234336447,20
2007-12-31,1.1340110097021865,20
2008-01-02,1.122755245520637,20
2008-01-03,1.1193965484743311,20
2008-01-04,1.0811514269558444,20
2008-01-07,1.0667715552875159,20
2008-01-08,1.0517789156579072,20
2008-01-09,1.0583642522394112,20
2008-01-10,1.0585953283362606,20
2008-01-11,1.0354666423856347,20
2008-01-14,1.0658167545145012,20
2008-01-15,1.025817798516011,20
2008-01-16,0.9929697328980943,20
2008-01-17,0.9440529851123597,20
2008-01-18,0.9508227053140306,20
2008-01-22,0.9311168787409976,20
2008-01-23,0.9338937241006252,20
2008-01-24,0.9592129225000761,20
2008-01-25,0.9548762493983146,20
2008-01-28,0.9679532376415807,20
2008-01-29,0.9726940282228759,20
2008-01-30,0.9646817764350359,20
2008-01-31,0.9740944069334739,20
2008-02-01,0.992432183939178,20
2008-02-04,0.9973492199572827,20
2008-02-05,0.9534603124808775,20
2008-02-06,0.9404852932379184,20
2008-02-07,0.9563025360292005,20
2008-02-08,0.963605096536546,20
2008-02-11,0.9917350905737883,20
2008-02-12,0.9920178605452578,20
2008-02-13,1.0163676382458946,20
2008-02-14,1.0057415287662497,20
2008-02-15,1.001344353597144,20
2008-02-19,1.0134681196849535,20
2008-02-20,1.0299574533642502,20
2008-02-21,1.014743849089572,20
2008-02-22,1.0241391664273136,20
2008-02-25,1.043456639233531,20
2008-02-26,1.0522852250041976,20
2008-02-27,1.0406147553180805,20
2008-02-28,1.0493438119325225,20
2008-02-29,1.0141612119220635,20
2008-03-03,1.025866460370389,20
2008-03-04,1.014861145759883,20
2008-03-05,1.034491734810178,20
2008-03-06,1.0162369463009038,20
2008-03-07,0.9957137557927612,20
2008-03-10,0.9689549098229838,20
2008-03-11,1.0210685928434262,20
2008-03-12,1.009126414549778,20
2008-03-13,1.0240169685536962,20
2008-03-14,1.004440746983964,20
2008-03-17,0.9719244879691764,20
2008-03-18,1.0113459104478104,20
2008-03-19,0.9594645466954934,20
2008-03-20,0.9588033797247707,20
2008-03-24,0.9774935582677622,20
2008-03-25,0.9964660874705701,20
2008-03-26,1.0059313561404362,20
2008-03-27,0.9895295211977144,20
2008-03-28,0.9872664440346554,20
2008-03-31,0.9951239866000163,20
2008-04-01,1.017487128092073,20
2008-04-02,1.0213475542716821,20
2008-04-03,1.0328092677668936,20
2008-04-04,1.0515342917211967,20
2008-04-07,1.0533358316430237,20
2008-04-08,1.061974796267274,20
2008-04-09,1.0610900528943172,20
2008-04-10,1.0668784047060305,20
2008-04-11,1.0447653610029133,20
2008-04-14,1.0551307111330068,20
2008-04-15,1.0594470115955554,20
2008-04-16,1.094013668888068,20
2008-04-17,1.0865260155480974,20
2008-04-18,1.1223658442374724,20
2008-04-21,1.133536237839803,20
2008-04-22,1.1249561648629,20
2008-04-23,1.1128409921293165,20
2008-04-24,1.0971464821287682,20
2008-04-25,1.1198433311885663,20
2008-04-28,1.120562517071302,20
2008-04-29,1.0872980941446297,20
2008-04-30,1.0932426437721452,20
2008-05-01,1.0842139455870878,20
2008-05-02,1.1018791908905898,20
2008-05-05,1.1143820926171544,20
2008-05-06,1.137444616863834,20
2008-05-07,1.1167476432167247,20
2008-05-08,1.1383180093047878,20
2008-05-09,1.1314375603491624,20
2008-05-12,1.1352385975021686,20
2008-05-13,1.150252564601352,20
2008-05-14,1.1292565445849025,20
2008-05-15,1.1500511747286337,20
2008-05-16,1.16886904433711,20
2008-05-19,1.1689648062759586,20
2008-05-20,1.1811390607808339,20
2008-05-21,1.1619294517593648,20
2008-05-22,1.155525544323943,20
2008-05-23,1.136790646055442,20
2008-05-27,1.1334760465321614,20
2008-05-28,1.1493557635234173,20
2008-05-29,1.130750460364359,20
2008-05-30,1.1368499524368967,20
2008-06-02,1.1377521222126217,20
2008-06-03,1.1264072530441405,20
2008-06-04,1.1201255191513806,20
2008-06-05,1.1577274997467402,20
2008-06-06,1.1311858514560238,20
2008-06-09,1.1472406961178723,20
2008-06-10,1.1263563630957958,20
2008-06-11,1.1214313824622877,20
2008-06-12,1.1073298562745661,20
2008-06-13,1.1251081257030835,20
2008-06-16,1.1312600283497545,20
2008-06-17,1.1386980979614019,20
2008-06-18,1.1397527126907647,20
2008-06-19,1.128914341131854,20
2008-06-20,1.1165970750421992,20
2008-06-23,1.1453724829187817,20
2008-06-24,1.1199651330538067,20
2008-06-25,1.1169836448731996,20
2008-06-26,1.0963184097858818,20
2008-06-27,1.108849664723605,20
2008-06-30,1.1182080227446287,20
2008-07-01,1.1267060375701434,20
2008-07-02,1.0791094691233514,20
2008-07-03,1.067449816933516,20
2008-07-07,1.0517243785538397,20
2008-07-08,1.0495301625117368,20
2008-07-09,1.0302181819633598,20
2008-07-10,1.055676547677692,20
2008-07-11,1.0562729033627016,20
2008-07-14,1.0663364121182655,20
2008-07-15,1.0311392425236192,20
2008-07-16,1.0220123204841456,20
2008-07-17,1.0112958784561155,20
2008-07-18,1.0135755267446378,20
2008-07-21,1.0359332398028032,20
2008-07-22,1.0231898692790675,20
2008-07-23,1.0042117416845244,20
2008-07-24,0.9799433339541117,20
2008-07-25,0.9921672286005879,20
2008-07-28,0.9801184609042378,20
2008-07-29,0.9820284617028945,20
2008-07-30,1.022288683535191,20
2008-07-31,0.9939467444860542,20
2008-08-01,0.9808688275513702,20
2008-08-04,0.9342792702398033,20
2008-08-05,0.9473712380140527,20
2008-08-06,0.9663273975501057,20
2008-08-07,0.9459174716715834,20
2008-08-08,0.9405824960773775,20
2008-08-11,0.9388451361217128,20
2008-08-12,0.9417139512792245,20
2008-08-13,0.9658407901102162,20
2008-08-14,0.9569913673537909,20
2008-08-15,0.9436953163619605,20
2008-08-18,0.9327272397705693,20
2008-08-19,0.9518554883633699,20
2008-08-20,0.9799472810556141,20
2008-08-21,0.9919713810934785,20
2008-08-22,0.9802203924684461,20
2008-08-25,0.9646176798007698,20
2008-08-26,0.9791485019917605,20
2008-08-27,0.993622625677378,20
2008-08-28,0.9876517502325366,20
2008-08-29,0.9754830747931498,20
2008-09-02,0.9345261176787564,20
2008-09-03,0.9176765401015993,20
2008-09-04,0.8880240155853628,20
2008-09-05,0.8920914556676333,20
2008-09-08,0.8781752656489132,20
2008-09-09,0.8250729996923842,20
2008-09-10,0.853278301696617,20
2008-09-11,0.8765559704627152,20
2008-09-12,0.8941909720444454,20
2008-09-15,0.8442106267906313,20
2008-09-16,0.8680357798130621,20
2008-09-17,0.8343499490925242,20
2008-09-18,0.8598926316832076,20
2008-09-19,0.9106295702823511,20
2008-09-22,0.8852635282941577,20
2008-09-23,0.8605624664952011,20
2008-09-24,0.8580598641537523,20
2008-09-25,0.8632047856902508,20
2008-09-26,0.8478749288078387,20
2008-09-29,0.7452852364885237,20
2008-09-30,0.7860367449659378,20
2008-10-01,0.7644341882529954,20
2008-10-02,0.6981494093751514,20
2008-10-03,0.6914862802194246,20
2008-10-06,0.6559502684132511,20
2008-10-07,0.6115971544198914,20
2008-10-08,0.6274362524017069,20
2008-10-09,0.5768497553738302,20
2008-10-10,0.5633745237701279,20
2008-10-13,0.6489811299579225,20
2008-10-14,0.6443787833756255,20
2008-10-15,0.5613692958395385,20
2008-10-16,0.5989028484542469,20
2008-10-17,0.5996857556172578,20
2008-10-20,0.640394718234172,20
2008-10-21,0.61267016297947,20
2008-10-22,0.5629731576600266,20
2008-10-23,0.565471246634528,20
2008-10-24,0.5486871953886799,20
2008-10-27,0.5224039169415687,20
2008-10-28,0.577864914039169,20
2008-10-29,0.5919780451309807,20
2008-10-30,0.620868879979989,20
2008-10-31,0.6348239408722203,20
2008-11-03,0.6263998735470612,20
2008-11-04,0.657629254961546,20
2008-11-05,0.6165278662363534,20
2008-11-06,0.5854705931083485,20
2008-11-07,0.5984338212795122,20
2008-11-10,0.5919014724922428,20
2008-11-11,0.5768325383447995,20
2008-11-12,0.5495421594015715,20
2008-11-13,0.5947044656031156,20
2008-11-14,0.5637707892490879,20
2008-11-17,0.5515746403529319,20
2008-11-18,0.5530202786366692,20
2008-11-19,0.511701285385676,20
2008-11-20,0.4724714829435875,20
2008-11-21,0.5054428882116896,20
2008-11-24,0.547863322972855,20
2008-11-25,0.5543028825365912,20
2008-11-26,0.5758941612376984,20
2008-11-28,0.5745643083670737,20
2008-12-01,0.5084691779627558,20
2008-12-02,0.5284619895603713,20
2008-12-03,0.5452277998106472,20
2008-12-04,0.5246558532607154,20
2008-12-05,0.5442420381238593,20
2008-12-08,0.5737196605699045,20
2008-12-09,0.5562379299170143,20
2008-12-10,0.571964882204212,20
2008-12-11,0.5422139375296343,20
2008-12-12,0.5431664900150625,20
2008-12-15,0.5339473461788942,20
2008-12-16,0.568222763943136,20
2008-12-17,0.5620983622721499,20
2008-12-18,0.5450458423189621,20
2008-12-19,0.552642668245519,20
2008-12-22,0.5378566384919511,20
2008-12-23,0.5332943107184163,20
2008-12-24,0.534561397249763,20
2008-12-26,0.5411805146700499,20
2008-12-29,0.541254942186257,20
2008-12-30,0.5534147013281424,20
2008-12-31,0.5644455460396124,20
2009-01-02,0.5793252770964512,20
2009-01-05,0.5774585857351369,20
2009-01-06,0.5792262560053985,20
2009-01-07,0.5574279504391023,20
2009-01-08,0.5560857595469184,20
2009-01-09,0.5425194632954482,20
2009-01-12,0.5251104306757572,20
2009-01-13,0.53010770271934,20
2009-01-14,0.5095717441793243,20
2009-01-15,0.5110202248596498,20
2009-01-16,0.5104293798171512,20
2009-01-20,0.4690180290132869,20
2009-01-21,0.49731891128229955,20
2009-01-22,0.48740275851434955,20
2009-01-23,0.49187107882349385,20
2009-01-26,0.4953603491735843,20
2009-01-27,0.5006536973325298,20
2009-01-28,0.5256816283345546,20
2009-01-29,0.5044452152467428,20
2009-01-30,0.4950670724407452,20
2009-02-02,0.4955925098278498,20
2009-02-03,0.5017698412753938,20
2009-02-04,0.4987442825019174,20
2009-02-05,0.5063040764602501,20
2009-02-06,0.5223902853248795,20
2009-02-09,0.5235849802138267,20
2009-02-10,0.4944161453394181,20
2009-02-11,0.4969438216941108,20
2009-02-12,0.496474280343229,20
2009-02-13,0.4888229245319442,20
2009-02-17,0.46430478287362836,20
2009-02-18,0.4633096668588971,20
2009-02-19,0.4559535082502601,20
2009-02-20,0.4535045525084511,20
2009-02-23,0.4348238636775186,20
2009-02-24,0.4568867597576993,20
2009-02-25,0.4498884519040505,20
2009-02-26,0.44172777141183367,20
2009-02-27,0.4328890350590335,20
2009-03-02,0.4139456926573986,20
2009-03-03,0.4101924925211288,20
2009-03-04,0.4178055474338686,20
2009-03-05,0.3983678720139608,20
2009-03-06,0.39796122456254374,20
2009-03-09,0.3935424373684121,20
2009-03-10,0.4240123840644268,20
2009-03-11,0.42463243125286776,20
2009-03-12,0.442987068713325,20
2009-03-13,0.4458735358382042,20
2009-03-16,0.4389284326732495,20
2009-03-17,0.45924972778100437,20
2009-03-18,0.47456145751703466,20
2009-03-19,0.46428055152154396,20
2009-03-20,0.4559262504298525,20
2009-03-23,0.490683061091487,20
2009-03-24,0.4748936239790031,20
2009-03-25,0.47901749482412215,20
2009-03-26,0.4933980635012579,20
2009-03-27,0.47950746061462735,20
2009-03-30,0.4665169120320268,20
2009-03-31,0.47824740298548923,20
2009-04-01,0.4842279280906367,20
2009-04-02,0.498564900492052,20
2009-04-03,0.5046014316894516,20
2009-04-06,0.5012667542669501,20
2009-04-07,0.48739408185295113,20
2009-04-08,0.4962715736918903,20
2009-04-09,0.5138904280364063,20
2009-04-13,0.5179326027173633,20
2009-04-14,0.5071582955232118,20
2009-04-15,0.5146268151885564,20
2009-04-16,0.5211637619831816,20
2009-04-17,0.5207433235783397,20
2009-04-20,0.5018085385193127,20
2009-04-21,0.5146566164969698,20
2009-04-22,0.5101806562739339,20
2009-04-23,0.5171924479275358,20
2009-04-24,0.5200998798733812,20
2009-04-27,0.5174807434786564,20
2009-04-28,0.5182181346028758,20
2009-04-29,0.5254943999524185,20
2009-04-30,0.5215180809467255,20
2009-05-01,0.5160209427742984,20
2009-05-04,0.5294666611181803,20
2009-05-05,0.526877405147225,20
2009-05-06,0.5254641977601953,20
2009-05-07,0.5149898893028535,20
2009-05-08,0.5167390761084567,20
2009-05-11,0.509241213348025,20
2009-05-12,0.5074999221631479,20
2009-05-13,0.4937107799524435,20
2009-05-14,0.499985345875886,20
2009-05-15,0.4971818453877262,20
2009-05-18,0.5122187884576382,20
2009-05-19,0.5097163417158779,20
2009-05-20,0.5021356116594132,20
2009-05-21,0.49634307519134047,20
2009-05-22,0.49749790634187063,20
2009-05-26,0.5183602910196715,20
2009-05-27,0.505079330721153,20
2009-05-28,0.5073637930018313,20
2009-05-29,0.5145953935724152,20
2009-06-01,0.5354854693958387,20
2009-06-02,0.5407630294436312,20
2009-06-03,0.5348546215940643,20
2009-06-04,0.534890752220093,20
2009-06-05,0.5351559228810533,20
2009-06-08,0.5387039760963135,20
2009-06-09,0.5434370036939996,20
2009-06-10,0.5405276288813927,20
2009-06-11,0.5373892877000648,20
2009-06-12,0.537611798941503,20
2009-06-15,0.5278773169899486,20
2009-06-16,0.5160538057381597,20
2009-06-17,0.5203858205757406,20
2009-06-18,0.5190858144841779,20
2009-06-19,0.5223685878851635,20
2009-06-22,0.5126731852930283,20
2009-06-23,0.5086812887075258,20
2009-06-24,0.5122622531414324,20
2009-06-25,0.5272265836472398,20
2009-06-26,0.5233678925874218,20
2009-06-29,0.5296562696437722,20
2009-06-30,0.5247522028301759,20
2009-07-01,0.528163474281564,20
2009-07-02,0.510010635482542,20
2009-07-06,0.5117299681209478,20
2009-07-07,0.5033843071560914,20
2009-07-08,0.5053053624947267,20
2009-07-09,0.5077326079273153,20
2009-07-10,0.5046440874363451,20
2009-07-13,0.5189180454272385,20
2009-07-14,0.5227920937594434,20
2009-07-15,0.534305771126358,20
2009-07-16,0.5376192331018946,20
2009-07-17,0.5396929851430939,20
2009-07-20,0.5445284911628056,20
2009-07-21,0.5449561027658266,20
2009-07-22,0.5477384264933566,20
2009-07-23,0.5597390227237385,20
2009-07-24,0.5604567681878537,20
2009-07-27,0.5604949261530979,20
2009-07-28,0.5645350489401403,20
2009-07-29,0.5660479989098515,20
2009-07-30,0.5727270999887876,20
2009-07-31,0.5730698511209116,20
2009-08-03,0.580219119217913,20
2009-08-04,0.578813499366839,20
2009-08-05,0.5774235591402296,20
2009-08-06,0.5735886671282158,20
2009-08-07,0.5840868250061035,20
2009-08-10,0.5807601520245843,20
2009-08-11,0.5749033974668392,20
2009-08-12,0.5796712673798646,20
2009-08-13,0.5814771838202111,20
2009-08-14,0.5755290671984118,20
2009-08-17,0.5629709655923583,20
2009-08-18,0.5680854905839162,20
2009-08-19,0.5726401713150562,20
2009-08-20,0.576822313925065,20
2009-08-21,0.5863275671724916,20
2009-08-24,0.5841811214001474,20
2009-08-25,0.5890195319293797,20
2009-08-26,0.5887948938833706,20
2009-08-27,0.5897012961534291,20
2009-08-28,0.5889645879896047,20
2009-08-31,0.5823712670718324,20
2009-09-01,0.5720806346966001,20
2009-09-02,0.569667233477053,20
2009-09-03,0.5763759578312543,20
2009-09-04,0.5844604968354911,20
2009-09-08,0.5873541479924503,20
2009-09-09,0.5938088514667937,20
2009-09-10,0.5972865697425069,20
2009-09-11,0.5961559527635375,20
2009-09-14,0.5979811417668845,20
2009-09-15,0.5992049060790557,20
2009-09-16,0.6108489396889683,20
2009-09-17,0.6086360155808864,20
2009-09-18,0.6119190688349039,20
2009-09-21,0.6089514898114996,20
2009-09-22,0.607774587916941,20
2009-09-23,0.6015080323861308,20
2009-09-24,0.5953091886040116,20
2009-09-25,0.5895669511464848,20
2009-09-28,0.6011726927178204,20
2009-09-29,0.6017893169259398,20
2009-09-30,0.6035788620976562,20
2009-10-01,0.5858659749167426,20
2009-10-02,0.58013834630055,20
2009-10-05,0.5907869246730492,20
2009-10-06,0.5943034234418273,20
2009-10-07,0.5962474125690387,20
2009-10-08,0.5988638302469514,20
2009-10-09,0.6038553364494029,20
2009-10-12,0.6065170688929726,20
2009-10-13,0.6063146031430429,20
2009-10-14,0.6182811351471154,20
2009-10-15,0.6154514923331521,20
2009-10-16,0.6125880655799207,20
2009-10-19,0.6227611359398447,20
2009-10-20,0.6191740672442835,20
2009-10-21,0.6120981267760478,20
2009-10-22,0.6191443468872536,20
2009-10-23,0.6084069049005765,20
2009-10-26,0.6037692799874339,20
2009-10-27,0.5943539909437585,20
2009-10-28,0.5778100465564654,20
2009-10-29,0.5927717248908096,20
2009-10-30,0.5736281966495722,20
2009-11-02,0.5796082824212785,20
2009-11-03,0.5878269488280862,20
2009-11-04,0.588090275889028,20
2009-11-05,0.6045197541126921,20
2009-11-06,0.6042480863433448,20
2009-11-09,0.620903462620194,20
2009-11-10,0.6184972354507645,20
2009-11-11,0.6196785470818809,20
2009-11-12,0.6119495956574353,20
2009-11-13,0.6168087745424851,20
2009-11-16,0.6262213327111993,20
2009-11-17,0.6259753511191,20
2009-11-18,0.6221590199261291,20
2009-11-19,0.612819480154313,20
2009-11-20,0.6090983617682459,20
2009-11-23,0.6171791262932618,20
2009-11-24,0.614630120602052,20
2009-11-25,0.6211481221840611,20
2009-11-27,0.6078373904233686,20
2009-11-30,0.6060292114548618,20
2009-12-01,0.6172788288483992,20
2009-12-02,0.6191859058535095,20
2009-12-03,0.6133372915730649,20
2009-12-04,0.6171400806165027,20
2009-12-07,0.6172579140615483,20
2009-12-08,0.6128345415057919,20
2009-12-09,0.615861900315436,20
2009-12-10,0.6211933051212793,20
2009-12-11,0.6213459001176949,20
2009-12-14,0.6298812807022883,20
2009-12-15,0.6250742986948274,20
2009-12-16,0.6323096878923844,20
2009-12-17,0.6244003880715888,20
2009-12-18,0.6313911581330605,20
2009-12-21,0.6422613007589334,20
2009-12-22,0.6507750159526756,20
2009-12-23,0.6554522328804597,20
2009-12-24,0.6582465645226613,20
2009-12-28,0.6562466798558081,20
2009-12-29,0.653641915836313,20
2009-12-30,0.6520799749027223,20
2009-12-31,0.6467121434712712,20
2010-01-04,0.660490324966614,20
2010-01-05,0.665959314245854,20
2010-01-06,0.669363666334325,20
2010-01-07,0.6677852661562198,20
2010-01-08,0.6704413141514347,20
2010-01-11,0.6656220490456987,20
2010-01-12,0.6511293278323984,20
2010-01-13,0.6569642318331246,20
2010-01-14,0.6582850440129699,20
2010-01-15,0.6474514679966826,20
2010-01-19,0.6552796792254503,20
2010-01-20,0.6449647423717453,20
2010-01-21,0.6296900321267391,20
2010-01-22,0.6116483880793002,20
2010-01-25,0.6135391115982749,20
2010-01-26,0.6091738083004851,20
2010-01-27,0.6120677591515644,20
2010-01-28,0.5961541023418232,20
2010-01-29,0.5816766378402608,20
2010-02-01,0.5960886487959093,20
2010-02-02,0.6031061962580542,20
2010-02-03,0.6000502991667062,20
2010-02-04,0.572051690879597,20
2010-02-05,0.5750561860052225,20
2010-02-08,0.571325392378258,20
2010-02-09,0.5835700347978804,20
2010-02-10,0.5798495531017968,20
2010-02-11,0.5898945037666126,20
2010-02-12,0.5884751469328404,20
2010-02-16,0.601803637136837,20
2010-02-17,0.6036086275961429,20
2010-02-18,0.6068459034727135,20
2010-02-19,0.6056183642290717,20
2010-02-22,0.6039288801868192,20
2010-02-23,0.5916196176165999,20
2010-02-24,0.5980924236491683,20
2010-02-25,0.5961777294850628,20
2010-02-26,0.5996006166360871,20
2010-03-01,0.6145342460933078,20
2010-03-02,0.6184992191891485,20
2010-03-03,0.619697014084329,20
2010-03-04,0.6210639957662745,20
2010-03-05,0.6318385725079702,20
2010-03-08,0.6309213840885366,20
2010-03-09,0.629563875500596,20
2010-03-10,0.6315397045925107,20
2010-03-11,0.6340569091726846,20
2010-03-12,0.6346075989412641,20
2010-03-15,0.6341291402966162,20
2010-03-16,0.6405880886064371,20
2010-03-17,0.6435456858573979,20
2010-03-18,0.6425052391734948,20
2010-03-19,0.6351031869944951,20
2010-03-22,0.6478460896254933,20
2010-03-23,0.6554731807718711,20
2010-03-24,0.6452528872411163,20
2010-03-25,0.6414299749034191,20
2010-03-26,0.6412339129003075,20
2010-03-29,0.6485797367272397,20
2010-03-30,0.6501676422887217,20
2010-03-31,0.6468672229513195,20
2010-04-01,0.6560917762341104,20
2010-04-05,0.6656632715073505,20
2010-04-06,0.6643236337256734,20
2010-04-07,0.6596685198352638,20
2010-04-08,0.6607971507437077,20
2010-04-09,0.6689916589791018,20
2010-04-12,0.6721076568426942,20
2010-04-13,0.673560588116232,20
2010-04-14,0.6887148340691971,20
2010-04-15,0.6898698749648164,20
2010-04-16,0.6759406382842749,20
2010-04-19,0.6758036380328082,20
2010-04-20,0.6833745763837092,20
2010-04-21,0.6824189121847972,20
2010-04-22,0.6912137075996685,20
2010-04-23,0.7010286214203661,20
2010-04-26,0.7005567306610355,20
2010-04-27,0.6765298246263953,20
2010-04-28,0.6830727153790347,20
2010-04-29,0.6954802292233612,20
2010-04-30,0.6712467257909565,20
2010-05-03,0.6851019279366521,20
2010-05-04,0.6602200279970818,20
2010-05-05,0.6535102110161989,20
2010-05-06,0.6272878757164415,20
2010-05-07,0.604433463629625,20
2010-05-10,0.6514439633720729,20
2010-05-11,0.6463578857223707,20
2010-05-12,0.6601197041271578,20
2010-05-13,0.6485320321733451,20
2010-05-14,0.6286904966193141,20
2010-05-17,0.6278260757997932,20
2010-05-18,0.6131218326971528,20
2010-05-19,0.6091187038872307,20
2010-05-20,0.5829593988764233,20
2010-05-21,0.6007865667029801,20
2010-05-24,0.5930130933400319,20
2010-05-25,0.5939045901065186,20
2010-05-26,0.5935973421387458,20
2010-05-27,0.6244341293674724,20
2010-05-28,0.6121860975921124,20
2010-06-01,0.5917352036933945,20
2010-06-02,0.6114775585801893,20
2010-06-03,0.6171432056836436,20
2010-06-04,0.5832418539277088,20
2010-06-07,0.5682614300617677,20
2010-06-08,0.5723557165654487,20
2010-06-09,0.5731404633359043,20
2010-06-10,0.5958803696393855,20
2010-06-11,0.6042219476954067,20
2010-06-14,0.6043671557476963,20
2010-06-15,0.624549568809845,20
2010-06-16,0.620027631955226,20
2010-06-17,0.6206434077780683,20
2010-06-18,0.6199748084428501,20
2010-06-21,0.6153525246673678,20
2010-06-22,0.5984593255509939,20
2010-06-23,0.6035557478429211,20
2010-06-24,0.5865430614262821,20
2010-06-25,0.5942151555719827,20
2010-06-28,0.5892550796591695,20
2010-06-29,0.5601378335054648,20
2010-06-30,0.5541868337296373,20
2010-07-01,0.5544860097324836,20
2010-07-02,0.5450163246131506,20
2010-07-06,0.5457842056699933,20
2010-07-07,0.5693937701324806,20
2010-07-08,0.5749843878679074,20
2010-07-09,0.5857493852887328,20
2010-07-12,0.5835270960092509,20
2010-07-13,0.5999661710510887,20
2010-07-14,0.6005907171287785,20
2010-07-15,0.6001963937742196,20
2010-07-16,0.575347728630328,20
2010-07-19,0.5786977799227512,20
2010-07-20,0.5898634852789285,20
2010-07-21,0.5829051092050322,20
2010-07-22,0.6021330664367098,20
2010-07-23,0.6127270179389873,20
2010-07-26,0.6239713737452368,20
2010-07-27,0.6155011185275179,20
2010-07-28,0.6090334932124695,20
2010-07-29,0.6032246959549282,20
2010-07-30,0.6053657200934899,20
2010-08-02,0.6184714354336508,20
2010-08-03,0.616253405034994,20
2010-08-04,0.6236767293233514,20
2010-08-05,0.6208497641030242,20
2010-08-06,0.6175476721960679,20
2010-08-09,0.6236663682223459,20
2010-08-10,0.617394253270397,20
2010-08-11,0.5982594889316811,20
2010-08-12,0.5915336315249594,20
2010-08-13,0.5888472597073174,20
2010-08-16,0.5888667850525501,20
2010-08-17,0.6010197280661198,20
2010-08-18,0.6045954299928318,20
2010-08-19,0.5938889527160633,20
2010-08-20,0.5966553224123128,20
2010-08-23,0.5878670200779451,20
2010-08-24,0.5747097648027714,20
2010-08-25,0.577990785799567,20
2010-08-26,0.5720031961048987,20
2010-08-27,0.5844066553647731,20
2010-08-30,0.5722140299758766,20
2010-08-31,0.5725335150649767,20
2010-09-01,0.594758858658881,20
2010-09-02,0.6071467786923707,20
2010-09-03,0.6153194353209852,20
2010-09-07,0.609491168202029,20
2010-09-08,0.6178099534320004,20
2010-09-09,0.6143134728771829,20
2010-09-10,0.6164452618587591,20
2010-09-13,0.6262726617718078,20
2010-09-14,0.6265083584601764,20
2010-09-15,0.6276646570996264,20
2010-09-16,0.6261663159401654,20
2010-09-17,0.6316395988273505,20
2010-09-20,0.6443312470299781,20
2010-09-21,0.6410528568783459,20
2010-09-22,0.6333823202572525,20
2010-09-23,0.6275622668565903,20
2010-09-24,0.6434629620772583,20
2010-09-27,0.6365779154254146,20
2010-09-28,0.6419812775330217,20
2010-09-29,0.6399826317711662,20
2010-09-30,0.6344936404800608,20
2010-10-01,0.6335635126959589,20
2010-10-04,0.6292235592378818,20
2010-10-05,0.6437825772680531,20
2010-10-06,0.6339263172514145,20
2010-10-07,0.6350310110549358,20
2010-10-08,0.6439533234096884,20
2010-10-11,0.6416356941738472,20
2010-10-12,0.6474505477086424,20
2010-10-13,0.6553888161349647,20
2010-10-14,0.6557633536000417,20
2010-10-15,0.6571664414826804,20
2010-10-18,0.6543889774318988,20
2010-10-19,0.6433335436477623,20
2010-10-20,0.6548221023779063,20
2010-10-21,0.6559937834657968,20
2010-10-22,0.6655093862936327,20
2010-10-25,0.669032270002886,20
2010-10-26,0.6667275480640183,20
2010-10-27,0.6641425504971621,20
2010-10-28,0.6664765797629869,20
2010-10-29,0.6738451022297446,20
2010-11-01,0.6748882556420308,20
2010-11-02,0.6843443786638822,20
2010-11-03,0.6864132633506883,20
2010-11-04,0.6992696320346831,20
2010-11-05,0.7011168311073956,20
2010-11-08,0.705529827885777,20
2010-11-09,0.6986486645021777,20
2010-11-10,0.7040864692072367,20
2010-11-11,0.7028618617954973,20
2010-11-12,0.693818992332936,20
2010-11-15,0.6904279298553456,20
2010-11-16,0.6743822796061923,20
2010-11-17,0.6771844087609814,20
2010-11-18,0.6928644726420661,20
2010-11-19,0.6993472750843555,20
2010-11-22,0.705343890315506,20
2010-11-23,0.6945464682656869,20
2010-11-24,0.7086316625013908,20
2010-11-26,0.7059699337871953,20
2010-11-29,0.7013920686790099,20
2010-11-30,0.6971960465417778,20
2010-12-01,0.7128769272076121,20
2010-12-02,0.7214746413042175,20
2010-12-03,0.7245790439302698,20
2010-12-06,0.72564900258316,20
2010-12-07,0.7276689461825216,20
2010-12-08,0.7311982700617337,20
2010-12-09,0.7301823628889917,20
2010-12-10,0.7331959026010344,20
2010-12-13,0.7296340836818366,20
2010-12-14,0.7258192405197997,20
2010-12-15,0.7234186237260105,20
2010-12-16,0.732060191470322,20
2010-12-17,0.7331519284053252,20
2010-12-20,0.7377458696099252,20
2010-12-21,0.7431982967460341,20
2010-12-22,0.7402731204957392,20
2010-12-23,0.736828249708112,20
2010-12-27,0.7360023950829442,20
2010-12-28,0.7341422853067275,20
2010-12-29,0.7356574993166005,20
2010-12-30,0.7343968785502459,20
2010-12-31,0.7326041357578578,20
2011-01-03,0.7478438059440621,20
2011-01-04,0.7444494140802056,20
2011-01-05,0.7568443827001322,20
2011-01-06,0.7519082980976944,20
2011-01-07,0.7521451414518527,20
2011-01-10,0.7558329413569681,20
2011-01-11,0.7552476749157997,20
2011-01-12,0.7573447403660404,20
2011-01-13,0.7589268123187023,20
2011-01-14,0.7642255309131177,20
2011-01-18,0.7663866690207196,20
2011-01-19,0.7558547878730265,20
2011-01-20,0.735714531483275,20
2011-01-21,0.7335702434889412,20
2011-01-24,0.7340032156309628,20
2011-01-25,0.7297495651584496,20
2011-01-26,0.7379208124018192,20
2011-01-27,0.7423973338959372,20
2011-01-28,0.7295895507882056,20
2011-01-31,0.7360983702478582,20
2011-02-01,0.74534182848503,20
2011-02-02,0.7443799538313294,20
2011-02-03,0.7514718520997229,20
2011-02-04,0.7576272958120438,20
2011-02-07,0.7605150264968206,20
2011-02-08,0.7668643141232065,20
2011-02-09,0.7643124445372842,20
2011-02-10,0.7657449676455058,20
2011-02-11,0.7766387512674101,20
2011-02-14,0.7790915168796544,20
2011-02-15,0.7735607086867171,20
2011-02-16,0.7796454202399065,20
2011-02-17,0.7751389838650533,20
2011-02-18,0.7766486410427572,20
2011-02-22,0.7491825292511506,20
2011-02-23,0.7359398817005852,20
2011-02-24,0.7468152589596132,20
2011-02-25,0.7563677581078769,20
2011-02-28,0.7538375220894055,20
2011-03-01,0.7392394274513763,20
2011-03-02,0.7455501488480728,20
2011-03-03,0.766992953560921,20
2011-03-04,0.7610426593888882,20
2011-03-07,0.7486359706970693,20
2011-03-08,0.7530637496272806,20
2011-03-09,0.7517526984995729,20
2011-03-10,0.7339064175561589,20
2011-03-11,0.7446939304206455,20
2011-03-14,0.7416748278000825,20
2011-03-15,0.733813566487921,20
2011-03-16,0.7202708371597035,20
2011-03-17,0.7313905392340913,20
2011-03-18,0.7275229360811539,20
2011-03-21,0.7479417040267211,20
2011-03-22,0.7415864386874279,20
2011-03-23,0.7441472167392624,20
2011-03-24,0.7576478295661381,20
2011-03-25,0.7625671141542412,20
2011-03-28,0.757486197897021,20
2011-03-29,0.7677493974816695,20
2011-03-30,0.7760619039618394,20
2011-03-31,0.7735799727207762,20
2011-04-01,0.7756999359345906,20
2011-04-04,0.7756942729188376,20
2011-04-05,0.7767584782801308,20
2011-04-06,0.7708317877497713,20
2011-04-07,0.7685671861213492,20
2011-04-08,0.7656434886018851,20
2011-04-11,0.7596158621875021,20
2011-04-12,0.7466987746803628,20
2011-04-13,0.7557358534264994,20
2011-04-14,0.7558193930937456,20
2011-04-15,0.7576697817057062,20
2011-04-18,0.7492179467251244,20
2011-04-19,0.7574170054553165,20
2011-04-20,0.7815771202983375,20
2011-04-21,0.7931265032248326,20
2011-04-25,0.7889945660935065,20
2011-04-26,0.795049956294177,20
2011-04-27,0.7946241281296892,20
2011-04-28,0.7832851440017277,20
2011-04-29,0.7883080799410558,20
2011-05-02,0.7803130881156536,20
2011-05-03,0.7660269779480302,20
2011-05-04,0.755676910342035,20
2011-05-05,0.7545194431833947,20
2011-05-06,0.7589776802284804,20
2011-05-09,0.7705261664560672,20
2011-05-10,0.7811561244613002,20
2011-05-11,0.7615651336895903,20
2011-05-12,0.7608706787124674,20
2011-05-13,0.7519839657582518,20
2011-05-16,0.7427542840581719,20
2011-05-17,0.7360357843770201,20
2011-05-18,0.7549102706790898,20
2011-05-19,0.7569647315760097,20
2011-05-20,0.7530477266216594,20
2011-05-23,0.7415672438895061,20
2011-05-24,0.7422722660715267,20
2011-05-25,0.7561598090589422,20
2011-05-26,0.7640304214371538,20
2011-05-27,0.7684514618022596,20
2011-05-31,0.7724785795976867,20
2011-06-01,0.7518150058267863,20
2011-06-02,0.757660354427516,20
2011-06-03,0.7484186668689838,20
2011-06-06,0.7329294739269969,20
2011-06-07,0.73565830466047,20
2011-06-08,0.725150546646797,20
2011-06-09,0.7348257557996841,20
2011-06-10,0.7204293487941753,20
2011-06-13,0.7110246277259314,20
2011-06-14,0.7268292623739593,20
2011-06-15,0.7054215535097565,20
2011-06-16,0.6958126288755964,20
2011-06-17,0.6954894336925806,20
2011-06-20,0.7014400669466637,20
2011-06-21,0.7248096040581662,20
2011-06-22,0.7183487504065666,20
2011-06-23,0.7222431089513198,20
2011-06-24,0.7071226843422916,20
2011-06-27,0.7150752763690541,20
2011-06-28,0.733827710087759,20
2011-06-29,0.739111768255002,20
2011-06-30,0.7472587527604297,20
2011-07-01,0.7565021479598535,20
2011-07-05,0.7612977451903912,20
2011-07-06,0.7654846480815927,20
2011-07-07,0.7748505457872903,20
2011-07-08,0.7698653978018551,20
2011-07-11,0.7498529296279821,20
2011-07-12,0.7427588312226089,20
2011-07-13,0.7501400147323042,20
2011-07-14,0.7416898089323021,20
2011-07-15,0.752731595041796,20
2011-07-18,0.7469450008210364,20
2011-07-19,0.7665784664035398,20
2011-07-20,0.7616657197666422,20
2011-07-21,0.7684064380414263,20
2011-07-22,0.7712314817106345,20
2011-07-25,0.7691497698464649,20
2011-07-26,0.7682334505525868,20
2011-07-27,0.7481824375576229,20
2011-07-28,0.7476491278959625,20
2011-07-29,0.7439648544558543,20
2011-08-01,0.7429223422441806,20
2011-08-02,0.7029079799691471,20
2011-08-03,0.7040449660667274,20
2011-08-04,0.656039418100446,20
2011-08-05,0.6596016563711938,20
2011-08-08,0.6017067661883142,20
2011-08-09,0.6375540711992795,20
2011-08-10,0.6150324953276581,20
2011-08-11,0.6444039469298439,20
2011-08-12,0.6539962425550757,20
2011-08-15,0.6679318600923977,20
2011-08-16,0.6543045473846743,20
2011-08-17,0.6501279072755871,20
2011-08-18,0.6050308476372193,20
2011-08-19,0.5905672071200929,20
2011-08-22,0.5886879236223955,20
2011-08-23,0.6193794162388,20
2011-08-24,0.629837212592595,20
2011-08-25,0.6181442259680165,20
2011-08-26,0.6373418581048635,20
2011-08-29,0.6605644615345513,20
2011-08-30,0.6668781403033993,20
2011-08-31,0.6690391940425359,20
2011-09-01,0.6619283707140212,20
2011-09-02,0.6436560076912243,20
2011-09-06,0.6443437935604165,20
2011-09-07,0.6653171663282003,20
2011-09-08,0.660117685409341,20
2011-09-09,0.6380824929891313,20
2011-09-12,0.6427207754179004,20
2011-09-13,0.650749598610606,20
2011-09-14,0.6583436613241327,20
2011-09-15,0.6692210916000388,20
2011-09-16,0.6728106164417649,20
2011-09-19,0.6734990875056629,20
2011-09-20,0.6648616180488347,20
2011-09-21,0.6453190434415903,20
2011-09-22,0.6143868683165216,20
2011-09-23,0.6118305544090018,20
2011-09-26,0.6296641403904785,20
2011-09-27,0.6400830726359755,20
2011-09-28,0.6211152580608664,20
2011-09-29,0.6102118764447777,20
2011-09-30,0.5871170651788454,20
2011-10-03,0.5662366164055324,20
2011-10-04,0.5810047199630932,20
2011-10-05,0.6000000408366863,20
2011-10-06,0.6213930334604522,20
2011-10-07,0.61493414340569,20
2011-10-10,0.6430389196939241,20
2011-10-11,0.6467039692425675,20
2011-10-12,0.6514244989121986,20
2011-10-13,0.6544757407243398,20
2011-10-14,0.6753253563432342,20
2011-10-17,0.6596881557826826,20
2011-10-18,0.6687529288354501,20
2011-10-19,0.6522540792644512,20
2011-10-20,0.6563214001577862,20
2011-10-21,0.6676554675594756,20
2011-10-24,0.6856850216634305,20
2011-10-25,0.6694543816586643,20
2011-10-26,0.6726778751836776,20
2011-10-27,0.6977892489996884,20
2011-10-28,0.7044353254285448,20
2011-10-31,0.6851200359339612,20
2011-11-01,0.6687897360460844,20
2011-11-02,0.6811731517798463,20
2011-11-03,0.6901436487162543,20
2011-11-04,0.6883508898939872,20
2011-11-07,0.6868093847151968,20
2011-11-08,0.6944805850566598,20
2011-11-09,0.6732837859390621,20
2011-11-10,0.6759679231742455,20
2011-11-11,0.6893633872719952,20
2011-11-14,0.6843259487653064,20
2011-11-15,0.6884259282922658,20
2011-11-16,0.6683000644918357,20
2011-11-17,0.6585555353816256,20
2011-11-18,0.6532220041003053,20
2011-11-21,0.6402674471535308,20
2011-11-22,0.6439063704912824,20
2011-11-23,0.6287322819477539,20
2011-11-25,0.6238051299877917,20
2011-11-28,0.6476020259217025,20
2011-11-29,0.6474796773856806,20
2011-11-30,0.6744316522348186,20
2011-12-01,0.6732791425484735,20
2011-12-02,0.6737482944212424,20
2011-12-05,0.6764598454775732,20
2011-12-06,0.6701251757772212,20
2011-12-07,0.6681251770594613,20
2011-12-08,0.653946686505233,20
2011-12-09,0.6650364550888843,20
2011-12-12,0.6554072859979153,20
2011-12-13,0.6441458829780824,20
2011-12-14,0.6330112102873934,20
2011-12-15,0.6377115870398455,20
2011-12-16,0.6410568321496591,20
2011-12-19,0.6344609019081534,20
2011-12-20,0.6545256267741626,20
2011-12-21,0.6554031961366197,20
2011-12-22,0.6592065495771955,20
2011-12-23,0.6655368116380818,20
2011-12-27,0.6697951222938917,20
2011-12-28,0.6591304562357364,20
2011-12-29,0.6657045389741453,20
2011-12-30,0.66025347381294,20
2012-01-03,0.6676307531266648,20
2012-01-04,0.6691796302013211,20
2012-01-05,0.6710750098230398,20
2012-01-06,0.6688374057032244,20
2012-01-09,0.6656223214809347,20
2012-01-10,0.6664714990213301,20
2012-01-11,0.6619884229408692,20
2012-01-12,0.663525247579801,20
2012-01-13,0.6591413226155428,20
2012-01-17,0.6667786378882101,20
2012-01-18,0.6776960498759955,20
2012-01-19,0.6765085092423431,20
2012-01-20,0.6703804950017995,20
2012-01-23,0.6746160237962472,20
2012-01-24,0.6752941416003009,20
2012-01-25,0.6809049701424961,20
2012-01-26,0.6717368150341537,20
2012-01-27,0.6739692010963394,20
2012-01-30,0.6740452761982236,20
2012-01-31,0.6740571759214778,20
2012-02-01,0.6800870740753339,20
2012-02-02,0.682908382670168,20
2012-02-03,0.6921587410026921,20
2012-02-06,0.6924993873968363,20
2012-02-07,0.69860798620039,20
2012-02-08,0.6996829531675643,20
2012-02-09,0.7078276039381145,20
2012-02-10,0.7033304078313884,20
2012-02-13,0.706593839163489,20
2012-02-14,0.7080377052427076,20
2012-02-15,0.7040008304207124,20
2012-02-16,0.7086089360783789,20
2012-02-17,0.7136345334547533,20
2012-02-21,0.713081721397313,20
2012-02-22,0.7163659785232902,20
2012-02-23,0.7173539920924197,20
2012-02-24,0.7185731267002518,20
2012-02-27,0.7200338420675287,20
2012-02-28,0.7197950992099458,20
2012-02-29,0.7168398152947427,20
2012-03-01,0.7237977416002945,20
2012-03-02,0.7198262953925159,20
2012-03-05,0.7180943957737119,20
2012-03-06,0.7061005905542707,20
2012-03-07,0.7120695954197158,20
2012-03-08,0.7225414394351838,20
2012-03-09,0.7247307691325424,20
2012-03-12,0.7217448280138477,20
2012-03-13,0.7302289972361137,20
2012-03-14,0.7281779816525776,20
2012-03-15,0.7309861004040936,20
2012-03-16,0.7338210750031873,20
2012-03-19,0.7356447772376798,20
2012-03-20,0.7336196913264261,20
2012-03-21,0.7340096803285594,20
2012-03-22,0.7300022285954203,20
2012-03-23,0.7294512158098317,20
2012-03-26,0.7411172889545335,20
2012-03-27,0.7415799710765075,20
2012-03-28,0.7350209239540316,20
2012-03-29,0.738424365549508,20
2012-03-30,0.7387114281872956,20
2012-04-02,0.7450160919262163,20
2012-04-03,0.7466991502635224,20
2012-04-04,0.7413965097963272,20
2012-04-05,0.7460870742977367,20
2012-04-09,0.739077102797327,20
2012-04-10,0.7203137056906708,20
2012-04-11,0.7290351044421784,20
2012-04-12,0.7431696591709471,20
2012-04-13,0.7424597886376434,20
2012-04-16,0.7323361491832285,20
2012-04-17,0.7394397092220202,20
2012-04-18,0.741673263420189,20
2012-04-19,0.7372932094469804,20
2012-04-20,0.742875427992221,20
2012-04-23,0.7330533504308349,20
2012-04-24,0.7281710614716892,20
2012-04-25,0.746727812191129,20
2012-04-26,0.7536284770239127,20
2012-04-27,0.7561747899065853,20
2012-04-30,0.7519512674811899,20
2012-05-01,0.7569774336235292,20
2012-05-02,0.7634014102645305,20
2012-05-03,0.7521429869174882,20
2012-05-04,0.7348960469364927,20
2012-05-07,0.7329208823170063,20
2012-05-08,0.7230407830845744,20
2012-05-09,0.7176066959935115,20
2012-05-10,0.7128426286691015,20
2012-05-11,0.7136451126559242,20
2012-05-14,0.702795668709711,20
2012-05-15,0.7016562910425997,20
2012-05-16,0.6989745533297926,20
2012-05-17,0.6776917914086319,20
2012-05-18,0.6731677686953036,20
2012-05-21,0.6915222222769959,20
2012-05-22,0.6940933733207326,20
2012-05-23,0.6984876974219506,20
2012-05-24,0.7020248096057656,20
2012-05-25,0.7000226635415657,20
2012-05-29,0.7116607031657706,20
2012-05-30,0.6992118148616442,20
2012-05-31,0.6938103910996771,20
2012-06-01,0.6659619713741979,20
2012-06-04,0.665703397456228,20
2012-06-05,0.6741882040906116,20
2012-06-06,0.6901697515816322,20
2012-06-07,0.6883038503367528,20
2012-06-08,0.6960967133153747,20
2012-06-11,0.6846094398092669,20
2012-06-12,0.693691112025796,20
2012-06-13,0.6811879523218025,20
2012-06-14,0.6889753156738552,20
2012-06-15,0.6969751767951214,20
2012-06-18,0.7051931646788817,20
2012-06-19,0.7143092187627432,20
2012-06-20,0.7132127823141664,20
2012-06-21,0.694651327556021,20
2012-06-22,0.7035781221225719,20
2012-06-25,0.6921542783043194,20
2012-06-26,0.697733047324859,20
2012-06-27,0.698827373521214,20
2012-06-28,0.6935437447628796,20
2012-06-29,0.7081316022658384,20
2012-07-02,0.7120316288682863,20
2012-07-03,0.713421609146464,20
2012-07-05,0.7185805494798193,20
2012-07-06,0.7128316116795667,20
2012-07-09,0.7094437661652472,20
2012-07-10,0.703077731328629,20
2012-07-11,0.6973246827462057,20
2012-07-12,0.6966942868210817,20
2012-07-13,0.7078894996425293,20
2012-07-16,0.7086600289167423,20
2012-07-17,0.7157189448192206,20
2012-07-18,0.7210181515840043,20
2012-07-19,0.7263592706799598,20
2012-07-20,0.7182022558704858,20
2012-07-23,0.7107359091046359,20
2012-07-24,0.7041431828936014,20
2012-07-25,0.6983485298063645,20
2012-07-26,0.712578936422622,20
2012-07-27,0.7227539597088376,20
2012-07-30,0.7197052300721709,20
2012-07-31,0.7096985115538945,20
2012-08-01,0.7038646620875159,20
2012-08-02,0.7072592377858429,20
2012-08-03,0.7209338867782158,20
2012-08-06,0.7203126533031085,20
2012-08-07,0.7254297968483533,20
2012-08-08,0.7228270537454539,20
2012-08-09,0.7254769664576394,20
2012-08-10,0.7269986936449969,20
2012-08-13,0.7279214712239117,20
2012-08-14,0.7288436599496737,20
2012-08-15,0.7323310923671945,20
2012-08-16,0.7404827020424036,20
2012-08-17,0.7431626004246015,20
2012-08-20,0.7354445477151184,20
2012-08-21,0.7317365097036712,20
2012-08-22,0.7358089370079035,20
2012-08-23,0.728849720918281,20
2012-08-24,0.7323262884387787,20
2012-08-27,0.7302828968136073,20
2012-08-28,0.7312405150020125,20
2012-08-29,0.7332943262321144,20
2012-08-30,0.7277959457108819,20
2012-08-31,0.7315065924278342,20
2012-09-04,0.7329213509267749,20
2012-09-05,0.7318227865832868,20
2012-09-06,0.7498986793464066,20
2012-09-07,0.7490201080302984,20
2012-09-10,0.7412682768778158,20
2012-09-11,0.7429119038405756,20
2012-09-12,0.7472313396097773,20
2012-09-13,0.7598231127249666,20
2012-09-14,0.7671327577806833,20
2012-09-17,0.7614204757344589,20
2012-09-18,0.758062472823564,20
2012-09-19,0.7628036931860752,20
2012-09-20,0.7657471977293139,20
2012-09-21,0.7686304429485266,20
2012-09-24,0.7644338578901759,20
2012-09-25,0.758102300753475,20
2012-09-26,0.7473012726509083,20
2012-09-27,0.759238766448837,20
2012-09-28,0.7544141375666347,20
2012-10-01,0.7558238201722555,20
2012-10-02,0.7575763529113394,20
2012-10-03,0.7666161585177182,20
2012-10-04,0.7727690031131031,20
2012-10-05,0.7720377583707907,20
2012-10-08,0.7680119910912958,20
2012-10-09,0.7524889377361973,20
2012-10-10,0.7443331568997081,20
2012-10-11,0.7414139314242453,20
2012-10-12,0.7387796953647894,20
2012-10-15,0.7469914951967946,20
2012-10-16,0.7581842101316725,20
2012-10-17,0.7644292574376056,20
2012-10-18,0.7625919897797253,20
2012-10-19,0.7529616583648483,20
2012-10-22,0.7547530308858545,20
2012-10-23,0.7403441832223586,20
2012-10-24,0.7413110963777388,20
2012-10-25,0.7416535251213483,20
2012-10-26,0.7380282629010689,20
2012-10-31,0.7333479043380513,20
2012-11-01,0.744226690057707,20
2012-11-02,0.7335274408920944,20
2012-11-05,0.7431252218291743,20
2012-11-06,0.7523540808803174,20
2012-11-07,0.7384030391448675,20
2012-11-08,0.7294319298241889,20
2012-11-09,0.724694504203412,20
2012-11-12,0.7207227132046036,20
2012-11-13,0.7177888494664265,20
2012-11-14,0.704164063437567,20
2012-11-15,0.7028394056181324,20
2012-11-16,0.7118763938195964,20
2012-11-19,0.7267170088660084,20
2012-11-20,0.7291932202959546,20
2012-11-21,0.7338339337105123,20
2012-11-23,0.7434086744080479,20
2012-11-26,0.7428929273882604,20
2012-11-27,0.7368255146120336,20
2012-11-28,0.7412302346507775,20
2012-11-29,0.742509010654356,20
2012-11-30,0.7399573613200786,20
2012-12-03,0.7355949013882259,20
2012-12-04,0.7337449754842394,20
2012-12-05,0.7321580756296927,20
2012-12-06,0.7353209800357224,20
2012-12-07,0.740056078418913,20
2012-12-10,0.738618977414484,20
2012-12-11,0.7439562448670578,20
2012-12-12,0.7445222488089951,20
2012-12-13,0.7387077523570329,20
2012-12-14,0.7385410627950808,20
2012-12-17,0.7532817231404401,20
2012-12-18,0.762779589994287,20
2012-12-19,0.75631461787692,20
2012-12-20,0.7637659393592994,20
2012-12-21,0.7539035971235996,20
2012-12-24,0.7539782430083916,20
2012-12-26,0.7498524685743521,20
2012-12-27,0.7496567878311851,20
2012-12-28,0.7414395996327082,20
2012-12-31,0.7586830210326537,20
2013-01-02,0.7825386787002878,20
2013-01-03,0.7743409639708668,20
2013-01-04,0.7780234794221612,20
2013-01-07,0.7744415150415479,20
2013-01-08,0.7769828910497434,20
2013-01-09,0.7829309116464469,20
2013-01-10,0.7874288772664582,20
2013-01-11,0.78608634234654,20
2013-01-14,0.7865586346509733,20
2013-01-15,0.7888294862826626,20
2013-01-16,0.7893759538037192,20
2013-01-17,0.7981365228487698,20
2013-01-18,0.7972731739958688,20
2013-01-22,0.8032077045340156,20
2013-01-23,0.8075610875944425,20
2013-01-24,0.8079002043186605,20
2013-01-25,0.8131489118925733,20
2013-01-28,0.8118182155077247,20
2013-01-29,0.8245412188222853,20
2013-01-30,0.8190265472280702,20
2013-01-31,0.8200736256400061,20
2013-02-01,0.8288687660695859,20
2013-02-04,0.8186073142680402,20
2013-02-05,0.831015658384654,20
2013-02-06,0.8306896506808222,20
2013-02-07,0.8300537210884005,20
2013-02-08,0.8369338693279815,20
2013-02-11,0.8352109807481518,20
2013-02-12,0.8388409424948229,20
2013-02-13,0.8455569823505813,20
2013-02-14,0.8643372249645422,20
2013-02-15,0.8631468310940204,20
2013-02-19,0.8655272004055723,20
2013-02-20,0.8387237903898657,20
2013-02-21,0.8339658938253391,20
2013-02-22,0.8458646354091058,20
2013-02-25,0.8241757929221064,20
2013-02-26,0.8399001184668818,20
2013-02-27,0.8540172639928452,20
2013-02-28,0.8533082463176863,20
2013-03-01,0.8602799313903831,20
2013-03-04,0.8731791783100376,20
2013-03-05,0.8797934814031547,20
2013-03-06,0.8783485731787802,20
2013-03-07,0.8764647210162796,20
2013-03-08,0.8822352488482781,20
2013-03-11,0.8823877715576258,20
2013-03-12,0.884082659677619,20
2013-03-13,0.8802747528464497,20
2013-03-14,0.8898042943075333,20
2013-03-15,0.8832847603272334,20
2013-03-18,0.8817115842095964,20
2013-03-19,0.8782890150375223,20
2013-03-20,0.8937212806772106,20
2013-03-21,0.8816358987757901,20
2013-03-22,0.8874097640855579,20
2013-03-25,0.8829997198998295,20
2013-03-26,0.8907813991135284,20
2013-03-27,0.8920019949102173,20
2013-03-28,0.8971073658991541,20
2013-04-01,0.8902685760907659,20
2013-04-02,0.8878472686907953,20
2013-04-03,0.8700576167581483,20
2013-04-04,0.8755550041870312,20
2013-04-05,0.8745930047588296,20
2013-04-08,0.8834638226615816,20
2013-04-09,0.8849339855662858,20
2013-04-10,0.8937533548068469,20
2013-04-11,0.8962703665388126,20
2013-04-12,0.8923874915289798,20
2013-04-15,0.8603522556099994,20
2013-04-16,0.8782277194695047,20
2013-04-17,0.8627453438099714,20
2013-04-18,0.8564280258658309,20
2013-04-19,0.8721684958875383,20
2013-04-22,0.8779483609327066,20
2013-04-23,0.8949856692675715,20
2013-04-24,0.8979929155950737,20
2013-04-25,0.9022506768679793,20
2013-04-26,0.8957272680101629,20
2013-04-29,0.8971948932701274,20
2013-04-30,0.8929245347741568,20
2013-05-01,0.8766557234665829,20
2013-05-02,0.8952290548356513,20
2013-05-03,0.9127855735685847,20
2013-05-06,0.9205437314676639,20
2013-05-07,0.9226391122425288,20
2013-05-08,0.9186050946992519,20
2013-05-09,0.9129485545161593,20
2013-05-10,0.9157025347646609,20
2013-05-13,0.9177656814975339,20
2013-05-14,0.9362614307396001,20
2013-05-15,0.9386758507400322,20
2013-05-16,0.9276839991217225,20
2013-05-17,0.9464846737202933,20
2013-05-20,0.9452128198680735,20
2013-05-21,0.9421817758840425,20
2013-05-22,0.9336326609851594,20
2013-05-23,0.9337642240721387,20
2013-05-24,0.9327568574043991,20
2013-05-28,0.9382012995995849,20
2013-05-29,0.9262340219387851,20
2013-05-30,0.9290696465269576,20
2013-05-31,0.9193415024068915,20
2013-06-03,0.9143373870826708,20
2013-06-04,0.9014856076516209,20
2013-06-05,0.8839424423443545,20
2013-06-06,0.9018244227128638,20
2013-06-07,0.9176357410773832,20
2013-06-10,0.9163972250363572,20
2013-06-11,0.8977583652483164,20
2013-06-12,0.8827572726749777,20
2013-06-13,0.8988803922437982,20
2013-06-14,0.8926633138565109,20
2013-06-17,0.896973013050908,20
2013-06-18,0.9026461679326838,20
2013-06-19,0.8888209732441669,20
2013-06-20,0.8559380163825456,20
2013-06-21,0.8498113855415319,20
2013-06-24,0.8363878717960656,20
2013-06-25,0.8556156849173161,20
2013-06-26,0.8639116650318018,20
2013-06-27,0.869229330645676,20
2013-06-28,0.8618489162240643,20
2013-07-01,0.8670822330716028,20
2013-07-02,0.8594164025216646,20
2013-07-03,0.8581862794873646,20
2013-07-05,0.8665161894448467,20
2013-07-08,0.8742004557609393,20
2013-07-09,0.8792528599577454,20
2013-07-10,0.8731730910900114,20
2013-07-11,0.8907005531553631,20
2013-07-12,0.902642941884475,20
2013-07-15,0.9056498779924064,20
2013-07-16,0.8956667933752738,20
2013-07-17,0.8972730828144335,20
2013-07-18,0.8977826199746756,20
2013-07-19,0.9014111210547981,20
2013-07-22,0.9056458283373864,20
2013-07-23,0.904012562546793,20
2013-07-24,0.8938836288154794,20
2013-07-25,0.8943439668635156,20
2013-07-26,0.8935092408038885,20
2013-07-29,0.8896841086600883,20
2013-07-30,0.893387199559423,20
2013-07-31,0.8999685362469353,20
2013-08-01,0.9160151705898868,20
2013-08-02,0.9135703826143021,20
2013-08-05,0.9169515830851845,20
2013-08-06,0.9089134885053058,20
2013-08-07,0.8985274567050627,20
2013-08-08,0.9034892968903332,20
2013-08-09,0.9028625477362004,20
2013-08-12,0.8991794605574399,20
2013-08-13,0.9067907749638252,20
2013-08-14,0.9027337246956325,20
2013-08-15,0.8845643444853284,20
2013-08-16,0.8854942401138163,20
2013-08-19,0.8743864344608396,20
2013-08-20,0.8894436572474399,20
2013-08-21,0.8864222936621663,20
2013-08-22,0.9002511121178698,20
2013-08-23,0.8989153346760219,20
2013-08-26,0.8946568763380166,20
2013-08-27,0.86796404184199,20
2013-08-28,0.8720999340518625,20
2013-08-29,0.8788016118344211,20
2013-08-30,0.8725754849317048,20
2013-09-03,0.884884156612448,20
2013-09-04,0.897426226145529,20
2013-09-05,0.9078840238803811,20
2013-09-06,0.9036052858161898,20
2013-09-09,0.915836674964405,20
2013-09-10,0.9271535181373668,20
2013-09-11,0.9275529260379484,20
2013-09-12,0.9208174539341666,20
2013-09-13,0.9243127021511545,20
2013-09-16,0.9312680176217554,20
2013-09-17,0.9386173921344424,20
2013-09-18,0.9407378636084165,20
2013-09-19,0.9351107731170561,20
2013-09-20,0.9279745083531028,20
2013-09-23,0.9179475347186707,20
2013-09-24,0.9200148902747474,20
2013-09-25,0.9206407653183506,20
2013-09-26,0.9243374852148455,20
2013-09-27,0.9206641113959327,20
2013-09-30,0.9153272591430117,20
2013-10-01,0.925263072420586,20
2013-10-02,0.9246103026549672,20
2013-10-03,0.9207447657801571,20
2013-10-04,0.9362304554416955,20
2013-10-07,0.9239042194818269,20
2013-10-08,0.9064111274714653,20
2013-10-09,0.9117059827884101,20
2013-10-10,0.9384126750699221,20
2013-10-11,0.9416584288843477,20
2013-10-14,0.948392333253141,20
2013-10-15,0.9445338495134139,20
2013-10-16,0.9651223747245907,20
2013-10-17,0.9749395103388392,20
2013-10-18,0.982330870976189,20
2013-10-21,0.9818076590643633,20
2013-10-22,0.9853971441349391,20
2013-10-23,0.975612870915952,20
2013-10-24,0.9796734785598661,20
2013-10-25,0.9799837525582453,20
2013-10-28,0.9758869701815077,20
2013-10-29,0.9850623492175855,20
2013-10-30,0.9845317126153709,20
2013-10-31,0.9761213286471241,20
2013-11-01,0.9900270360682512,20
2013-11-04,1.0016928907286053,20
2013-11-05,1.0010880581732913,20
2013-11-06,0.9920027051775132,20
2013-11-07,0.97252269397175,20
2013-11-08,0.9978324206220325,20
2013-11-11,1.005821435945348,20
2013-11-12,1.005442351160142,20
2013-11-13,1.0197546524150751,20
2013-11-14,1.0307385396583504,20
2013-11-15,1.033122511994295,20
2013-11-18,1.0272387053159895,20
2013-11-19,1.0199283664645087,20
2013-11-20,1.0201912369803905,20
2013-11-21,1.0355803332594757,20
2013-11-22,1.0415167668130307,20
2013-11-25,1.0396416051159019,20
2013-11-26,1.0404725541273738,20
2013-11-27,1.0486296532433477,20
2013-11-29,1.0454261396269937,20
2013-12-02,1.0489233487454017,20
2013-12-03,1.0393348782448133,20
2013-12-04,1.0395035714850356,20
2013-12-05,1.0326438363514456,20
2013-12-06,1.0472854659357709,20
2013-12-09,1.0480251548980746,20
2013-12-10,1.047708259030036,20
2013-12-11,1.0275367112532894,20
2013-12-12,1.0289007529388596,20
2013-12-13,1.0343012893051589,20
2013-12-16,1.0414726255120788,20
2013-12-17,1.0378927131425804,20
2013-12-18,1.0462184430139132,20
2013-12-19,1.0447901313174204,20
2013-12-20,1.0532131259091146,20
2013-12-23,1.0582962955338986,20
2013-12-24,1.06020152280998,20
2013-12-26,1.0659257267152618,20
2013-12-27,1.0561812914393633,20
2013-12-30,1.0556058392963268,20
2013-12-31,1.059998242952348,20
2014-01-02,1.0569983414484487,20
2014-01-03,1.0626308409475007,20
2014-01-06,1.0563862298627449,20
2014-01-07,1.069571808694476,20
2014-01-08,1.0834878797348204,20
2014-01-09,1.087284178191167,20
2014-01-10,1.0938821004175656,20
2014-01-13,1.0731061019348564,20
2014-01-14,1.0903011902706174,20
2014-01-15,1.0938294466302256,20
2014-01-16,1.0803447593332567,20
2014-01-17,1.0712130653808558,20
2014-01-21,1.0775289374904653,20
2014-01-22,1.084630102614003,20
2014-01-23,1.068291617269916,20
2014-01-24,1.0381322694640782,20
2014-01-27,1.0266341817877196,20
2014-01-28,1.0327656930477174,20
2014-01-29,1.018558029402374,20
2014-01-30,1.0418735859319634,20
2014-01-31,1.038586632957924,20
2014-02-03,1.0059397581949838,20
2014-02-04,1.0156129458945449,20
2014-02-05,1.0111983099623911,20
2014-02-06,1.025132424921172,20
2014-02-07,1.0477736889198779,20
2014-02-10,1.0482672764274121,20
2014-02-11,1.0584223513901194,20
2014-02-12,1.0590005618984673,20
2014-02-13,1.0728914484080385,20
2014-02-14,1.071079804458758,20
2014-02-18,1.079944705402415,20
2014-02-19,1.0666662180647652,20
2014-02-20,1.0774346776258816,20
2014-02-21,1.0779689003374184,20
2014-02-24,1.0869114701751137,20
2014-02-25,1.087416237327335,20
2014-02-26,1.08467735192865,20
2014-02-27,1.0897512237691813,20
2014-02-28,1.0923797616194286,20
2014-03-03,1.0837454181242014,20
2014-03-04,1.112577090003601,20
2014-03-05,1.1154926778861347,20
2014-03-06,1.11748655226479,20
2014-03-07,1.1166733501298078,20
2014-03-10,1.116551547373654,20
2014-03-11,1.1036591564827538,20
2014-03-12,1.1031876011948152,20
2014-03-13,1.0848533666589917,20
2014-03-14,1.085434707722353,20
2014-03-17,1.0959029771536706,20
2014-03-18,1.1077872733786045,20
2014-03-19,1.1162066557261143,20
2014-03-20,1.1273535345853682,20
2014-03-21,1.121958780876194,20
2014-03-24,1.1146179374114693,20
2014-03-25,1.1158434427267803,20
2014-03-26,1.097211663301486,20
2014-03-27,1.0885081985123812,20
2014-03-28,1.0892949198352757,20
2014-03-31,1.1097657437467716,20
2014-04-01,1.1321681072682919,20
2014-04-02,1.1380954203109894,20
2014-04-03,1.1258564479076671,20
2014-04-04,1.0967282583140547,20
2014-04-07,1.0724302840667503,20
2014-04-08,1.0792056546905702,20
2014-04-09,1.0997652250321464,20
2014-04-10,1.055455207984301,20
2014-04-11,1.0380459476439112,20
2014-04-14,1.0489994359051806,20
2014-04-15,1.0576434301059536,20
2014-04-16,1.081881579145029,20
2014-04-17,1.0869812187093213,20
2014-04-21,1.0946626068651604,20
2014-04-22,1.1067825554657305,20
2014-04-23,1.1062348237162385,20
2014-04-24,1.1069004309625028,20
2014-04-25,1.0825011190921954,20
2014-04-28,1.0693249551889454,20
2014-04-29,1.0791700972403062,20
2014-04-30,1.0907736303176303,20
2014-05-01,1.086768233430929,20
2014-05-02,1.0897545401297948,20
2014-05-05,1.0970293191395109,20
2014-05-06,1.088690961142745,20
2014-05-07,1.086606740383095,20
2014-05-08,1.0853212722966765,20
2014-05-09,1.0869720857450293,20
2014-05-12,1.1084547903021211,20
2014-05-13,1.1080728073653894,20
2014-05-14,1.0973995181040912,20
2014-05-15,1.0798491837994961,20
2014-05-16,1.0796233346267148,20
2014-05-19,1.0934972995175363,20
2014-05-20,1.0823421906393083,20
2014-05-21,1.0958837472758112,20
2014-05-22,1.100476428577863,20
2014-05-23,1.1138073285364274,20
2014-05-27,1.129162707186908,20
2014-05-28,1.1328344463414013,20
2014-05-29,1.139651025367579,20
2014-05-30,1.1344269485968381,20
2014-06-02,1.1422779013990942,20
2014-06-03,1.1432440856447352,20
2014-06-04,1.1498305700135538,20
2014-06-05,1.158395400395353,20
2014-06-06,1.1684037112285297,20
2014-06-09,1.16319932672596,20
2014-06-10,1.1592393014038824,20
2014-06-11,1.1561866865786776,20
2014-06-12,1.1421862110375594,20
2014-06-13,1.152024226875516,20
2014-06-16,1.1562375442692812,20
2014-06-17,1.1635631653183993,20
2014-06-18,1.1755149891902743,20
2014-06-19,1.1751839121734136,20
2014-06-20,1.1814729106877138,20
2014-06-23,1.1763304144256972,20
2014-06-24,1.164113134028359,20
2014-06-25,1.1712233065560904,20
2014-06-26,1.1699854943505883,20
2014-06-27,1.1703195757217868,20
2014-06-30,1.1690441403085292,20
2014-07-01,1.1855182973433274,20
2014-07-02,1.1822721233140716,20
2014-07-03,1.1905910047416133,20
2014-07-07,1.1744914735173775,20
2014-07-08,1.1622708870660388,20
2014-07-09,1.1728899114273108,20
2014-07-10,1.1687783175372555,20
2014-07-11,1.169882059762472,20
2014-07-14,1.1785853092553367,20
2014-07-15,1.1768996008226056,20
2014-07-16,1.1799987273368562,20
2014-07-17,1.1564107128673045,20
2014-07-18,1.1727326204043382,20
2014-07-21,1.1678263334921448,20
2014-07-22,1.1817053336958627,20
2014-07-23,1.1909488770801462,20
2014-07-24,1.199620119693275,20
2014-07-25,1.1988729972544252,20
2014-07-28,1.1979803139327896,20
2014-07-29,1.193661650333681,20
2014-07-30,1.1836541221002628,20
2014-07-31,1.1565065511148256,20
2014-08-01,1.1575042442327776,20
2014-08-04,1.170102240580353,20
2014-08-05,1.1562456322222234,20
2014-08-06,1.149743084426803,20
2014-08-07,1.1437730300799043,20
2014-08-08,1.154462195497023,20
2014-08-11,1.1615650258322718,20
2014-08-12,1.1562603091065384,20
2014-08-13,1.1691806588922202,20
2014-08-14,1.171179418154036,20
2014-08-15,1.1754239215486848,20
2014-08-18,1.189474210319047,20
2014-08-19,1.1962680170457167,20
2014-08-20,1.2015712530792315,20
2014-08-21,1.200149369037538,20
2014-08-22,1.2040901961896002,20
2014-08-25,1.2098518462511967,20
2014-08-26,1.2089754977994707,20
2014-08-27,1.2115162458104272,20
2014-08-28,1.2085592108751106,20
2014-08-29,1.2119549981108784,20
2014-09-02,1.2135727930325864,20
2014-09-03,1.2129227247808123,20
2014-09-04,1.210835850810829,20
2014-09-05,1.2162470002462533,20
2014-09-08,1.214276055624987,20
2014-09-09,1.2006911606941233,20
2014-09-10,1.2045113444122773,20
2014-09-11,1.2034969456413667,20
2014-09-12,1.1924622006953278,20
2014-09-15,1.1793173992372374,20
2014-09-16,1.1930849099093677,20
2014-09-17,1.192011424238474,20
2014-09-18,1.2025412303976935,20
2014-09-19,1.1921881394781995,20
2014-09-22,1.1735369247856313,20
2014-09-23,1.167508098660832,20
2014-09-24,1.1835789388494735,20
2014-09-25,1.1630274087562031,20
2014-09-26,1.1796693617037421,20
2014-09-29,1.179302916506956,20
2014-09-30,1.1699104320165037,20
2014-10-01,1.1394992694415809,20
2014-10-02,1.1347203395958407,20
2014-10-03,1.1486547263934759,20
2014-10-06,1.1416765956903723,20
2014-10-07,1.1209082588298656,20
2014-10-08,1.1402310340526594,20
2014-10-09,1.10012210240298,20
2014-10-10,1.0695027578042628,20
2014-10-13,1.0270532319397325,20
2014-10-14,1.0285795168183243,20
2014-10-15,1.0285698435766708,20
2014-10-16,1.0453907091482928,20
2014-10-17,1.062240535061822,20
2014-10-20,1.081431459510531,20
2014-10-21,1.1152439854239908,20
2014-10-22,1.100264275027996,20
2014-10-23,1.1092132785758388,20
2014-10-24,1.121578620503704,20
2014-10-27,1.1193990334291595,20
2014-10-28,1.1392137461891285,20
2014-10-29,1.1400404375828201,20
2014-10-30,1.1413307576789258,20
2014-10-31,1.163070730295642,20
2014-11-03,1.1662876446325914,20
2014-11-04,1.1593591521648265,20
2014-11-05,1.1620522216254379,20
2014-11-06,1.1716564681270643,20
2014-11-07,1.167300935349211,20
2014-11-10,1.1748990045300827,20
2014-11-11,1.1776830431341518,20
2014-11-12,1.1737342715775916,20
2014-11-13,1.1734432226426674,20
2014-11-14,1.1753837266220017,20
2014-11-17,1.1766262519678252,20
2014-11-18,1.1912749155658535,20
2014-11-19,1.1856967236926483,20
2014-11-20,1.1869187638369243,20
2014-11-21,1.1897517195318292,20
2014-11-24,1.1955653334596077,20
2014-11-25,1.1975837099561695,20
2014-11-26,1.2088548169231141,20
2014-11-28,1.202570538831779,20
2014-12-01,1.185173902408226,20
2014-12-02,1.1977327477544473,20
2014-12-03,1.204250339411163,20
2014-12-04,1.2040077077372178,20
2014-12-05,1.2121447017826028,20
2014-12-08,1.201048722369912,20
2014-12-09,1.20101046921346,20
2014-12-10,1.1807378368079986,20
2014-12-11,1.1912577493535172,20
2014-12-12,1.1718070593814163,20
2014-12-15,1.1675390366408736,20
2014-12-16,1.1494983672278696,20
2014-12-17,1.1772228861684009,20
2014-12-18,1.2023547559430496,20
2014-12-19,1.2093479279444894,20
2014-12-22,1.2044403089532731,20
2014-12-23,1.199952491597201,20
2014-12-24,1.2032123566617348,20
2014-12-26,1.2084716711051038,20
2014-12-29,1.2117602489663013,20
2014-12-30,1.2049246908959734,20
2014-12-31,1.1931464439231545,20
2015-01-02,1.1939250790163016,20
2015-01-05,1.173222947217181,20
2015-01-06,1.159802466476561,20
2015-01-07,1.175262140411736,20
2015-01-08,1.2025350194111135,20
2015-01-09,1.189814634672709,20
2015-01-12,1.1759103233193886,20
2015-01-13,1.1655175639816895,20
2015-01-14,1.160493315960298,20
2015-01-15,1.147159857356327,20
2015-01-16,1.1610585235659276,20
2015-01-20,1.1717626819027165,20
2015-01-21,1.1775898000405116,20
2015-01-22,1.2052609083912567,20
2015-01-23,1.2032108803044603,20
2015-01-26,1.2072416969295636,20
2015-01-27,1.1890467330944448,20
2015-01-28,1.1760458068720105,20
2015-01-29,1.1903396844285858,20
2015-01-30,1.160450211001254,20
2015-02-02,1.1621389765701406,20
2015-02-03,1.1752090584910868,20
2015-02-04,1.1776526694424176,20
2015-02-05,1.189384420642067,20
2015-02-06,1.1827232341540688,20
2015-02-09,1.1644292259403093,20
2015-02-10,1.1924413204412194,20
2015-02-11,1.197229641053006,20
2015-02-12,1.2027899025114057,20
2015-02-13,1.2014940396755944,20
2015-02-17,1.2065610814646313,20
2015-02-18,1.2127614340209203,20
2015-02-19,1.2178677192739429,20
2015-02-20,1.2248629615871052,20
2015-02-23,1.2243997176874797,20
2015-02-24,1.2242163267841237,20
2015-02-25,1.2140532457371673,20
2015-02-26,1.2151362791061173,20
2015-02-27,1.2077743919017718,20
2015-03-02,1.222784148870069,20
2015-03-03,1.218319842427792,20
2015-03-04,1.2180854643748291,20
2015-03-05,1.2144301391298704,20
2015-03-06,1.1956829173591144,20
2015-03-09,1.2000412294391694,20
2015-03-10,1.1825162561013252,20
2015-03-11,1.1865362205077719,20
2015-03-12,1.2002601654838791,20
2015-03-13,1.1954529726358958,20
2015-03-16,1.2237770521902132,20
2015-03-17,1.2225407940016642,20
2015-03-18,1.2353797521233463,20
2015-03-19,1.2392988987441582,20
2015-03-20,1.2394669857248772,20
2015-03-23,1.2344482109973065,20
2015-03-24,1.2256625087760393,20
2015-03-25,1.1986251487861406,20
2015-03-26,1.1941439438914012,20
2015-03-27,1.208287840635189,20
2015-03-30,1.2216285063704224,20
2015-03-31,1.20689155775569,20
2015-04-01,1.1993883341941385,20
2015-04-02,1.202391789339898,20
2015-04-06,1.2030389817264944,20
2015-04-07,1.199780324984285,20
2015-04-08,1.2083313422572557,20
2015-04-09,1.2121955794741337,20
2015-04-10,1.218345800595826,20
2015-04-13,1.21196238853669,20
2015-04-14,1.2062536086081899,20
2015-04-15,1.2076710074606596,20
2015-04-16,1.2077341137527566,20
2015-04-17,1.1928241841281195,20
2015-04-20,1.197153098937455,20
2015-04-21,1.2027432395246007,20
2015-04-22,1.2017875063739305,20
2015-04-23,1.208230933652164,20
2015-04-24,1.204476923758151,20
2015-04-27,1.192591119179987,20
2015-04-28,1.191229971877426,20
2015-04-29,1.1776683499951393,20
2015-04-30,1.1576439139782797,20
2015-05-01,1.1789281248767611,20
2015-05-04,1.1820413703404105,20
2015-05-05,1.1607471646602328,20
2015-05-06,1.1613931558498973,20
2015-05-07,1.1787155797102271,20
2015-05-08,1.1974203083085342,20
2015-05-11,1.197625496314887,20
2015-05-12,1.1942911623356802,20
2015-05-13,1.1904928776975365,20
2015-05-14,1.205684737983968,20
2015-05-15,1.2086615781229908,20
2015-05-18,1.220693130111156,20
2015-05-19,1.2196026371321722,20
2015-05-20,1.2010546985009036,20
2015-05-21,1.2048439976149843,20
2015-05-22,1.2044939866063344,20
2015-05-26,1.1930487031549857,20
2015-05-27,1.2084271157145448,20
2015-05-28,1.207162406104295,20
2015-05-29,1.206215326577606,20
2015-06-01,1.212197122517049,20
2015-06-02,1.2047402849563882,20
2015-06-03,1.2065476516736706,20
2015-06-04,1.1966705265897903,20
2015-06-05,1.1999208280195137,20
2015-06-08,1.187955477213161,20
2015-06-09,1.186841937480871,20
2015-06-10,1.2021140394388494,20
2015-06-11,1.2049084860751778,20
2015-06-12,1.1967122505514012,20
2015-06-15,1.1983638200316755,20
2015-06-16,1.2080638885469803,20
2015-06-17,1.2119799988916011,20
2015-06-18,1.2269886314609746,20
2015-06-19,1.2264733293120291,20
2015-06-22,1.235522909434168,20
2015-06-23,1.2374605971426849,20
2015-06-24,1.2258699779248696,20
2015-06-25,1.243805353139023,20
2015-06-26,1.2332560721805506,20
2015-06-29,1.2028064883897422,20
2015-06-30,1.2069683131129068,20
2015-07-01,1.2188706268387297,20
2015-07-02,1.2148280260900002,20
2015-07-06,1.212203244820076,20
2015-07-07,1.2118276867360396,20
2015-07-08,1.187019117819088,20
2015-07-09,1.190146764026526,20
2015-07-10,1.2154310831998265,20
2015-07-13,1.2259967629018764,20
2015-07-14,1.2322095328081495,20
2015-07-15,1.2310735828758566,20
2015-07-16,1.2403923591505315,20
2015-07-17,1.2371415751697095,20
2015-07-20,1.236048021954194,20
2015-07-21,1.2310191807434538,20
2015-07-22,1.2317863023362225,20
2015-07-23,1.2327101309027721,20
2015-07-24,1.2142971198643941,20
2015-07-27,1.207364464324866,20
2015-07-28,1.2233285338507556,20
2015-07-29,1.2239503094105388,20
2015-07-30,1.2234414152026305,20
2015-07-31,1.2243486156367003,20
2015-08-03,1.218132777212407,20
2015-08-04,1.22539888003728,20
2015-08-05,1.236660528439933,20
2015-08-06,1.2243713920371952,20
2015-08-07,1.2241849846880482,20
2015-08-10,1.2343642143528257,20
2015-08-11,1.232294779612204,20
2015-08-12,1.2278254076748123,20
2015-08-13,1.2320279410638255,20
2015-08-14,1.234731189275337,20
2015-08-17,1.249228066514035,20
2015-08-18,1.2530391836655486,20
2015-08-19,1.2510278809812376,20
2015-08-20,1.2183975891245844,20
2015-08-21,1.1686570716515432,20
2015-08-24,1.1268436617899429,20
2015-08-25,1.1215989986444153,20
2015-08-26,1.168873623596308,20
2015-08-27,1.1951016485655226,20
2015-08-28,1.1914704067961777,20
2015-08-31,1.1793500373523638,20
2015-09-01,1.140254245068549,20
2015-09-02,1.16144202194581,20
2015-09-03,1.1588646366631679,20
2015-09-04,1.1464744713055557,20
2015-09-08,1.1737133624075338,20
2015-09-09,1.1647153517023114,20
2015-09-10,1.168302225222562,20
2015-09-11,1.1777702701981174,20
2015-09-14,1.168568419059232,20
2015-09-15,1.18406942735887,20
2015-09-16,1.1950335863981398,20
2015-09-17,1.2012482021059354,20
2015-09-18,1.184931037807139,20
2015-09-21,1.1914126846376774,20
2015-09-22,1.1829563132096674,20
2015-09-23,1.1908940315076877,20
2015-09-24,1.185863016021181,20
2015-09-25,1.1827845446924186,20
2015-09-28,1.1414982175390145,20
2015-09-29,1.1351678476117553,20
2015-09-30,1.1616271801855473,20
2015-10-01,1.176163199008573,20
2015-10-02,1.1901411616400757,20
2015-10-05,1.2042341040815963,20
2015-10-06,1.1793758869820699,20
2015-10-07,1.1850222056817221,20
2015-10-08,1.1908648989663928,20
2015-10-09,1.1974575566525112,20
2015-10-12,1.2045032043700394,20
2015-10-13,1.1905305743322063,20
2015-10-14,1.173934220438242,20
2015-10-15,1.1855098916917712,20
2015-10-16,1.1935411357861403,20
2015-10-19,1.199430083354298,20
2015-10-20,1.194871115262183,20
2015-10-21,1.1872792720636811,20
2015-10-22,1.1876625530226361,20
2015-10-23,1.193980631299599,20
2015-10-26,1.1994335008835428,20
2015-10-27,1.2008566928961253,20
2015-10-28,1.2204567573852374,20
2015-10-29,1.2214348217168693,20
2015-10-30,1.2243438495720087,20
2015-11-02,1.2351261096093424,20
2015-11-03,1.2338479337175186,20
2015-11-04,1.2329780220299624,20
2015-11-05,1.2420755892296913,20
2015-11-06,1.242020183863296,20
2015-11-09,1.2264771742064953,20
2015-11-10,1.2408014253204442,20
2015-11-11,1.2339291380600415,20
2015-11-12,1.2123612255441925,20
2015-11-13,1.189078362256489,20
2015-11-16,1.2099428412543298,20
2015-11-17,1.2110995366035238,20
2015-11-18,1.2332391087274086,20
2015-11-19,1.225621664617402,20
2015-11-20,1.2441723372219462,20
2015-11-23,1.250528359704654,20
2015-11-24,1.2502832238804307,20
2015-11-25,1.2547423314276083,20
2015-11-27,1.254995140043075,20
2015-11-30,1.2404150434006598,20
2015-12-01,1.2618782319024946,20
2015-12-02,1.2539346425505782,20
2015-12-03,1.2240940076510365,20
2015-12-04,1.2561045348078852,20
2015-12-07,1.2437151331044107,20
2015-12-08,1.2478019187321592,20
2015-12-09,1.2278946313078751,20
2015-12-10,1.2303551197161522,20
2015-12-11,1.1993465586002383,20
2015-12-14,1.2132162697434339,20
2015-12-15,1.220597260786457,20
2015-12-16,1.2426358418719226,20
2015-12-17,1.2304887743900659,20
2015-12-18,1.2119080504645334,20
2015-12-21,1.222766129614867,20
2015-12-22,1.2272950528246998,20
2015-12-23,1.2335577669572506,20
2015-12-24,1.2300832733011564,20
2015-12-28,1.2321799938638374,20
2015-12-29,1.2466798801349608,20
2015-12-30,1.239031016482545,20
2015-12-31,1.2233091766518345,20
2016-01-04,1.1921288919995225,20
2016-01-05,1.1941797261943667,20
2016-01-06,1.1837442026513034,20
2016-01-07,1.1584963335702274,20
2016-01-08,1.1349280331012686,20
2016-01-11,1.1378697455623117,20
2016-01-12,1.1595412549912716,20
2016-01-13,1.1137809531362115,20
2016-01-14,1.134501394259007,20
2016-01-15,1.1085841260293094,20
2016-01-19,1.1181382673097129,20
2016-01-20,1.1114701827016407,20
2016-01-21,1.1113619957974905,20
2016-01-22,1.1388588896531593,20
2016-01-25,1.11843150932093,20
2016-01-26,1.130445128566575,20
2016-01-27,1.109358037370921,20
2016-01-28,1.1313230930776943,20
2016-01-29,1.1571090183678125,20
2016-02-01,1.1645706454489118,20
2016-02-02,1.130300009440444,20
2016-02-03,1.1173301197633816,20
2016-02-04,1.1174163968675088,20
2016-02-05,1.0656461251263294,20
2016-02-08,1.0376759958676007,20
2016-02-09,1.0561942326529854,20
2016-02-10,1.065298883034291,20
2016-02-11,1.0608073473924262,20
2016-02-12,1.078872314832191,20
2016-02-16,1.10086202050791,20
2016-02-17,1.1221920368957325,20
2016-02-18,1.106285985393839,20
2016-02-19,1.1132246208475869,20
2016-02-22,1.1317639883024917,20
2016-02-23,1.1210578667426687,20
2016-02-24,1.133388704908511,20
2016-02-25,1.1552206776162253,20
2016-02-26,1.1499457734524676,20
2016-02-29,1.139891146137494,20
2016-03-01,1.1685873429610647,20
2016-03-02,1.166907236499326,20
2016-03-03,1.1716573576623295,20
2016-03-04,1.170251762114011,20
2016-03-07,1.1570211582614383,20
2016-03-08,1.1520392640151114,20
2016-03-09,1.159186883239627,20
2016-03-10,1.1602604391536988,20
2016-03-11,1.1823982922435836,20
2016-03-14,1.185134309567246,20
2016-03-15,1.1893781758020656,20
2016-03-16,1.1964611458228762,20
2016-03-17,1.1954647243412762,20
2016-03-18,1.1933427133409376,20
2016-03-21,1.1970566098714797,20
2016-03-22,1.1953542674062978,20
2016-03-23,1.1883903514274339,20
2016-03-24,1.1910165940423985,20
2016-03-28,1.1916187844203658,20
2016-03-29,1.2041464808783962,20
2016-03-30,1.211363667202149,20
2016-03-31,1.2100381284494,20
2016-04-01,1.2222870603672913,20
2016-04-04,1.2182667224398571,20
2016-04-05,1.2046222423561677,20
2016-04-06,1.21705360474375,20
2016-04-07,1.2047044884333988,20
2016-04-08,1.2042632980452488,20
2016-04-11,1.1991675620476534,20
2016-04-12,1.2077681499036836,20
2016-04-13,1.2228945214734013,20
2016-04-14,1.2189370125754577,20
2016-04-15,1.2230088011018514,20
2016-04-18,1.2305004640192492,20
2016-04-19,1.2173676607836383,20
2016-04-20,1.2206689655391123,20
2016-04-21,1.2126599325185088,20
2016-04-22,1.199804096479042,20
2016-04-25,1.1982800976971402,20
2016-04-26,1.1979149277102994,20
2016-04-27,1.1943160073726875,20
2016-04-28,1.1752134305326922,20
2016-04-29,1.17812147792197,20
2016-05-02,1.192825074233823,20
2016-05-03,1.1819162932319587,20
2016-05-04,1.1791364356837173,20
2016-05-05,1.178931563613727,20
2016-05-06,1.1915079933280641,20
2016-05-09,1.1959784892352934,20
2016-05-10,1.211980400041413,20
2016-05-11,1.1979848820955423,20
2016-05-12,1.2005637512625043,20
2016-05-13,1.1880216627574152,20
2016-05-16,1.195777176261092,20
2016-05-17,1.177695960663584,20
2016-05-18,1.1763287112478031,20
2016-05-19,1.1721271724513127,20
2016-05-20,1.180048057845082,20
2016-05-23,1.1757759640868168,20
2016-05-24,1.2006892803908569,20
2016-05-25,1.20095606783417,20
2016-05-26,1.201261590267488,20
2016-05-27,1.207455457857854,20
2016-05-31,1.2082066837356031,20
2016-06-01,1.209001713716084,20
2016-06-02,1.2127261819355521,20
2016-06-03,1.2041736991448013,20
2016-06-06,1.202969008015661,20
2016-06-07,1.206312838180588,20
2016-06-08,1.2132268815076879,20
2016-06-09,1.219145390547411,20
2016-06-10,1.2090381000043713,20
2016-06-13,1.2003804107828522,20
2016-06-14,1.1953199710285431,20
2016-06-15,1.194248392954098,20
2016-06-16,1.1986239387065007,20
2016-06-17,1.1899028023380207,20
2016-06-20,1.1986126459144562,20
2016-06-21,1.2027100456869937,20
2016-06-22,1.1959363621417476,20
2016-06-23,1.2049753560753542,20
2016-06-24,1.169960052968528,20
2016-06-27,1.1537777096394637,20
2016-06-28,1.174446542963439,20
2016-06-29,1.1949288536609637,20
2016-06-30,1.208112539640195,20
2016-07-01,1.2107889207841476,20
2016-07-05,1.209554513801057,20
2016-07-06,1.2180834784918204,20
2016-07-07,1.2177214875691118,20
2016-07-08,1.2378643302354955,20
2016-07-11,1.245781954188725,20
2016-07-12,1.2573216384431998,20
2016-07-13,1.2562364466242235,20
2016-07-14,1.261774251767436,20
2016-07-15,1.2603950230202796,20
2016-07-18,1.2617454689179979,20
2016-07-19,1.2604422773342217,20
2016-07-20,1.2699801652892542,20
2016-07-21,1.2513383963467075,20
2016-07-22,1.2591465359635379,20
2016-07-25,1.2581801023603307,20
2016-07-26,1.2670258752038353,20
2016-07-27,1.267063787347515,20
2016-07-28,1.2723537584458122,20
2016-07-29,1.27202216502568,20
2016-08-01,1.2681929545682105,20
2016-08-02,1.2582440301358213,20
2016-08-03,1.2640552771651574,20
2016-08-04,1.2615000769492457,20
2016-08-05,1.2709858140204424,20
2016-08-08,1.2661766253761497,20
2016-08-09,1.2702781938641043,20
2016-08-10,1.2686596296711183,20
2016-08-11,1.2746018919300888,20
2016-08-12,1.274135258925678,20
2016-08-15,1.2781247404543465,20
2016-08-16,1.270267440690696,20
2016-08-17,1.273168171160678,20
2016-08-18,1.283451707084314,20
2016-08-19,1.2913269789101012,20
2016-08-22,1.289008315834319,20
2016-08-23,1.2959411034426824,20
2016-08-24,1.2830150345898532,20
2016-08-25,1.2779335665431397,20
2016-08-26,1.2787020019642328,20
2016-08-29,1.2848796704741112,20
2016-08-30,1.280019444554026,20
2016-08-31,1.2720399933111157,20
2016-09-01,1.280451053507343,20
2016-09-02,1.2817892784593192,20
2016-09-06,1.28201403305096,20
2016-09-07,1.28178280215174,20
2016-09-08,1.279502641538767,20
2016-09-09,1.242988366969017,20
2016-09-12,1.2641125876669788,20
2016-09-13,1.245130327109194,20
2016-09-14,1.2474143830556432,20
2016-09-15,1.2639696110203316,20
2016-09-16,1.2594006582680548,20
2016-09-19,1.262088316768534,20
2016-09-20,1.260946341368491,20
2016-09-21,1.2766767410674202,20
2016-09-22,1.2858330744661772,20
2016-09-23,1.276796592129985,20
2016-09-26,1.2687414848712164,20
2016-09-27,1.279662168966663,20
2016-09-28,1.2834136502683076,20
2016-09-29,1.274842048235929,20
2016-09-30,1.2800530233175929,20
2016-10-03,1.2757226679229874,20
2016-10-04,1.2626275913579394,20
2016-10-05,1.2731172119579781,20
2016-10-06,1.2763318465298812,20
2016-10-07,1.2682017811167963,20
2016-10-10,1.271428866763373,20
2016-10-11,1.2483640333866344,20
2016-10-12,1.250063106814601,20
2016-10-13,1.2453146232780778,20
2016-10-14,1.245253617217087,20
2016-10-17,1.2390532236025025,20
2016-10-18,1.249504273956985,20
2016-10-19,1.2540549604182993,20
2016-10-20,1.2581431195366977,20
2016-10-21,1.2589687954321644,20
2016-10-24,1.2728415260831751,20
2016-10-25,1.255052959205737,20
2016-10-26,1.2361843582243741,20
2016-10-27,1.221815448913594,20
2016-10-28,1.2230395633744486,20
2016-10-31,1.2288553663106825,20
2016-11-01,1.2159060577593541,20
2016-11-02,1.2079797382647872,20
2016-11-03,1.1923758036226155,20
2016-11-04,1.1955263978504482,20
2016-11-07,1.2245123133192604,20
2016-11-08,1.2323201381977034,20
2016-11-09,1.2381328625152082,20
2016-11-10,1.2307875768961194,20
2016-11-11,1.2296768947678365,20
2016-11-14,1.2269396024887989,20
2016-11-15,1.244668315838714,20
2016-11-16,1.2439362424358482,20
2016-11-17,1.2536255215053842,20
2016-11-18,1.253507086326687,20
2016-11-21,1.2691049576968307,20
2016-11-22,1.2737471686025357,20
2016-11-23,1.278883409534543,20
2016-11-25,1.282842291376407,20
2016-11-28,1.271386963474015,20
2016-11-29,1.2703641153546177,20
2016-11-30,1.2717790719896716,20
2016-12-01,1.2427199117135612,20
2016-12-02,1.247352766593707,20
2016-12-05,1.2575287564476394,20
2016-12-06,1.263417651099676,20
2016-12-07,1.2839631769294066,20
2016-12-08,1.2805937619274586,20
2016-12-09,1.280571211939949,20
2016-12-12,1.2766549964534633,20
2016-12-13,1.283236370719225,20
2016-12-14,1.2740487236137927,20
2016-12-15,1.2755337815421788,20
2016-12-16,1.269104809657762,20
2016-12-19,1.2682907716037408,20
2016-12-20,1.2726389700929894,20
2016-12-21,1.270835002358882,20
2016-12-22,1.2664056919125222,20
2016-12-23,1.2670320082056823,20
2016-12-27,1.2698643760273278,20
2016-12-28,1.2549236926990683,20
2016-12-29,1.2557137267922815,20
2016-12-30,1.2460438930876945,20
2017-01-03,1.2578456505763134,20
2017-01-04,1.2682907780618113,20
2017-01-05,1.2583383963325918,20
2017-01-06,1.263922585055372,20
2017-01-09,1.2566749741271666,20
2017-01-10,1.2685928026621327,20
2017-01-11,1.2753964577703034,20
2017-01-12,1.2697977480502367,20
2017-01-13,1.273902011421835,20
2017-01-17,1.2595916688204118,20
2017-01-18,1.2674077701313202,20
2017-01-19,1.2575280761530219,20
2017-01-20,1.2628537091332024,20
2017-01-23,1.2504428627026725,20
2017-01-24,1.2745344221436175,20
2017-01-25,1.2857729504285111,20
2017-01-26,1.2802990281602349,20
2017-01-27,1.2822462791813305,20
2017-01-30,1.269739638986992,20
2017-01-31,1.2635121470064417,20
2017-02-01,1.2633424724789535,20
2017-02-02,1.2541098296025268,20
2017-02-03,1.2721610521737072,20
2017-02-06,1.265738867161964,20
2017-02-07,1.262770398672283,20
2017-02-08,1.2628255895299734,20
2017-02-09,1.2770396784359106,20
2017-02-10,1.2835809118757135,20
2017-02-13,1.293188890100964,20
2017-02-14,1.3045473358869188,20
2017-02-15,1.3108514418330408,20
2017-02-16,1.3103218022951164,20
2017-02-17,1.306259137628096,20
2017-02-21,1.317892587562707,20
2017-02-22,1.3096284654217525,20
2017-02-23,1.2985119601469344,20
2017-02-24,1.293588139069788,20
2017-02-27,1.3034600107244083,20
2017-02-28,1.2977204140159706,20
2017-03-01,1.332244037598036,20
2017-03-02,1.3082560398040537,20
2017-03-03,1.3189118850163393,20
2017-03-06,1.3172055932210578,20
2017-03-07,1.3066232890748495,20
2017-03-08,1.2917271641754646,20
2017-03-09,1.2914279372616286,20
2017-03-10,1.2899340956622245,20
2017-03-13,1.2895357688249618,20
2017-03-14,1.2805658898971672,20
2017-03-15,1.2929865684292872,20
2017-03-16,1.2935972401444034,20
2017-03-17,1.287737606097263,20
2017-03-20,1.2860848325591774,20
2017-03-21,1.2420486378924998,20
2017-03-22,1.2474262490241625,20
2017-03-23,1.2474212494391066,20
2017-03-24,1.2469141127548424,20
2017-03-27,1.2377343564041239,20
2017-03-28,1.2549850266448692,20
2017-03-29,1.2648541665770454,20
2017-03-30,1.2740299359976102,20
2017-03-31,1.2675970308786728,20
2017-04-03,1.268559783118854,20
2017-04-04,1.2714353189069958,20
2017-04-05,1.2588485490966044,20
2017-04-06,1.268364828418675,20
2017-04-07,1.2684786500819953,20
2017-04-10,1.2636099313040905,20
2017-04-11,1.2589218930552617,20
2017-04-12,1.2454134382794984,20
2017-04-13,1.2352021448929105,20
2017-04-17,1.2442874239399344,20
2017-04-18,1.236348039495773,20
2017-04-19,1.240107341311687,20
2017-04-20,1.2620137438321501,20
2017-04-21,1.253762938117625,20
2017-04-24,1.2759671843778175,20
2017-04-25,1.2841381899595519,20
2017-04-26,1.2844547974666685,20
2017-04-27,1.2807602799629345,20
2017-04-28,1.2684590625756569,20
2017-05-01,1.2845872572778672,20
2017-05-02,1.2796052566790013,20
2017-05-03,1.284423618545254,20
2017-05-04,1.2803313886580467,20
2017-05-05,1.284567491882203,20
2017-05-08,1.2860087016482442,20
2017-05-09,1.2842234849706975,20
2017-05-10,1.2919461805023766,20
2017-05-11,1.2875906959271126,20
2017-05-12,1.2848442962356166,20
2017-05-15,1.2978881365653103,20
2017-05-16,1.3014962694969312,20
2017-05-17,1.2527016785025384,20
2017-05-18,1.2650781929448507,20
2017-05-19,1.2757353255259398,20
2017-05-22,1.2831946600036148,20
2017-05-23,1.2947656443581437,20
2017-05-24,1.2947392838267249,20
2017-05-25,1.300464677273302,20
2017-05-26,1.2970348832811671,20
2017-05-30,1.2858062502795735,20
2017-05-31,1.2762073249668935,20
2017-06-01,1.2837308739307782,20
2017-06-02,1.2858262634791207,20
2017-06-05,1.2815694393118207,20
2017-06-06,1.2786142471576782,20
2017-06-07,1.2861819969212327,20
2017-06-08,1.2980180549258733,20
2017-06-09,1.2893989506948014,20
2017-06-12,1.2809880646703835,20
2017-06-13,1.290654359442482,20
2017-06-14,1.2808641700098211,20
2017-06-15,1.2712990502001569,20
2017-06-16,1.2691918564977172,20
2017-06-19,1.2886925405499194,20
2017-06-20,1.2746196098169138,20
2017-06-21,1.2761638931481323,20
2017-06-22,1.2743947433918055,20
2017-06-23,1.2810167213666936,20
2017-06-26,1.2821003712723846,20
2017-06-27,1.272320874827732,20
2017-06-28,1.2933576696031424,20
2017-06-29,1.2858686539194066,20
2017-06-30,1.2830994661751896,20
2017-07-03,1.2808859428123618,20
2017-07-05,1.2977785209709258,20
2017-07-06,1.2910023625586957,20
2017-07-07,1.3094756735364417,20
2017-07-10,1.311066504604813,20
2017-07-11,1.315834347837905,20
2017-07-12,1.3285900036485752,20
2017-07-13,1.3329914256339437,20
2017-07-14,1.342879280682062,20
2017-07-17,1.33943423905325,20
2017-07-18,1.3483198650538788,20
2017-07-19,1.3488576049735166,20
2017-07-20,1.3438334365228672,20
2017-07-21,1.3410610010361041,20
2017-07-24,1.3456614071019333,20
2017-07-25,1.343201285148295,20
2017-07-26,1.3497389710784893,20
2017-07-27,1.3312591316573161,20
2017-07-28,1.321800376348518,20
2017-07-31,1.3147046434481735,20
2017-08-01,1.320425105627447,20
2017-08-02,1.3144333186851944,20
2017-08-03,1.312006058400132,20
2017-08-04,1.3210886803294715,20
2017-08-07,1.3280425813035055,20
2017-08-08,1.3256216017603706,20
2017-08-09,1.3219349945371193,20
2017-08-10,1.2862037176774286,20
2017-08-11,1.2907098178108685,20
2017-08-14,1.3160423793027891,20
2017-08-15,1.3178427470052536,20
2017-08-16,1.3239979853415471,20
2017-08-17,1.2868125113469353,20
2017-08-18,1.287577063345342,20
2017-08-21,1.280108155581844,20
2017-08-22,1.3023452491308758,20
2017-08-23,1.297427928634141,20
2017-08-24,1.2948044042018965,20
2017-08-25,1.2985122773694628,20
2017-08-28,1.299910481014554,20
2017-08-29,1.290353434164003,20
2017-08-30,1.2995884511946993,20
2017-08-31,1.299250700548149,20
2017-09-01,1.3075020720447648,20
2017-09-05,1.2871364359333872,20
2017-09-06,1.2932622594200862,20
2017-09-07,1.2902738388662531,20
2017-09-08,1.285746075598663,20
2017-09-11,1.3103476986806961,20
2017-09-12,1.3258371946744507,20
2017-09-13,1.3301139657216543,20
2017-09-14,1.3317778783321301,20
2017-09-15,1.3393314130281213,20
2017-09-18,1.3491212590520392,20
2017-09-19,1.3505780100150586,20
2017-09-20,1.3513690028396834,20
2017-09-21,1.355787251639348,20
2017-09-22,1.359198606435064,20
2017-09-25,1.344758252508447,20
2017-09-26,1.346446103883978,20
2017-09-27,1.3753706212763595,20
2017-09-28,1.3811714269061446,20
2017-09-29,1.3910770260974992,20
2017-10-02,1.3904518802119152,20
2017-10-03,1.3891286564677447,20
2017-10-04,1.3882018784296148,20
2017-10-05,1.4033841136622751,20
2017-10-06,1.4101818036707592,20
2017-10-09,1.4099015557744197,20
2017-10-10,1.4108933276563314,20
2017-10-11,1.4098737909599763,20
2017-10-12,1.4074538193367474,20
2017-10-13,1.4130801637771082,20
2017-10-16,1.419590195994406,20
2017-10-17,1.4150341628200545,20
2017-10-18,1.4230705577760168,20
2017-10-19,1.4191450727745443,20
2017-10-20,1.4373286955962519,20
2017-10-23,1.4343723594702251,20
2017-10-24,1.444044570585188,20
2017-10-25,1.4299442382894647,20
2017-10-26,1.4372820596970644,20
2017-10-27,1.4422765305518395,20
2017-10-30,1.435138330371019,20
2017-10-31,1.4396511004381434,20
2017-11-01,1.4422067095959057,20
2017-11-02,1.4569834680198561,20
2017-11-03,1.4630309945391462,20
2017-11-06,1.4674115172279036,20
2017-11-07,1.4530698264717072,20
2017-11-08,1.4529816066086292,20
2017-11-09,1.4374601436583798,20
2017-11-10,1.4427654925483575,20
2017-11-13,1.4506809262714393,20
2017-11-14,1.4532671421860466,20
2017-11-15,1.4474259988864995,20
2017-11-16,1.466121435435515,20
2017-11-17,1.4599806644515059,20
2017-11-20,1.4670523825375659,20
2017-11-21,1.4802686211224358,20
2017-11-22,1.4805749913007757,20
2017-11-24,1.4825265880773557,20
2017-11-27,1.4737607063954208,20
2017-11-28,1.4941390119671962,20
2017-11-29,1.4798163257183108,20
2017-11-30,1.4891651580149925,20
2017-12-01,1.4778772496409023,20
2017-12-04,1.447093915286517,20
2017-12-05,1.447019069439404,20
2017-12-06,1.4531121614533509,20
2017-12-07,1.4677134463497241,20
2017-12-08,1.4738463524868985,20
2017-12-11,1.4747617218127835,20
2017-12-12,1.470907238622383,20
2017-12-13,1.4736115279369657,20
2017-12-14,1.4686279714529569,20
2017-12-15,1.473939700350201,20
2017-12-18,1.4875823461011883,20
2017-12-19,1.483425785011891,20
2017-12-20,1.4849197610015326,20
2017-12-21,1.4756689424510665,20
2017-12-22,1.4772753712128943,20
2017-12-26,1.4722379284886051,20
2017-12-27,1.4767357100391278,20
2017-12-28,1.4830193875650208,20
2017-12-29,1.4715850975293143,20
2018-01-02,1.4931172960977213,20
2018-01-03,1.5191655776030406,20
2018-01-04,1.518654982154448,20
2018-01-05,1.5430784333392806,20
2018-01-08,1.554103432822275,20
2018-01-09,1.5594018981827162,20
2018-01-10,1.5542255403044123,20
2018-01-11,1.5697096378599986,20
2018-01-12,1.5854601962979487,20
2018-01-16,1.5764160767569513,20
2018-01-17,1.6026176262236682,20
2018-01-18,1.5982188333735377,20
2018-01-19,1.6033346759126355,20
2018-01-22,1.6144490851856879,20
2018-01-23,1.6280787421770675,20
2018-01-24,1.6217605888696252,20
2018-01-25,1.6205989326368069,20
2018-01-26,1.6473816432259936,20
2018-01-29,1.631725813590607,20
2018-01-30,1.610005254335421,20
2018-01-31,1.613166414229693,20
2018-02-01,1.6030823798831273,20
2018-02-02,1.5665277858516642,20
2018-02-05,1.508145658877684,20
2018-02-06,1.5512734120418992,20
2018-02-07,1.5500853708890243,20
2018-02-08,1.4834351845545264,20
2018-02-09,1.5020450229953044,20
2018-02-12,1.529675182466001,20
2018-02-13,1.5353479264016594,20
2018-02-14,1.5626126078395415,20
2018-02-15,1.572245203744784,20
2018-02-16,1.5704252188197156,20
2018-02-20,1.5755276360073023,20
2018-02-21,1.568099356949185,20
2018-02-22,1.5704807105338505,20
2018-02-23,1.599679018814557,20
2018-02-26,1.615649992617226,20
2018-02-27,1.5996146283900783,20
2018-02-28,1.5883123993000114,20
2018-03-01,1.574421325557627,20
2018-03-02,1.5886438519351525,20
2018-03-05,1.6153472162272127,20
2018-03-06,1.6361151721448375,20
2018-03-07,1.6340754138353577,20
2018-03-08,1.6345164569689927,20
2018-03-09,1.6657450047173972,20
2018-03-12,1.6640315145840057,20
2018-03-13,1.6641080140359799,20
2018-03-14,1.6579413540179693,20
2018-03-15,1.6509205085782357,20
2018-03-16,1.6582112024846594,20
2018-03-19,1.6389071488777314,20
2018-03-20,1.655284804420888,20
2018-03-21,1.6588767189987441,20
2018-03-22,1.608163434520021,20
2018-03-23,1.5698927435125947,20
2018-03-26,1.6206757212262903,20
2018-03-27,1.572103720170548,20
2018-03-28,1.5558874254407673,20
2018-03-29,1.5880055911480373,20
2018-04-02,1.5443523158809798,20
2018-04-03,1.5620995514958593,20
2018-04-04,1.5842235484407459,20
2018-04-05,1.5960670252595943,20
2018-04-06,1.5516150408145886,20
2018-04-09,1.5546401796203038,20
2018-04-10,1.5933552215669542,20
2018-04-11,1.5848903464568564,20
2018-04-12,1.6092058204132325,20
2018-04-13,1.5990220525278624,20
2018-04-16,1.6112341836874107,20
2018-04-17,1.6484994069709518,20
2018-04-18,1.6603451291414866,20
2018-04-19,1.6399428288175601,20
2018-04-20,1.6221692621399584,20
2018-04-23,1.6188221917179657,20
2018-04-24,1.5788512306800522,20
2018-04-25,1.5843403553489865,20
2018-04-26,1.6153322299090573,20
2018-04-27,1.6141375693308206,20
2018-04-30,1.6023332680552296,20
2018-05-01,1.6128677421047495,20
2018-05-02,1.6045918543649471,20
2018-05-03,1.6126806800965536,20
2018-05-04,1.6346546706368,20
2018-05-07,1.6466528447510738,20
2018-05-08,1.65140805565614,20
2018-05-09,1.6746482499096056,20
2018-05-10,1.690311975963917,20
2018-05-11,1.6936733936341997,20
2018-05-14,1.693260942053267,20
2018-05-15,1.6836791527906607,20
2018-05-16,1.6961992271642412,20
2018-05-17,1.6926414297543126,20
2018-05-18,1.7019318727543873,20
2018-05-21,1.7205155297144659,20
2018-05-22,1.7028926193009113,20
2018-05-23,1.718206088245243,20
2018-05-24,1.7246448505951784,20
2018-05-25,1.7183029398916008,20
2018-05-29,1.7071741277367942,20
2018-05-30,1.719559641852866,20
2018-05-31,1.6918310343987928,20
2018-06-01,1.7179037314967454,20
2018-06-04,1.7301612618804807,20
2018-06-05,1.7411592632646988,20
2018-06-06,1.7570036984485817,20
2018-06-07,1.7468251063309836,20
2018-06-08,1.7495898090843074,20
2018-06-11,1.7529580309652464,20
2018-06-12,1.7576342367921995,20
2018-06-13,1.7572887280520584,20
2018-06-14,1.7594322799318631,20
2018-06-15,1.744430170673763,20
2018-06-18,1.7496624064380084,20
2018-06-19,1.739003318695867,20
2018-06-20,1.746891759726118,20
2018-06-21,1.729672596424964,20
2018-06-22,1.718720349450897,20
2018-06-25,1.674214988614207,20
2018-06-26,1.688745225266577,20
2018-06-27,1.6675058872097845,20
2018-06-28,1.6848211329272078,20
2018-06-29,1.688173542422913,20
2018-07-02,1.6938273919305844,20
2018-07-03,1.6825791958958167,20
2018-07-05,1.69357255409064,20
2018-07-06,1.7088032285825183,20
2018-07-09,1.7272198020825695,20
2018-07-10,1.735881925710969,20
2018-07-11,1.7169446089830707,20
2018-07-12,1.74720799931826,20
2018-07-13,1.746905128735138,20
2018-07-16,1.743610896161244,20
2018-07-17,1.7472250279130437,20
2018-07-18,1.75338578159913,20
2018-07-19,1.741379950927583,20
2018-07-20,1.7334385164232433,20
2018-07-23,1.7358100330125705,20
2018-07-24,1.735106687888456,20
2018-07-25,1.7600326844167553,20
2018-07-26,1.7681674606188373,20
2018-07-27,1.739889641728603,20
2018-07-30,1.712301524179914,20
2018-07-31,1.7225795175663778,20
2018-08-01,1.7203693671291496,20
2018-08-02,1.748020928445411,20
2018-08-03,1.7470822200075766,20
2018-08-06,1.755110951414435,20
2018-08-07,1.7670856125314989,20
2018-08-08,1.7773139807740597,20
2018-08-09,1.779506677095126,20
2018-08-10,1.7709685751205664,20
2018-08-13,1.7630237321283626,20
2018-08-14,1.7856181561064854,20
2018-08-15,1.7334820006304374,20
2018-08-16,1.7418738934895621,20
2018-08-17,1.7490276030225569,20
2018-08-20,1.7739781341384475,20
2018-08-21,1.7865141259153043,20
2018-08-22,1.7935196838097578,20
2018-08-23,1.8001797329575961,20
2018-08-24,1.8185475878984374,20
2018-08-27,1.8302650494190666,20
2018-08-28,1.8340191027353947,20
2018-08-29,1.845247265489233,20
2018-08-30,1.8374093756642589,20
2018-08-31,1.840516817633946,20
2018-09-04,1.8404854252611327,20
2018-09-05,1.8062443026106862,20
2018-09-06,1.7956321182825503,20
2018-09-07,1.7929590855385753,20
2018-09-10,1.8001716246583443,20
2018-09-11,1.8116478769050797,20
2018-09-12,1.81625071719768,20
2018-09-13,1.815777886235774,20
2018-09-14,1.8228063693442893,20
2018-09-17,1.7960345970909384,20
2018-09-18,1.8198200121647399,20
2018-09-19,1.7982536399397815,20
2018-09-20,1.8016667042645007,20
2018-09-21,1.794019262478966,20
2018-09-24,1.7885563635178907,20
2018-09-25,1.7958702992759663,20
2018-09-26,1.795311892529041,20
2018-09-27,1.7964417205677936,20
2018-09-28,1.799249049821786,20
2018-10-01,1.812319859005288,20
2018-10-02,1.7835460647568395,20
2018-10-03,1.7980651298090111,20
2018-10-04,1.7648460152829384,20
2018-10-05,1.754378411966435,20
2018-10-08,1.7347860836541733,20
2018-10-09,1.7319988703907083,20
2018-10-10,1.6498326319014216,20
2018-10-11,1.626948003213429,20
2018-10-12,1.6751984021561392,20
2018-10-15,1.6482082915787735,20
2018-10-16,1.7044712987474255,20
2018-10-17,1.688525596703047,20
2018-10-18,1.6649220649950358,20
2018-10-19,1.6262856904536525,20
2018-10-22,1.6421149846548473,20
2018-10-23,1.618371973667025,20
2018-10-24,1.5416223930064707,20
2018-10-25,1.5759195833307817,20
2018-10-26,1.5261955082012864,20
2018-10-29,1.5100591831544459,20
2018-10-30,1.5433934955340023,20
2018-10-31,1.5671615109262538,20
2018-11-01,1.6040424439401313,20
2018-11-02,1.5871597165485556,20
2018-11-05,1.598239401679818,20
2018-11-06,1.6072129819916658,20
2018-11-07,1.6598317667343507,20
2018-11-08,1.653210920510649,20
2018-11-09,1.627481937511426,20
2018-11-12,1.580087057628694,20
2018-11-13,1.5731745486259958,20
2018-11-14,1.5483400120086424,20
2018-11-15,1.544380838921404,20
2018-11-16,1.5442701590111105,20
2018-11-19,1.4799948522756612,20
2018-11-20,1.4448788377199806,20
2018-11-21,1.4591078827630586,20
2018-11-23,1.4470178709491797,20
2018-11-26,1.4837162297618325,20
2018-11-27,1.4931805568096548,20
2018-11-28,1.550070240860793,20
2018-11-29,1.5481628235123686,20
2018-11-30,1.5528184392731836,20
2018-12-03,1.58977639024011,20
2018-12-04,1.5252237239478985,20
2018-12-06,1.5343907717881904,20
2018-12-07,1.4750604887625525,20
2018-12-10,1.4910235778675334,20
2018-12-11,1.4876813681810293,20
2018-12-12,1.5008961913230825,20
2018-12-13,1.4850860357690063,20
2018-12-14,1.457124566459665,20
2018-12-17,1.4127442299146948,20
2018-12-18,1.4356072822667478,20
2018-12-19,1.4076893427914015,20
2018-12-20,1.374902707553011,20
2018-12-21,1.3351770994343903,20
2018-12-24,1.3112991582127802,20
2018-12-26,1.4010592196786533,20
2018-12-27,1.4109705552979683,20
2018-12-28,1.4064371710774501,20
2018-12-31,1.426947694833692,20
2019-01-02,1.4241694628516743,20
2019-01-03,1.377014344115183,20
2019-01-04,1.433137983020127,20
2019-01-07,1.4674646297169502,20
2019-01-08,1.489084150658235,20
2019-01-09,1.5094729418882034,20
2019-01-10,1.4933933202869663,20
2019-01-11,1.4914943242307908,20
2019-01-14,1.4823420288460691,20
2019-01-15,1.5161512119705147,20
2019-01-16,1.512744769936155,20
2019-01-17,1.5328939245181912,20
2019-01-18,1.5479990183526517,20
2019-01-22,1.5138737985504704,20
2019-01-23,1.513989985393097,20
2019-01-24,1.5232345870789707,20
2019-01-25,1.5462222126898875,20
2019-01-28,1.526847843874147,20
2019-01-29,1.5185557412179742,20
2019-01-30,1.557686886487077,20
2019-01-31,1.5741882721600327,20
2019-02-01,1.580515922676338,20
2019-02-04,1.5913636758992011,20
2019-02-05,1.5999525512599881,20
2019-02-06,1.6012837874194927,20
2019-02-07,1.5934350412244307,20
2019-02-08,1.6076135573847798,20
2019-02-11,1.6205269520056846,20
2019-02-12,1.6427933203631957,20
2019-02-13,1.6376807988545772,20
2019-02-14,1.6401952675100406,20
2019-02-15,1.6476504319705263,20
2019-02-19,1.650627897219818,20
2019-02-20,1.6511068002678666,20
2019-02-21,1.6487700337134734,20
2019-02-22,1.6580894245198252,20
2019-02-25,1.6599191729251985,20
2019-02-26,1.657367619801079,20
2019-02-27,1.6654064952605738,20
2019-02-28,1.6598939132525572,20
2019-03-01,1.6680968243848664,20
2019-03-04,1.6447181857823976,20
2019-03-05,1.6382403522488804,20
2019-03-06,1.6221713558012298,20
2019-03-07,1.6105402445604118,20
2019-03-08,1.5999566849808955,20
2019-03-11,1.6247479716256026,20
2019-03-12,1.626850087484502,20
2019-03-13,1.6404980392108004,20
2019-03-14,1.639131379859797,20
2019-03-15,1.6385533637232195,20
2019-03-18,1.6440980187202752,20
2019-03-19,1.643776618869576,20
2019-03-20,1.6353888797047018,20
2019-03-21,1.6589175398159068,20
2019-03-22,1.6153957570182529,20
2019-03-25,1.6193603510715697,20
2019-03-26,1.6227390280611065,20
2019-03-27,1.6116231881903216,20
2019-03-28,1.6261073266111583,20
2019-03-29,1.6403169764448708,20
2019-04-01,1.6608764620609875,20
2019-04-02,1.6587837265258374,20
2019-04-03,1.6639678866193603,20
2019-04-04,1.6617431908903775,20
2019-04-05,1.6637144942099822,20
2019-04-08,1.6608201725240814,20
2019-04-09,1.6515140967056638,20
2019-04-10,1.6629619698183287,20
2019-04-11,1.6661575729746592,20
2019-04-12,1.6773382278731548,20
2019-04-15,1.674268889786295,20
2019-04-16,1.6754187082482677,20
2019-04-17,1.660193523038987,20
2019-04-18,1.6658342558521813,20
2019-04-22,1.65679670657098,20
2019-04-23,1.674511540666842,20
2019-04-24,1.6739041078624954,20
2019-04-25,1.6795939170063694,20
2019-04-26,1.6906203371178026,20
2019-04-29,1.6892971318368675,20
2019-04-30,1.6947192390522532,20
2019-05-01,1.670480270226088,20
2019-05-02,1.6725887559757127,20
2019-05-03,1.6814529206938902,20
2019-05-06,1.670234286962908,20
2019-05-07,1.6351222742930145,20
2019-05-08,1.636147691634918,20
2019-05-09,1.639701803788688,20
2019-05-10,1.6460347903386705,20
2019-05-13,1.606210109107918,20
2019-05-14,1.6321231256561248,20
2019-05-15,1.6394631413717786,20
2019-05-16,1.6559025342694171,20
2019-05-17,1.6436381208644812,20
2019-05-20,1.629451645398931,20
2019-05-21,1.6424305034738678,20
2019-05-22,1.63041058371747,20
2019-05-23,1.6004060495831636,20
2019-05-24,1.6026687869544507,20
2019-05-28,1.5917445136752488,20
2019-05-29,1.582883603901837,20
2019-05-30,1.5976243714376666,20
2019-05-31,1.577311465296105,20
2019-06-03,1.561164301963368,20
2019-06-04,1.602340519341152,20
2019-06-05,1.6255991284898064,20
2019-06-06,1.637590960645729,20
2019-06-07,1.6588854850702515,20
2019-06-10,1.6636686759862032,20
2019-06-11,1.6629887345808798,20
2019-06-12,1.6589464435688035,20
2019-06-13,1.6641598502913029,20
2019-06-14,1.6498466646660246,20
2019-06-17,1.6462742137879227,20
2019-06-18,1.6676223366093046,20
2019-06-19,1.6815533680283183,20
2019-06-20,1.7020373170107967,20
2019-06-21,1.6923832655562665,20
2019-06-24,1.6881494187692698,20
2019-06-25,1.665880480128599,20
2019-06-26,1.6658161817916344,20
2019-06-27,1.6713374816535012,20
2019-06-28,1.6812239104573672,20
2019-07-01,1.7001559537211368,20
2019-07-02,1.704502731293826,20
2019-07-03,1.7185587923248806,20
2019-07-05,1.7151777001433328,20
2019-07-08,1.7046806217768762,20
2019-07-09,1.7118413577572837,20
2019-07-10,1.7157074079563788,20
2019-07-11,1.7258803495994044,20
2019-07-12,1.7333691870455008,20
2019-07-15,1.7325475778095232,20
2019-07-16,1.7288624641492392,20
2019-07-17,1.707264957255717,20
2019-07-18,1.7212933078983326,20
2019-07-19,1.7126851453833574,20
2019-07-22,1.7200005176013078,20
2019-07-23,1.7256201132100835,20
2019-07-24,1.7450482754276824,20
2019-07-25,1.73117544835564,20
2019-07-26,1.7333170311698185,20
2019-07-29,1.727027849222346,20
2019-07-30,1.7214871991473992,20
2019-07-31,1.6960070962153797,20
2019-08-01,1.6878486352739277,20
2019-08-02,1.6726845016329432,20
2019-08-05,1.6130611461079079,20
2019-08-06,1.6388196145569727,20
2019-08-07,1.6430339084802812,20
2019-08-08,1.676864709419839,20
2019-08-09,1.6693249793819052,20
2019-08-12,1.6428777489757174,20
2019-08-13,1.674302959837781,20
2019-08-14,1.6193054994729426,20
2019-08-15,1.6202813033085248,20
2019-08-16,1.6443957132200615,20
2019-08-19,1.663693653743392,20
2019-08-20,1.6534673823821902,20
2019-08-21,1.670608355908487,20
2019-08-22,1.6636705854561191,20
2019-08-23,1.61118620635534,20
2019-08-26,1.6312440926908176,20
2019-08-27,1.6323763235863284,20
2019-08-28,1.638077726757404,20
2019-08-29,1.6626252239127146,20
2019-08-30,1.661995973218933,20
2019-09-03,1.6442671501310122,20
2019-09-04,1.6641168896579932,20
2019-09-05,1.6990304201425261,20
2019-09-06,1.702228107843668,20
2019-09-09,1.679377232534777,20
2019-09-10,1.6610469874670104,20
2019-09-11,1.664740387724433,20
2019-09-12,1.6752527364316427,20
2019-09-13,1.6618632163682743,20
2019-09-16,1.6579883629789451,20
2019-09-17,1.6694241281168574,20
2019-09-18,1.6663662005705993,20
2019-09-19,1.6648490422159212,20
2019-09-20,1.6573430009787584,20
2019-09-23,1.6581050192880529,20
2019-09-24,1.6464139358740735,20
2019-09-25,1.6512419198874217,20
2019-09-26,1.6489698189827848,20
2019-09-27,1.6297646637147076,20
2019-09-30,1.641863327759388,20
2019-10-01,1.6251096950885333,20
2019-10-02,1.6008707876269146,20
2019-10-03,1.6212656440696134,20
2019-10-04,1.648249371194413,20
2019-10-07,1.6354038006941565,20
2019-10-08,1.608940511528927,20
2019-10-09,1.630854314914311,20
2019-10-10,1.637264766657667,20
2019-10-11,1.6500575632430756,20
2019-10-14,1.649112490646394,20
2019-10-15,1.6641124548669366,20
2019-10-16,1.6521622217254237,20
2019-10-17,1.6545393655950968,20
2019-10-18,1.643482330800529,20
2019-10-21,1.6498253618504957,20
2019-10-22,1.6272714163662183,20
2019-10-23,1.6259922221466458,20
2019-10-24,1.6644104052210267,20
2019-10-25,1.6700271861220077,20
2019-10-28,1.6847160041860436,20
2019-10-29,1.681264590836679,20
2019-10-30,1.6914580670310266,20
2019-10-31,1.6773498867143877,20
2019-11-01,1.69595475950786,20
2019-11-04,1.697479163485321,20
2019-11-05,1.6902500617604244,20
2019-11-06,1.6856566691178272,20
2019-11-07,1.6897797975375084,20
2019-11-08,1.692438732468561,20
2019-11-11,1.6937151985974805,20
2019-11-12,1.695713156872491,20
2019-11-13,1.7015232300366898,20
2019-11-14,1.709003833379377,20
2019-11-15,1.7326893327152566,20
2019-11-18,1.7274619043953192,20
2019-11-19,1.728762107856941,20
2019-11-20,1.7201152124205266,20
2019-11-21,1.7029933040388237,20
2019-11-22,1.7002040585790799,20
2019-11-25,1.7234326585715478,20
2019-11-26,1.7263373935558775,20
2019-11-27,1.7389862655855473,20
2019-11-29,1.7278956472003577,20
2019-12-02,1.7049834697719948,20
2019-12-03,1.6917653511520583,20
2019-12-04,1.69990602076746,20
2019-12-05,1.7040044902195275,20
2019-12-06,1.7163408160531555,20
2019-12-09,1.7057867716864081,20
2019-12-10,1.7047827810289378,20
2019-12-11,1.7249454887505309,20
2019-12-12,1.7504046966261648,20
2019-12-13,1.744769873600324,20
2019-12-16,1.7594994508674973,20
2019-12-17,1.769427138675201,20
2019-12-18,1.7664642803350667,20
2019-12-19,1.7758498250241892,20
2019-12-20,1.7952416220912288,20
2019-12-23,1.7904533976260844,20
2019-12-24,1.7919340826644992,20
2019-12-26,1.7949727921938807,20
2019-12-27,1.7936405189070492,20
2019-12-30,1.786369569568424,20
2019-12-31,1.79047862599802,20
2020-01-02,1.8097885076821416,20
2020-01-03,1.7928193777479857,20
2020-01-06,1.7866404206517579,20
2020-01-07,1.7914758764684275,20
2020-01-08,1.8009676548259699,20
2020-01-09,1.8201587804672175,20
2020-01-10,1.8176258683427973,20
2020-01-13,1.8355734659971996,20
2020-01-14,1.8364389339586404,20
2020-01-15,1.8433175638345636,20
2020-01-16,1.8682636149377396,20
2020-01-17,1.8733268162807326,20
2020-01-21,1.8683694883304003,20
2020-01-22,1.8722096100889158,20
2020-01-23,1.8729523064672462,20
2020-01-24,1.846449687184535,20
2020-01-27,1.8056216968375758,20
2020-01-28,1.8396778685385096,20
2020-01-29,1.8333569362569186,20
2020-01-30,1.8570661173018739,20
2020-01-31,1.803737863289296,20
2020-02-03,1.8311083470267853,20
2020-02-04,1.8724315226666028,20
2020-02-05,1.892411863463793,20
2020-02-06,1.898716515409232,20
2020-02-07,1.8727611290289328,20
2020-02-10,1.8918401451688855,20
2020-02-11,1.898137860966776,20
2020-02-12,1.9130881535439572,20
2020-02-13,1.9143953211279359,20
2020-02-14,1.9094546760263122,20
2020-02-18,1.887797745821615,20
2020-02-19,1.9054126215259275,20
2020-02-20,1.8851006416197758,20
2020-02-21,1.8499263393661272,20
2020-02-24,1.7848402475102805,20
2020-02-25,1.7331738605179468,20
2020-02-26,1.7249313863618305,20
2020-02-27,1.6514925281468245,20
2020-02-28,1.6447010030911065,20
2020-03-02,1.7152114958735376,20
2020-03-03,1.6625306209325061,20
2020-03-04,1.7347701843069618,20
2020-03-05,1.6748732325695486,20
2020-03-06,1.6438054496067527,20
2020-03-09,1.5190854013396435,20
2020-03-10,1.6145344735976794,20
2020-03-11,1.5381862974777671,20
2020-03-12,1.399026857150316,20
2020-03-13,1.5230255400116899,20
2020-03-16,1.3237453327142252,20
2020-03-17,1.4033724211425525,20
2020-03-18,1.304561243391964,20
2020-03-19,1.3189064893662363,20
2020-03-20,1.2572849317065715,20
2020-03-23,1.2390885868435209,20
2020-03-24,1.388952559893498,20
2020-03-25,1.4190977324274119,20
2020-03-26,1.5051417006182939,20
2020-03-27,1.4407108146371144,20
2020-03-30,1.477436860416137,20
2020-03-31,1.4375931724769409,20
2020-04-01,1.3540538551440715,20
2020-04-02,1.3708004348937606,20
2020-04-03,1.3334634092724384,20
2020-04-06,1.4678987821783651,20
2020-04-07,1.4736061430104082,20
2020-04-08,1.5347035588505622,20
2020-04-09,1.5456296736355948,20
2020-04-13,1.5273057763021918,20
2020-04-14,1.5921656490921698,20
2020-04-15,1.5380523735206315,20
2020-04-16,1.5577564135704731,20
2020-04-17,1.600761123785719,20
2020-04-20,1.5528121772471108,20
2020-04-21,1.4981202690839897,20
2020-04-22,1.5512521662423697,20
2020-04-23,1.5373373339064045,20
2020-04-24,1.5691361048994448,20
2020-04-27,1.5960482349379108,20
2020-04-28,1.5978855164044052,20
2020-04-29,1.6544704586262835,20
2020-04-30,1.6118357027834194,20
2020-05-01,1.565240591655942,20
2020-05-04,1.586164075105381,20
2020-05-05,1.6111121783390931,20
2020-05-06,1.5947505668845816,20
2020-05-07,1.609078172802486,20
2020-05-08,1.637569558054954,20
2020-05-11,1.655551664032495,20
2020-05-12,1.6158320800027954,20
2020-05-13,1.597890573690544,20
2020-05-14,1.627068439141125,20
2020-05-15,1.6261286357983222,20
2020-05-18,1.6591336828960146,20
2020-05-19,1.6496792967053533,20
2020-05-20,1.6650226674468518,20
2020-05-21,1.638055790974581,20
2020-05-22,1.653235131690326,20
2020-05-26,1.6463912795010083,20
2020-05-27,1.6751660957726224,20
2020-05-28,1.69085592473149,20
2020-05-29,1.7166297094678784,20
2020-06-01,1.7147177142081924,20
2020-06-02,1.7202905959221284,20
2020-06-03,1.734901374545343,20
2020-06-04,1.726051399949836,20
2020-06-05,1.7700074055018264,20
2020-06-08,1.7682318050114711,20
2020-06-09,1.7687722575083478,20
2020-06-10,1.7725531520382336,20
2020-06-11,1.6696848315908013,20
2020-06-12,1.683209295353177,20
2020-06-15,1.7062585572556606,20
2020-06-16,1.7396380421952395,20
2020-06-17,1.7484807685743038,20
2020-06-18,1.7396973342000603,20
2020-06-19,1.7501804357478705,20
2020-06-22,1.758366984675646,20
2020-06-23,1.7578833223034476,20
2020-06-24,1.7207600489117765,20
2020-06-25,1.737907223991567,20
2020-06-26,1.706517426983472,20
2020-06-29,1.7193643474107645,20
2020-06-30,1.75878112124504,20
2020-07-01,1.7707667824766402,20
2020-07-02,1.7797523239224984,20
2020-07-06,1.8114521786537434,20
2020-07-07,1.7990240095145356,20
2020-07-08,1.8205114943859775,20
2020-07-09,1.8338510683126288,20
2020-07-10,1.829536995694594,20
2020-07-13,1.7760843371243185,20
2020-07-14,1.8019314632174344,20
2020-07-15,1.7988480194786685,20
2020-07-16,1.7858903419607737,20
2020-07-17,1.8032972102754259,20
2020-07-20,1.8505675239097577,20
2020-07-21,1.8343550242844202,20
2020-07-22,1.8549519239725023,20
2020-07-23,1.8182795588975629,20
2020-07-24,1.798777404257095,20
2020-07-27,1.8332426786896903,20
2020-07-28,1.8155958375822192,20
2020-07-29,1.8583121755522494,20
2020-07-30,1.872672557548627,20
2020-07-31,1.8861672449431814,20
2020-08-03,1.9052473031185384,20
2020-08-04,1.917321718569346,20
2020-08-05,1.9198632839893124,20
2020-08-06,1.9273414111233445,20
2020-08-07,1.913907810361276,20
2020-08-10,1.9068711605445061,20
2020-08-11,1.8651289108537792,20
2020-08-12,1.9156172602588593,20
2020-08-13,1.9175223122300367,20
2020-08-14,1.9193252684724615,20
2020-08-17,1.9471103906686984,20
2020-08-18,1.9411119714955933,20
2020-08-19,1.9271372878465067,20
2020-08-20,1.942547076131402,20
2020-08-21,1.9485115992165305,20
2020-08-24,1.9527975636328867,20
2020-08-25,1.9737001579553688,20
2020-08-26,2.0021516140653857,20
2020-08-27,1.9795275003141248,20
2020-08-28,2.003209911097449,20
2020-08-31,2.0071548639123535,20
2020-09-01,2.048361956504813,20
2020-09-02,2.0769483379258467,20
2020-09-03,1.9605760519337212,20
2020-09-04,1.9215868958012114,20
2020-09-08,1.847722941967761,20
2020-09-09,1.9005323715916402,20
2020-09-10,1.8730891634611182,20
2020-09-11,1.8681473869093488,20
2020-09-14,1.9037387271241144,20
2020-09-15,1.9195967412787605,20
2020-09-16,1.8955070149836437,20
2020-09-17,1.877793649032689,20
2020-09-18,1.8660826092722664,20
2020-09-21,1.8712601445946397,20
2020-09-22,1.9002226241549494,20
2020-09-23,1.851203134126657,20
2020-09-24,1.8653740328979416,20
2020-09-25,1.8966910843392994,20
2020-09-28,1.9352949976963745,20
2020-09-29,1.9354132527384813,20
2020-09-30,1.947710154877311,20
2020-10-01,1.97411442755637,20
2020-10-02,1.9381411896964496,20
2020-10-05,1.9814642969309686,20
2020-10-06,1.949006623965559,20
2020-10-07,1.9989130168312286,20
2020-10-08,2.001675717141393,20
2020-10-09,2.0323056493202736,20
2020-10-12,2.0598426535126895,20
2020-10-13,2.0737678571104636,20
2020-10-14,2.055453491758618,20
2020-10-15,2.060077978016571,20
2020-10-16,2.0564630462274445,20
2020-10-19,2.029818883747518,20
2020-10-20,2.040706471066258,20
2020-10-21,2.020025749133885,20
2020-10-22,2.0033003402641776,20
2020-10-23,2.024575042768699,20
2020-10-26,1.9844220108072619,20
2020-10-27,1.9841144398977686,20
2020-10-28,1.9102032767021402,20
2020-10-29,1.9227200787362595,20
2020-10-30,1.8676207146637351,20
2020-11-02,1.8854161201124786,20
2020-11-03,1.9297971473546698,20
2020-11-04,2.0039369775403144,20
2020-11-05,2.0597822302022863,20
2020-11-06,2.075677620279997,20
2020-11-09,1.9831555378092738,20
2020-11-10,1.9522909227426752,20
2020-11-11,2.0108969032647397,20
2020-11-12,1.9917153892433372,20
2020-11-13,2.005199440305553,20
2020-11-16,2.032038995816047,20
2020-11-17,2.035185093877282,20
2020-11-18,2.013988444920666,20
2020-11-19,2.0402235386958396,20
2020-11-20,2.0293102477886684,20
2020-11-23,2.050321966468619,20
2020-11-24,2.051578733192268,20
2020-11-25,2.0661845138736483,20
2020-11-27,2.093845603802385,20
2020-11-30,2.100087841906974,20
2020-12-01,2.1163718154388396,20
2020-12-02,2.105370791009154,20
2020-12-03,2.108031416019309,20
2020-12-04,2.1331487017143687,20
2020-12-07,2.140220572040519,20
2020-12-08,2.153276481160552,20
2020-12-09,2.1144803098864036,20
2020-12-10,2.125995811879165,20
2020-12-11,2.1163490679152157,20
2020-12-14,2.128342193496661,20
2020-12-15,2.1565311926116624,20
2020-12-16,2.1761900272821117,20
2020-12-17,2.1907339473173297,20
2020-12-18,2.1869413221081277,20
2020-12-21,2.180062220441132,20
2020-12-22,2.1966389792858316,20
2020-12-23,2.173212044166624,20
2020-12-24,2.181214232194658,20
2020-12-28,2.169931240593656,20
2020-12-29,2.1577705885998752,20
2020-12-30,2.1763704140895017,20
2020-12-31,2.171362092013596,20
2021-01-04,2.142508944435027,20
2021-01-05,2.172099521513071,20
2021-01-06,2.1488978121942695,20
2021-01-07,2.2068585227861983,20
2021-01-08,2.2362846727491927,20
2021-01-11,2.2218901558096538,20
2021-01-12,2.2385700794627374,20
2021-01-13,2.241919597284853,20
2021-01-14,2.2477462543797473,20
2021-01-15,2.215808756614952,20
2021-01-19,2.2641408446665157,20
2021-01-20,2.2770284353248766,20
2021-01-21,2.2862809837135805,20
2021-01-22,2.2908192595647328,20
2021-01-25,2.2987410187335118,20
2021-01-26,2.2712943984069676,20
2021-01-27,2.1924964926755783,20
2021-01-28,2.2228238100866298,20
2021-01-29,2.1785425147858506,20
2021-02-01,2.2362306691913227,20
2021-02-02,2.288294603961689,20
2021-02-03,2.274653808247962,20
2021-02-04,2.304984885456115,20
2021-02-05,2.3190781279334742,20
2021-02-08,2.352556349082977,20
2021-02-09,2.347268161896288,20
2021-02-10,2.3417834648993634,20
2021-02-11,2.3653113765343203,20
2021-02-12,2.391820780095528,20
2021-02-16,2.3778174917512156,20
2021-02-17,2.3585987610866765,20
2021-02-18,2.340358125059543,20
2021-02-19,2.364118612572476,20
2021-02-22,2.2810065873121137,20
2021-02-23,2.268935938248446,20
2021-02-24,2.3063790266724813,20
2021-02-25,2.206330964394876,20
2021-02-26,2.23419950029719,20
2021-03-01,2.3324087644647227,20
2021-03-02,2.2741824027202564,20
2021-03-03,2.201588351024413,20
2021-03-04,2.109782638551137,20
2021-03-05,2.1394136821410927,20
2021-03-08,2.0546235150467926,20
2021-03-09,2.1668780818291995,20
2021-03-10,2.159315703121138,20
2021-03-11,2.2433754046709935,20
2021-03-12,2.2320458155707548,20
2021-03-15,2.2651891209073916,20
2021-03-16,2.2555257459282756,20
2021-03-17,2.272156358283753,20
2021-03-18,2.1988201037314625,20
2021-03-19,2.2200563505486124,20
2021-03-22,2.2518478488578397,20
2021-03-23,2.2012050211118943,20
2021-03-24,2.1612158027681154,20
2021-03-25,2.1731507960521914,20
2021-03-26,2.2372352260650543,20
2021-03-29,2.202294987515791,20
2021-03-30,2.2172975637700705,20
2021-03-31,2.2642661028726265,20
2021-04-01,2.3307381370897975,20
2021-04-05,2.3406758300750905,20
2021-04-06,2.3479519040859507,20
2021-04-07,2.328212868642045,20
2021-04-08,2.348873370678219,20
2021-04-09,2.3523986763504046,20
2021-04-12,2.351844000175879,20
2021-04-13,2.3532893755309012,20
2021-04-14,2.3727352535597896,20
2021-04-15,2.3745949688442853,20
2021-04-16,2.374664913073398,20
2021-04-19,2.3381153048716192,20
2021-04-20,2.285115745055435,20
2021-04-21,2.3398203831354447,20
2021-04-22,2.316060813997091,20
2021-04-23,2.363366697822139,20
2021-04-26,2.3943345926994715,20
2021-04-27,2.3988406813318344,20
2021-04-28,2.414808075550704,20
2021-04-29,2.4093304334032193,20
2021-04-30,2.3704260989537644,20
2021-05-03,2.371979545567239,20
2021-05-04,2.344697751408985,20
2021-05-05,2.376575095438104,20
2021-05-06,2.3518845029730597,20
2021-05-07,2.4091312304864556,20
2021-05-10,2.3523225048907497,20
2021-05-11,2.3347001393022158,20
2021-05-12,2.2415319049794054,20
2021-05-13,2.2665017247661163,20
2021-05-14,2.3310597518749954,20
2021-05-17,2.3390199587198484,20
2021-05-18,2.3181589297267617,20
2021-05-19,2.2975387910180896,20
2021-05-20,2.3311351535040816,20
2021-05-21,2.322302381138975,20
2021-05-24,2.3524319556558866,20
2021-05-25,2.3443156570523644,20
2021-05-26,2.3751715342642474,20
2021-05-27,2.4153613783185897,20
2021-05-28,2.4020538899064396,20
2021-06-01,2.411536411792581,20
2021-06-02,2.4054640234030087,20
2021-06-03,2.3862692619527746,20
2021-06-04,2.391353831176428,20
2021-06-07,2.4024646579144786,20
2021-06-08,2.413044505483061,20
2021-06-09,2.377567733632843,20
2021-06-10,2.3663139460722555,20
2021-06-11,2.3918192070403403,20
2021-06-14,2.3576488250893153,20
2021-06-15,2.3528056913780797,20
2021-06-16,2.347421469631208,20
2021-06-17,2.2996720618989177,20
2021-06-18,2.2581092055708925,20
2021-06-21,2.304945706703956,20
2021-06-22,2.3166378932370706,20
2021-06-23,2.3361933903235004,20
2021-06-24,2.361996878409607,20
2021-06-25,2.374548969303677,20
2021-06-28,2.371958430554065,20
2021-06-29,2.374020962520138,20
2021-06-30,2.392481210365685,20
2021-07-01,2.395939882447669,20
2021-07-02,2.3844538483711406,20
2021-07-06,2.331568643482577,20
2021-07-07,2.3107289920139507,20
2021-07-08,2.2820761489019166,20
2021-07-09,2.3518644622621343,20
2021-07-12,2.3707503356767674,20
2021-07-13,2.3350587674608048,20
2021-07-14,2.293605919747186,20
2021-07-15,2.275573285157691,20
2021-07-16,2.210680886569142,20
2021-07-19,2.1645959736321565,20
2021-07-20,2.2319325326042914,20
2021-07-21,2.2995183373797206,20
2021-07-22,2.274134302646845,20
2021-07-23,2.2722981571486356,20
2021-07-26,2.305190368075634,20
2021-07-27,2.276731992694177,20
2021-07-28,2.292205797979188,20
2021-07-29,2.313150829346116,20
2021-07-30,2.3102979723083394,20
2021-08-02,2.2883743515407167,20
2021-08-03,2.331159643952143,20
2021-08-04,2.2941271059949266,20
2021-08-05,2.341793930816543,20
2021-08-06,2.363255666869951,20
2021-08-09,2.379071287588204,20
2021-08-10,2.4054459761884024,20
2021-08-11,2.4128009476458545,20
2021-08-12,2.41909362439669,20
2021-08-13,2.386530761653952,20
2021-08-16,2.3429181089712974,20
2021-08-17,2.2890726167563047,20
2021-08-18,2.273889227107918,20
2021-08-19,2.217835638704654,20
2021-08-20,2.2427546341116655,20
2021-08-23,2.3085664843488716,20
2021-08-24,2.3533672184476426,20
2021-08-25,2.3893285010550285,20
2021-08-26,2.365833551482446,20
2021-08-27,2.425022060452784,20
2021-08-30,2.37947806207933,20
2021-08-31,2.3708552267326777,20
2021-09-01,2.3433362849313277,20
2021-09-02,2.3685781656331826,20
2021-09-03,2.362727346879041,20
2021-09-07,2.358434401302529,20
2021-09-08,2.3141874381822114,20
2021-09-09,2.344585769005548,20
2021-09-10,2.3351020363487187,20
2021-09-13,2.352972318084732,20
2021-09-14,2.326870864636167,20
2021-09-15,2.389992662478245,20
2021-09-16,2.385836011368135,20
2021-09-17,2.36811752025159,20
2021-09-20,2.2778607571419225,20
2021-09-21,2.2819986100076353,20
2021-09-22,2.343977776504961,20
2021-09-23,2.4132185243365067,20
2021-09-24,2.4079434443583185,20
2021-09-27,2.464441652093461,20
2021-09-28,2.416403524867542,20
2021-09-29,2.3993821678179006,20
2021-09-30,2.360284871283008,20
2021-10-01,2.4171961565225377,20
2021-10-04,2.415335090547453,20
2021-10-05,2.449966579186725,20
2021-10-06,2.428223320786086,20
2021-10-07,2.46358342681472,20
2021-10-08,2.4804883684264833,20
2021-10-11,2.4670484786962783,20
2021-10-12,2.4749391418987456,20
2021-10-13,2.4759919652848796,20
2021-10-14,2.5191510566090725,20
2021-10-15,2.5388727988308872,20
2021-10-18,2.559259231960299,20
2021-10-19,2.567423481417762,20
2021-10-20,2.5857225249669,20
2021-10-21,2.5545071401059802,20
2021-10-22,2.5721237217759585,20
2021-10-25,2.608563620607912,20
2021-10-26,2.6162474272440552,20
2021-10-27,2.5350867185416277,20
2021-10-28,2.5711756556595424,20
2021-10-29,2.5570597433353632,20
2021-11-01,2.599622086978508,20
2021-11-02,2.591814747384676,20
2021-11-03,2.5943198508328003,20
2021-11-04,2.587842909403818,20
2021-11-05,2.6234981360706806,20
2021-11-08,2.6656889929055474,20
2021-11-09,2.64975643394543,20
2021-11-10,2.57985066040152,20
2021-11-11,2.616171181466242,20
2021-11-12,2.6284959568830986,20
2021-11-15,2.624194720514901,20
2021-11-16,2.616552385619209,20
2021-11-17,2.563020239053831,20
2021-11-18,2.57546288459014,20
2021-11-19,2.5010193650842965,20
2021-11-22,2.5331444429544927,20
2021-11-23,2.60243623207709,20
2021-11-24,2.613868919178431,20
2021-11-26,2.502870802176914,20
2021-11-29,2.5255263456673207,20
2021-11-30,2.447314263071437,20
2021-12-01,2.38908026002872,20
2021-12-02,2.4552992144171637,20
2021-12-03,2.410808260414266,20
2021-12-06,2.4368354369052545,20
2021-12-07,2.5379919943152522,20
2021-12-08,2.5281428518976274,20
2021-12-09,2.487697365033187,20
2021-12-10,2.5127277805832913,20
2021-12-13,2.4357526917726,20
2021-12-14,2.4271626622316202,20
2021-12-15,2.432066892723689,20
2021-12-16,2.4261906911767985,20
2021-12-17,2.3998323253598675,20
2021-12-20,2.343523431858423,20
2021-12-21,2.4323902916869153,20
2021-12-22,2.466258527028315,20
2021-12-23,2.485886016944785,20
2021-12-27,2.552610381935076,20
2021-12-28,2.531372734299341,20
2021-12-29,2.5246006636389517,20
2021-12-30,2.502647036622495,20
2021-12-31,2.4987217004410587,20
2022-01-03,2.556626915361902,20
2022-01-04,2.620439311201749,20
2022-01-05,2.5593687217539194,20
2022-01-06,2.593069859124314,20
2022-01-07,2.581157805294234,20
2022-01-10,2.575321305322471,20
2022-01-11,2.635141204568431,20
2022-01-12,2.656367970641353,20
2022-01-13,2.6175745775017853,20
2022-01-14,2.6569491526117237,20
2022-01-18,2.610876527654642,20
2022-01-19,2.5554911774949143,20
2022-01-20,2.5005532770410435,20
2022-01-21,2.421118605959986,20
2022-01-24,2.447864812587359,20
2022-01-25,2.475522186028029,20
2022-01-26,2.4808358909831694,20
2022-01-27,2.472723956579809,20
2022-01-28,2.5005171966032957,20
2022-01-31,2.5418185973894656,20
2022-02-01,2.5985294653640345,20
2022-02-02,2.6326847458552796,20
2022-02-03,2.5763808458479116,20
2022-02-04,2.5885010186158404,20
2022-02-07,2.586113649851954,20
2022-02-08,2.595757445660393,20
2022-02-09,2.6575724066248534,20
2022-02-10,2.635307586351982,20
2022-02-11,2.6046979562219033,20
2022-02-14,2.555803900035647,20
2022-02-15,2.5930515848220725,20
2022-02-16,2.60970983789367,20
2022-02-17,2.5757748185024725,20
2022-02-18,2.560324050368677,20
2022-02-22,2.508902468223444,20
2022-02-23,2.4703327527004038,20
2022-02-24,2.5300498715003683,20
2022-02-25,2.602797930170271,20
2022-02-28,2.639229362956024,20
2022-03-01,2.6031316456748703,20
2022-03-02,2.681332209573719,20
2022-03-03,2.6714193991784723,20
2022-03-04,2.674602269965304,20
2022-03-07,2.6257176428545277,20
2022-03-08,2.597020119257682,20
2022-03-09,2.620631917710068,20
2022-03-10,2.6551296846034265,20
2022-03-11,2.623867548211213,20
2022-03-14,2.5826469143366175,20
2022-03-15,2.604416855399765,20
2022-03-16,2.6239063743988815,20
2022-03-17,2.6901877296635903,20
2022-03-18,2.7202058385727224,20
2022-03-21,2.7488480244063216,20
2022-03-22,2.7729115661018326,20
2022-03-23,2.7622324213815515,20
2022-03-24,2.7992380216526604,20
2022-03-25,2.8163577042590147,20
2022-03-28,2.7871616882643364,20
2022-03-29,2.8074112031413865,20
2022-03-30,2.779081154518654,20
2022-03-31,2.7412191494283773,20
2022-04-01,2.7574138495839806,20
2022-04-04,2.7778717941831923,20
2022-04-05,2.7225719995686206,20
2022-04-06,2.682156514101132,20
2022-04-07,2.6995019396363884,20
2022-04-08,2.7234359470285123,20
2022-04-11,2.680751171975399,20
2022-04-12,2.7002561597552712,20
2022-04-13,2.7528393964842537,20
2022-04-14,2.71726346703951,20
2022-04-18,2.7318941997372015,20
2022-04-19,2.766332351636744,20
2022-04-20,2.773597324496456,20
2022-04-21,2.689190937517306,20
2022-04-22,2.5875036330659795,20
2022-04-25,2.5694499206182657,20
2022-04-26,2.49867345475203,20
2022-04-27,2.5119790711872017,20
2022-04-28,2.55406517855189,20
2022-04-29,2.4690846861385745,20
2022-05-02,2.4963304611738906,20
2022-05-03,2.5393517031806825,20
2022-05-04,2.63063926947033,20
2022-05-05,2.5199236452319766,20
2022-05-06,2.514054769788314,20
2022-05-09,2.3272554205590623,20
2022-05-10,2.3646033182459765,20
2022-05-11,2.3324373529838835,20
2022-05-12,2.3221390346531976,20
2022-05-13,2.4313580148410754,20
2022-05-16,2.4149054260998515,20
2022-05-17,2.48115844198579,20
2022-05-18,2.3575339850231867,20
2022-05-19,2.357432575028359,20
2022-05-20,2.336744865204415,20
2022-05-23,2.393668329267359,20
2022-05-24,2.349552476195396,20
2022-05-25,2.40592906781833,20
2022-05-26,2.4754665450845024,20
2022-05-27,2.553602433738162,20
2022-05-31,2.5309299298520997,20
2022-06-01,2.5224666310746207,20
2022-06-02,2.5612478130548313,20
2022-06-03,2.530535117270051,20
2022-06-06,2.53691725253746,20
2022-06-07,2.572288080999081,20
2022-06-08,2.5407405218782713,20
2022-06-09,2.481006454994507,20
2022-06-10,2.4046097227199064,20
2022-06-13,2.2780452890639484,20
2022-06-14,2.2950217483995585,20
2022-06-15,2.311753210106059,20
2022-06-16,2.1914570698420683,20
2022-06-17,2.1679872702795,20
2022-06-21,2.235352537374133,20
2022-06-22,2.1880865348931016,20
2022-06-23,2.163952274499763,20
2022-06-24,2.231898642659917,20
2022-06-27,2.2505703035542375,20
2022-06-28,2.236057224697997,20
2022-06-29,2.1946994300072173,20
2022-06-30,2.169226069827911,20
2022-07-01,2.1764504218684526,20
2022-07-05,2.1486408924982157,20
2022-07-06,2.1415744689652274,20
2022-07-07,2.2222007450927097,20
2022-07-08,2.230464246124764,20
2022-07-11,2.195496615706576,20
2022-07-12,2.1658163987859553,20
2022-07-13,2.17511665493047,20
2022-07-14,2.159441344011837,20
2022-07-15,2.2054595142901916,20
2022-07-18,2.2187723889255926,20
2022-07-19,2.294062975023823,20
2022-07-20,2.3128427315303424,20
2022-07-21,2.3299141999379778,20
2022-07-22,2.2919684036185206,20
2022-07-25,2.3307581025515494,20
2022-07-26,2.2849905942277173,20
2022-07-27,2.3686967447394767,20
2022-07-28,2.393148633319187,20
2022-07-29,2.451150205616892,20
2022-08-01,2.4307513936303593,20
2022-08-02,2.422155406559933,20
2022-08-03,2.4333562096547623,20
2022-08-04,2.375429575664631,20
2022-08-05,2.3961248749490074,20
2022-08-08,2.405253191268861,20
2022-08-09,2.4000457190868256,20
2022-08-10,2.4525036294492564,20
2022-08-11,2.488232602554706,20
2022-08-12,2.5269682269256175,20
2022-08-15,2.5099758320184806,20
2022-08-16,2.5118071445675305,20
2022-08-17,2.49770768706903,20
2022-08-18,2.5602947003528387,20
2022-08-19,2.5408029124181235,20
2022-08-22,2.500253794761192,20
2022-08-23,2.548610600397846,20
2022-08-24,2.574174156241105,20
2022-08-25,2.615302213917681,20
2022-08-26,2.533441186064479,20
2022-08-29,2.5331828474165263,20
2022-08-30,2.4745304927111467,20
2022-08-31,2.4341788719967017,20
2022-09-01,2.4031971791430906,20
2022-09-02,2.4094699114558016,20
2022-09-06,2.3999231667488594,20
2022-09-07,2.430618673043599,20
2022-09-08,2.4557178482671373,20
2022-09-09,2.49644038240186,20
2022-09-12,2.5224231333557587,20
2022-09-13,2.4286519137031575,20
2022-09-14,2.463431821004626,20
2022-09-15,2.425174201097368,20
2022-09-16,2.3965609711219487,20
2022-09-19,2.4184187098983774,20
2022-09-20,2.3754660265085086,20
2022-09-21,2.333688091402886,20
2022-09-22,2.277955021282382,20
2022-09-23,2.178713350314355,20
2022-09-26,2.141364665145077,20
2022-09-27,2.169130096719487,20
2022-09-28,2.229842123535872,20
2022-09-29,2.1773337604736853,20
2022-09-30,2.155693317622871,20
2022-10-03,2.22837368976877,20
2022-10-04,2.3222038161398233,20
2022-10-05,2.3174813523415447,20
2022-10-06,2.315187473860253,20
2022-10-07,2.2562881182737953,20
2022-10-10,2.2365895414297934,20
2022-10-11,2.2134967472173233,20
2022-10-12,2.2015218773909866,20
2022-10-13,2.2585264746840616,20
2022-10-14,2.1744312872339235,20
2022-10-17,2.2244828113937856,20
2022-10-18,2.2562522109610463,20
2022-10-19,2.258951854613633,20
2022-10-20,2.2479098276891176,20
2022-10-21,2.336195880876335,20
2022-10-24,2.3514333622394656,20
2022-10-25,2.393105744023642,20
2022-10-26,2.4098112450937776,20
2022-10-27,2.413205644713449,20
2022-10-28,2.4571318555359842,20
2022-10-31,2.441709108548794,20
2022-11-01,2.4550184227840264,20
2022-11-02,2.380865822068281,20
2022-11-03,2.3897413083779155,20
2022-11-04,2.4441705530995574,20
2022-11-07,2.470960726092737,20
2022-11-08,2.4809638202661812,20
2022-11-09,2.39860717706357,20
2022-11-10,2.513670330702473,20
2022-11-11,2.5303997978354706,20
2022-11-14,2.5065663039197,20
2022-11-15,2.5434884012497347,20
2022-11-16,2.507989097875266,20
2022-11-17,2.5094130549489964,20
2022-11-18,2.513378289228458,20
2022-11-21,2.4916108045941576,20
2022-11-22,2.552177552928748,20
2022-11-23,2.5475417800651092,20
2022-11-25,2.546314101199634,20
2022-11-28,2.497635241529082,20
2022-11-29,2.514687982989267,20
2022-11-30,2.5755905033485615,20
2022-12-01,2.56036144173683,20
2022-12-02,2.579888288498904,20
2022-12-05,2.5170488333060157,20
2022-12-06,2.47466392852685,20
2022-12-07,2.4646715567227835,20
2022-12-08,2.46029835632359,20
2022-12-09,2.4345879326361226,20
2022-12-12,2.4870979178436725,20
2022-12-13,2.5127787316892305,20
2022-12-14,2.5056954149812563,20
2022-12-15,2.4550524632634425,20
2022-12-16,2.42845682215541,20
2022-12-19,2.4022618064200127,20
2022-12-20,2.4223885238340945,20
2022-12-21,2.4567295901739095,20
2022-12-22,2.412131441861756,20
2022-12-23,2.451318234268317,20
2022-12-27,2.457824130676032,20
2022-12-28,2.397595403732448,20
2022-12-29,2.424986252236205,20
2022-12-30,2.4294503237509133,20
2023-01-03,2.3703880174585716,20
2023-01-04,2.4003730114410082,20
2023-01-05,2.3758465277103724,20
2023-01-06,2.4410267695201933,20
2023-01-09,2.460057821303428,20
2023-01-10,2.4781995349398,20
2023-01-11,2.4973867194138006,20
2023-01-12,2.53285331437494,20
2023-01-13,2.54077694069013,20
2023-01-17,2.5407974791881505,20
2023-01-18,2.4961519428428924,20
2023-01-19,2.4669816672053053,20
2023-01-20,2.5015310226898495,20
2023-01-23,2.5375640619399937,20
2023-01-24,2.520008069120718,20
2023-01-25,2.5195032150381262,20
2023-01-26,2.5730338889350604,20
2023-01-27,2.5747068000088182,20
2023-01-30,2.5328728542725214,20
2023-01-31,2.5786165331738866,20
2023-02-01,2.5782571658100557,20
2023-02-02,2.551813554933961,20
2023-02-03,2.5362289457163074,20
2023-02-06,2.5256587733071494,20
2023-02-07,2.5577130951950573,20
2023-02-08,2.5345260466976574,20
2023-02-09,2.5137633691187107,20
2023-02-10,2.546154730312278,20
2023-02-13,2.5572774463754735,20
2023-02-14,2.5624642517912095,20
2023-02-15,2.559084136754026,20
2023-02-16,2.5316959990369186,20
2023-02-17,2.498813604994228,20
2023-02-21,2.457446405310966,20
2023-02-22,2.4579520254111764,20
2023-02-23,2.467687998804111,20
2023-02-24,2.4672800854124093,20
2023-02-27,2.484164152035083,20
2023-02-28,2.47733660147604,20
2023-03-01,2.525071080864492,20
2023-03-02,2.5523868710720032,20
2023-03-03,2.6068610054591916,20
2023-03-06,2.5952192134489698,20
2023-03-07,2.560899874674725,20
2023-03-08,2.561635199043637,20
2023-03-09,2.4925669443795404,20
2023-03-10,2.4307030139767787,20
2023-03-13,2.4042962668336916,20
2023-03-14,2.4315329190685255,20
2023-03-15,2.3263984969928875,20
2023-03-16,2.367627142363529,20
2023-03-17,2.3139784113449955,20
2023-03-20,2.358297059952153,20
2023-03-21,2.416526524658901,20
2023-03-22,2.357533892470948,20
2023-03-23,2.351014029694093,20
2023-03-24,2.3508588357653206,20
2023-03-27,2.3695614485222714,20
2023-03-28,2.3896366369651667,20
2023-03-29,2.4270068302307024,20
2023-03-30,2.433468649434825,20
2023-03-31,2.4773052068832424,20
2023-04-03,2.4899513628949683,20
2023-04-04,2.443235297348678,20
2023-04-05,2.414151995794831,20
2023-04-06,2.397103780311164,20
2023-04-10,2.4295594821045894,20
2023-04-11,2.4482435748210514,20
2023-04-12,2.438355918340287,20
2023-04-13,2.462023342038711,20
2023-04-14,2.4691912578546567,20
2023-04-17,2.4881040579963543,20
2023-04-18,2.5128752185423675,20
2023-04-19,2.5176796727828092,20
2023-04-20,2.524265273091482,20
2023-04-21,2.51710010361483,20
2023-04-24,2.531323594394492,20
2023-04-25,2.4892621551840555,20
2023-04-26,2.4286281345931617,20
2023-04-27,2.4590136253398143,20
2023-04-28,2.484218145859305,20
2023-05-01,2.486073877864685,20
2023-05-02,2.4432203401725126,20
2023-05-03,2.415500132951263,20
2023-05-04,2.392584810900953,20
2023-05-05,2.437026163977069,20
2023-05-08,2.4478604417132868,20
2023-05-09,2.446321522156929,20
2023-05-10,2.4452717891040114,20
2023-05-11,2.4467565409308256,20
2023-05-12,2.4840905001220404,20
2023-05-15,2.4970149916103814,20
2023-05-16,2.465231459816365,20
2023-05-17,2.504848774716515,20
2023-05-18,2.5482134555800893,20
2023-05-19,2.532599319248601,20
2023-05-22,2.526018229669903,20
2023-05-23,2.4677992938968667,20
2023-05-24,2.4544909784339413,20
2023-05-25,2.4734460209861657,20
2023-05-26,2.5104397136561594,20
2023-05-30,2.5140662662583035,20
2023-05-31,2.485339657136367,20
2023-06-01,2.5174630261454287,20
2023-06-02,2.5713665804464325,20
2023-06-05,2.5587973880046735,20
2023-06-06,2.5785710620485616,20
2023-06-07,2.566586197015388,20
2023-06-08,2.578585412247162,20
2023-06-09,2.587343902508101,20
2023-06-12,2.6276428031487864,20
2023-06-13,2.641345054286307,20
2023-06-14,2.6443849972713585,20
2023-06-15,2.6628689306648834,20
2023-06-16,2.6491547178614177,20
2023-06-20,2.6392444824246124,20
2023-06-21,2.636417465111085,20
2023-06-22,2.624329169656355,20
2023-06-23,2.606847978263555,20
2023-06-26,2.6001465826229944,20
2023-06-27,2.644252876826686,20
2023-06-28,2.6500164167760984,20
2023-06-29,2.6589557394771672,20
2023-06-30,2.6924298307621006,20
2023-07-03,2.6859253986728993,20
2023-07-05,2.6629375460392533,20
2023-07-06,2.6273720100388624,20
2023-07-07,2.6351771308826812,20
2023-07-10,2.6913378878085163,20
2023-07-11,2.7043684396072245,20
2023-07-12,2.7345988541069217,20
2023-07-13,2.758752321908363,20
2023-07-14,2.759646449662808,20
2023-07-17,2.7826038521084633,20
2023-07-18,2.799056267523668,20
2023-07-19,2.7784126618218976,20
2023-07-20,2.720877798346436,20
2023-07-21,2.7207235768024565,20
2023-07-24,2.722662718269965,20
2023-07-25,2.7559816550130454,20
2023-07-26,2.748170248230493,20
2023-07-27,2.743043336580753,20
2023-07-28,2.7712896058285903,20
2023-07-31,2.7777091722420963,20
2023-08-01,2.7814782721006948,20
2023-08-02,2.7224794782272004,20
2023-08-03,2.712023546106645,20
2023-08-04,2.713269922481486,20
2023-08-07,2.75222660342478,20
2023-08-08,2.7223294413931045,20
2023-08-09,2.6873564324061014,20
2023-08-10,2.684658388610181,20
2023-08-11,2.662335648177163,20
2023-08-14,2.69244597893119,20
2023-08-15,2.6687748474382658,20
2023-08-16,2.62806152508391,20
2023-08-17,2.5752570446196255,20
2023-08-18,2.5756799212221457,20
2023-08-21,2.5893618847493647,20
2023-08-22,2.5981059754586595,20
2023-08-23,2.6367412776935257,20
2023-08-24,2.5669097776824867,20
2023-08-25,2.5771783280179386,20
2023-08-28,2.592561203745584,20
2023-08-29,2.6442350588222707,20
2023-08-30,2.662829249968924,20
2023-08-31,2.673187694887253,20
2023-09-01,2.682167090497235,20
2023-09-05,2.6544940191813957,20
2023-09-06,2.669031743305891,20
2023-09-07,2.6482405448251,20
2023-09-08,2.6510397544314293,20
2023-09-11,2.6678374765662323,20
2023-09-12,2.6051719886184617,20
2023-09-13,2.585142142119599,20
2023-09-14,2.6026760819525405,20
2023-09-15,2.545237133644901,20
2023-09-18,2.5563529752789114,20
2023-09-19,2.549582473262921,20
2023-09-20,2.5213809726029948,20
2023-09-21,2.4631951498176745,20
2023-09-22,2.4700004847875987,20
2023-09-25,2.476093471151683,20
2023-09-26,2.4408200748439244,20
2023-09-27,2.4668602172060727,20
2023-09-28,2.5047975634781734,20
2023-09-29,2.4822437841607896,20
2023-10-02,2.4867066472198482,20
2023-10-03,2.430423921076337,20
2023-10-04,2.461127795364272,20
2023-10-05,2.4465824870965878,20
2023-10-06,2.4894092693433505,20
2023-10-09,2.501423395910629,20
2023-10-10,2.5166177257584503,20
2023-10-11,2.5384991093082423,20
2023-10-12,2.515204256951953,20
2023-10-13,2.4688397176254906,20
2023-10-16,2.4978599284793352,20
2023-10-17,2.5010825338535145,20
2023-10-18,2.4420712810201457,20
2023-10-19,2.415203799695329,20
2023-10-20,2.376219555694884,20
2023-10-23,2.3926142007987536,20
2023-10-24,2.418999767350153,20
2023-10-25,2.36376203283183,20
2023-10-26,2.3359852812149446,20
2023-10-27,2.3374269168858532,20
2023-10-30,2.3461664407626945,20
2023-10-31,2.3706076522671995,20
2023-11-01,2.4287607012347974,20
2023-11-02,2.4806604871825244,20
2023-11-03,2.5235086884450952,20
2023-11-06,2.52336026504497,20
2023-11-07,2.547457052969571,20
2023-11-08,2.566682055543274,20
2023-11-09,2.54887533463167,20
2023-11-10,2.619602993276646,20
2023-11-13,2.6160982502113197,20
2023-11-14,2.701727385974816,20
2023-11-15,2.692725990884548,20
2023-11-16,2.697090968641728,20
2023-11-17,2.7085916475444214,20
2023-11-20,2.7368940668426416,20
2023-11-21,2.7112672006354317,20
2023-11-22,2.7232743479603343,20
2023-11-24,2.7271790744635194,20
2023-11-27,2.720524496484249,20
2023-11-28,2.706265163399258,20
2023-11-29,2.7117170536541635,20
2023-11-30,2.715784362344295,20
2023-12-01,2.740399335614848,20
2023-12-04,2.71772155594579,20
2023-12-05,2.7088637276761287,20
2023-12-06,2.7044970282942113,20
2023-12-07,2.7431734841361335,20
2023-12-08,2.7718619751908884,20
2023-12-11,2.816719722962982,20
2023-12-12,2.8300582400209193,20
2023-12-13,2.8560136526434365,20
2023-12-14,2.883065567600485,20
2023-12-15,2.894734880768387,20
2023-12-18,2.9069539161621787,20
2023-12-19,2.9295249857897425,20
2023-12-20,2.8636984982875933,20
2023-12-21,2.90943756365298,20
2023-12-22,2.9126452140375445,20
2023-12-26,2.9328359057759896,20
2023-12-27,2.9366215720910884,20
2023-12-28,2.9339222298486263,20
2023-12-29,2.920620781724375,20
2024-01-02,2.8285754056766605,20
2024-01-03,2.7862804215769654,20
2024-01-04,2.7770260120132537,20
2024-01-05,2.7908938864806365,20
2024-01-08,2.8677245255476436,20
2024-01-09,2.881735700319356,20
2024-01-10,2.914049076105049,20
2024-01-11,2.9432430471443323,20
2024-01-12,2.9365627809904473,20
2024-01-16,2.9463314510513103,20
2024-01-17,2.9318017686497684,20
2024-01-18,2.987163531547289,20
2024-01-19,3.0610164795814105,20
2024-01-22,3.069086359251056,20
2024-01-23,3.0466723857719167,20
2024-01-24,3.0847644227254993,20
2024-01-25,3.117847482161897,20
2024-01-26,3.0816751430609033,20
2024-01-29,3.128802498582817,20
2024-01-30,3.1115243650926225,20
2024-01-31,3.057238488530897,20
2024-02-01,3.1077206059225393,20
2024-02-02,3.18339635499769,20
2024-02-05,3.1890126140379556,20
2024-02-06,3.1572158450009913,20
2024-02-07,3.206042286196743,20
2024-02-08,3.2363207180174705,20
2024-02-09,3.281091092418349,20
2024-02-12,3.265621142284711,20
2024-02-13,3.213571646511173,20
2024-02-14,3.290540969694102,20
2024-02-15,3.2966624310197763,20
2024-02-16,3.260677162701227,20
2024-02-20,3.2150194180216856,20
2024-02-21,3.1570241174021794,20
2024-02-22,3.2890850950762687,20
2024-02-23,3.278861117123092,20
2024-02-26,3.31183963914544,20
2024-02-27,3.317236114794241,20
2024-02-28,3.2996719087566433,20
2024-02-29,3.3549941643764276,20
2024-03-01,3.4277461684391906,20
2024-03-04,3.434426440811501,20
2024-03-05,3.3666245957475494,20
2024-03-06,3.3914606994063483,20
2024-03-07,3.445510347908182,20
2024-03-08,3.3911332821080262,20
2024-03-11,3.3614770886386687,20
2024-03-12,3.4238765872528276,20
2024-03-13,3.3998435490518824,20
2024-03-14,3.393003985507001,20
2024-03-15,3.303259536991013,20
2024-03-18,3.3489381077135185,20
2024-03-19,3.3567071318546833,20
2024-03-20,3.40439248596411,20
2024-03-21,3.4411462737525618,20
2024-03-22,3.4467381955020264,20
2024-03-25,3.4351644305367808,20
2024-03-26,3.4178355588338234,20
2024-03-27,3.4225441319033996,20
2024-03-28,3.4139419127181925,20
2024-04-01,3.4300123375854454,20
2024-04-02,3.3910264785480537,20
2024-04-03,3.4330217952025057,20
2024-04-04,3.3701072150052203,20
2024-04-05,3.45561175056341,20
2024-04-08,3.45155528477042,20
2024-04-09,3.431827280422091,20
2024-04-10,3.4003350119250677,20
2024-04-11,3.44858873809628,20
2024-04-12,3.375959680442914,20
2024-04-15,3.3099429354676406,20
2024-04-16,3.337280101507314,20
2024-04-17,3.286891844897922,20
2024-04-18,3.2533202214505046,20
2024-04-19,3.1708077317650245,20
2024-04-22,3.195317254678297,20
2024-04-23,3.2867275148634825,20
2024-04-24,3.2720196466869016,20
2024-04-25,3.2565521030895352,20
2024-04-26,3.30696609676972,20
2024-04-29,3.311405941649641,20
2024-04-30,3.2355758228041998,20
2024-05-01,3.2069712700929247,20
2024-05-02,3.2519318096484153,20
2024-05-03,3.313743771476115,20
2024-05-06,3.3881371882801554,20
2024-05-07,3.381826515106712,20
2024-05-08,3.3982452174235265,20
2024-05-09,3.408220522898276,20
2024-05-10,3.4227301127537797,20
2024-05-13,3.402695408039448,20
2024-05-14,3.4373379630088348,20
2024-05-15,3.524392768926571,20
2024-05-16,3.483943053154748,20
2024-05-17,3.4668980539518155,20
2024-05-20,3.512789896933525,20
2024-05-21,3.5159721000840234,20
2024-05-22,3.507850409975441,20
2024-05-23,3.4919857419663827,20
2024-05-24,3.557864326303537,20
2024-05-28,3.56709783038703,20
2024-05-29,3.5362247842618224,20
2024-05-30,3.454000366473177,20
2024-05-31,3.443880710823017,20
2024-06-03,3.4069379393966663,20
2024-06-04,3.3778836062907214,20
2024-06-05,3.4692086346907822,20
2024-06-06,3.4315497618241975,20
2024-06-07,3.423284920609861,20
2024-06-10,3.4783934810046278,20
2024-06-11,3.482487617801551,20
2024-06-12,3.5507377824050086,20
2024-06-13,3.5644769223765165,20
2024-06-14,3.527694500926872,20
2024-06-17,3.5841609300298787,20
2024-06-18,3.615409508342534,20
2024-06-20,3.5697632747036248,20
2024-06-21,3.532627182495824,20
2024-06-24,3.518531095537179,20
2024-06-25,3.541886763106767,20
2024-06-26,3.52355262258823,20
2024-06-27,3.526336544289112,20
2024-06-28,3.5259479520214723,20
2024-07-01,3.529382711076145,20
2024-07-02,3.5568039473924795,20
2024-07-03,3.601420693180249,20
2024-07-05,3.583064609517249,20
2024-07-08,3.625750094552326,20
2024-07-09,3.629183878430009,20
2024-07-10,3.662883708823412,20
2024-07-11,3.623090958756679,20
2024-07-12,3.6352862997453035,20
2024-07-15,3.627080298959141,20
2024-07-16,3.649517237293419,20
2024-07-17,3.441577068532095,20
2024-07-18,3.4326086759057186,20
2024-07-19,3.421199177127956,20
2024-07-22,3.5059495946853683,20
2024-07-23,3.527059041416165,20
2024-07-24,3.3675865217306904,20
2024-07-25,3.321677767611998,20
2024-07-26,3.383994356395687,20
2024-07-29,3.373037983394601,20
2024-07-30,3.333648763749636,20
2024-07-31,3.4994805785241327,20
2024-08-01,3.3766507465664697,20
2024-08-02,3.214285295413043,20
2024-08-05,3.169990931196785,20
2024-08-06,3.2755498125659313,20
2024-08-07,3.246138413064065,20
2024-08-08,3.3931067577006773,20
2024-08-09,3.425173960860304,20
2024-08-12,3.4260252622885243,20
2024-08-13,3.4888725667749108,20
2024-08-14,3.4939376568681815,20
2024-08-15,3.5836381731526084,20
2024-08-16,3.564917044687743,20
2024-08-19,3.6024145912394125,20
2024-08-20,3.5774260722138242,20
2024-08-21,3.6206075431166505,20
2024-08-22,3.587623878374179,20
2024-08-23,3.6304864091403655,20
2024-08-26,3.5896002012469514,20
2024-08-27,3.602827379972492,20
2024-08-28,3.559749236964721,20
2024-08-29,3.567500525757127,20
2024-08-30,3.615725276829174,20
2024-09-03,3.438568011918433,20
2024-09-04,3.440327099061266,20
2024-09-05,3.4225685741912164,20
2024-09-06,3.3346111490719315,20
2024-09-09,3.3986120389023173,20
2024-09-10,3.404297372645795,20
2024-09-11,3.470130000153073,20
2024-09-12,3.4948576877517064,20
2024-09-13,3.5640640929185747,20
2024-09-16,3.588543280971707,20
2024-09-17,3.6109708704450436,20
2024-09-18,3.6092673997302462,20
2024-09-19,3.692423760271901,20
2024-09-20,3.801389374255087,20
2024-09-23,3.8257935279283104,20
2024-09-24,3.8284183730845442,20
2024-09-25,3.850701632379261,20
2024-09-26,3.8915998507793774,20
2024-09-27,3.8848793041015646,20
2024-09-30,3.8884994433928948,20
2024-10-01,3.8699222504559483,20
2024-10-02,3.886594585541513,20
2024-10-03,3.9003642893633215,20
2024-10-04,3.961007160964134,20
2024-10-07,3.916334552788265,20
2024-10-08,3.9427419912620243,20
2024-10-09,3.949593718195077,20
2024-10-10,3.935862777584747,20
2024-10-11,3.994034308478331,20
2024-10-14,4.0307725672177765,20
2024-10-15,4.000737172687278,20
2024-10-16,4.045876706381006,20
2024-10-17,4.020913271004399,20
2024-10-18,4.043840855964989,20
2024-10-21,4.014517626642015,20
2024-10-22,3.961156619319941,20
2024-10-23,3.9258748546773026,20
2024-10-24,3.947357680244174,20
2024-10-25,3.9355059124807164,20
2024-10-28,3.9653806405128313,20
2024-10-29,3.9632465621681146,20
2024-10-30,3.9338312424571247,20
2024-10-31,3.882647838871682,20
2024-11-01,3.8524507102676036,20
2024-11-04,3.819442696804822,20
2024-11-05,3.8985943587260996,20
2024-11-06,4.100417535238153,20
2024-11-07,4.102422167219661,20
2024-11-08,4.131656204528673,20
2024-11-11,4.1623224454665,20
2024-11-12,4.1187374141945945,20
2024-11-13,4.10480741997266,20
2024-11-14,4.103583805427793,20
2024-11-15,4.075262721665687,20
2024-11-18,4.089331868917192,20
2024-11-19,4.1210613703320735,20
2024-11-20,4.138586043466734,20
2024-11-21,4.2123037547969,20
2024-11-22,4.247174962489079,20
2024-11-25,4.255956562194473,20
2024-11-26,4.321979317636065,20
2024-11-27,4.2799641120334115,20
2024-11-29,4.324799678675419,20
2024-12-02,4.31205521307278,20
2024-12-03,4.292088962309903,20
2024-12-04,4.327045258612084,20
2024-12-05,4.331173675197013,20
2024-12-06,4.328144017567017,20
2024-12-09,4.2133336333343525,20
2024-12-10,4.198286292851589,20
2024-12-11,4.249778165580718,20
2024-12-12,4.206880632269758,20
2024-12-13,4.2005852157035335,20
2024-12-16,4.205939158261814,20
2024-12-17,4.145385502244028,20
2024-12-18,3.9803124452870255,20
2024-12-19,4.019606983881463,20
2024-12-20,4.0884441507558105,20
2024-12-23,4.110443616976461,20
2024-12-24,4.167191516710307,20
2024-12-26,4.171264527214479,20
2024-12-27,4.123455526725529,20
2024-12-30,4.09392772987272,20
2024-12-31,4.069123138802202,20
2025-01-02,4.088505579909078,20
2025-01-03,4.158865879313028,20
2025-01-06,4.203393543463422,20
2025-01-07,4.153212401808567,20
2025-01-08,4.160372703214807,20
2025-01-10,4.150715453257369,20
2025-01-13,4.118791101730268,20
2025-01-14,4.190587914196892,20
2025-01-15,4.2932179007613875,20
2025-01-16,4.332313914431059,20
2025-01-17,4.37340140567141,20
2025-01-21,4.492946753844743,20
2025-01-22,4.535108506371249,20
2025-01-23,4.588289188611337,20
2025-01-24,4.5928711386748065,20
2025-01-27,4.412195634843367,20
2025-01-28,4.446570288321207,20
2025-01-29,4.470911092063272,20
2025-01-30,4.53315618329177,20
2025-01-31,4.495671678696818,20
2025-02-03,4.458186688096879,20
2025-02-04,4.447532061671459,20
2025-02-05,4.505495849008086,20
2025-02-06,4.5469972902336115,20
2025-02-07,4.507101923020548,20
2025-02-10,4.487643601167003,20
2025-02-11,4.446495876614923,20
2025-02-12,4.448774532821504,20
2025-02-13,4.455679869771213,20
2025-02-14,4.527547475448906,20
2025-02-18,4.548002593992099,20
2025-02-19,4.555989053838444,20
2025-02-20,4.439377121110249,20
2025-02-21,4.266122057494027,20
2025-02-24,4.2444273678342235,20
2025-02-25,4.213293962686081,20
2025-02-26,4.301858744389086,20
2025-02-27,4.1972066962160985,20
2025-02-28,4.277455339770852,20
2025-03-03,4.154446179645389,20
2025-03-04,3.992006702086521,20
2025-03-05,4.048825889470439,20
2025-03-06,3.8478770104280873,20
2025-03-07,3.8128314997542634,20
2025-03-10,3.6467812199880094,20
2025-03-11,3.6576593959586963,20
2025-03-12,3.714420087970668,20
2025-03-13,3.6264152220443786,20
2025-03-14,3.7428277159854746,20
2025-03-17,3.814180360512988,20
2025-03-18,3.7542266078076567,20
2025-03-19,3.8681592631930397,20
2025-03-20,3.8636893313281786,20
2025-03-21,3.866898442625795,20
2025-03-24,3.991331871967359,20
2025-03-25,3.9886170879990224,20
2025-03-26,3.8934546416417772,20
2025-03-27,3.823192127626049,20
2025-03-28,3.7043062927651436,20
2025-03-31,3.704228447221412,20
2025-04-01,3.730963819151409,20
2025-04-02,3.8188320968915797,20
2025-04-03,3.45096853594086,20
2025-04-04,3.197881295715701,20
2025-04-07,3.2528280063886186,20
2025-04-08,3.221019660252021,20
2025-04-09,3.6765484289604946,20
2025-04-10,3.462148663498178,20
2025-04-11,3.4812017420737242,20
2025-04-14,3.5079585146791934,20
2025-04-15,3.53732206996345,20
2025-04-16,3.488964652433459,20
2025-04-17,3.5085124406911024,20
2025-04-21,3.413568843752237,20
2025-04-22,3.5434145411027576,20
2025-04-23,3.642624048509064,20
2025-04-24,3.7623471389706813,20
2025-04-25,3.7803016516490975,20
2025-04-28,3.806328474145197,20
2025-04-29,3.824471511443304,20
2025-04-30,3.8112576255322237,20
2025-05-01,3.8449852145066434,20
2025-05-02,3.9640651491469745,20
2025-05-05,3.95404559868289,20
2025-05-06,3.9135729259187797,20
2025-05-07,3.9298805278539697,20
2025-05-08,3.9639154539193253,20
2025-05-09,3.9632840047800473,20
2025-05-12,4.1722062109247275,20
2025-05-13,4.254703653449065,20
2025-05-14,4.245462643766217,20
2025-05-15,4.24873610173021,20
2025-05-16,4.298661434631508,20
2025-05-19,4.312266243167047,20
2025-05-20,4.276012106873311,20
2025-05-21,4.182382118012075,20
2025-05-22,4.1934462365515754,20
2025-05-23,4.195749205063536,20
2025-05-27,4.291997626268908,20
2025-05-28,4.264477026181767,20
2025-05-29,4.250244133343365,20
2025-05-30,4.259339389794601,20
2025-06-02,4.304445010180168,20
2025-06-03,4.3363182067944726,20
2025-06-04,4.3462066778071495,20
2025-06-05,4.365916794345151,20
2025-06-06,4.393516901111553,20
2025-06-09,4.350067918204656,20
2025-06-10,4.329146584554173,20
2025-06-11,4.354019111846599,20
2025-06-12,4.343486744910267,20
2025-06-13,4.275206119269697,20
2025-06-16,4.352734015572986,20
2025-06-17,4.308576357179424,20
2025-06-18,4.329410821467118,20
2025-06-20,4.346133758723716,20
2025-06-23,4.415703234619409,20
2025-06-24,4.487234022826794,20
2025-06-25,4.460692107406775,20
2025-06-26,4.545345305180041,20
2025-06-27,4.6016134129529505,20
2025-06-30,4.646101458078068,20
2025-07-01,4.554327552640323,20
2025-07-02,4.569121384582406,20
2025-07-03,4.630601380357587,20
2025-07-07,4.6392437914289415,20
2025-07-08,4.599389658021199,20
2025-07-09,4.630807567113261,20
2025-07-10,4.652310068491104,20
2025-07-11,4.640803876943915,20
2025-07-14,4.728253231117834,20
2025-07-15,4.6936952223062605,20
2025-07-16,4.696929917374173,20
2025-07-17,4.750609945183734,20
2025-07-18,4.765479034596456,20
2025-07-21,4.743595284095455,20
2025-07-22,4.71241742773024,20
2025-07-23,4.794366774032164,20
2025-07-24,4.784800660699175,20
2025-07-25,4.818380140733,20
2025-07-28,4.830421931127395,20
2025-07-29,4.810112938634198,20
2025-07-30,4.852586859195429,20
2025-07-31,4.8056528799619365,20
2025-08-01,4.742645923078471,20
2025-08-04,4.8369279353204,20
2025-08-05,4.778462278291288,20
2025-08-06,4.7823222817688915,20
2025-08-07,4.697557894568093,20
2025-08-08,4.69752548451053,20
2025-08-11,4.695496442740992,20
2025-08-12,4.821046097920786,20
2025-08-13,4.788259021042406,20
2025-08-14,4.74058511413615,20
2025-08-15,4.725548434346241,20
2025-08-18,4.756186816520514,20
2025-08-19,4.6974370201093585,20
2025-08-20,4.69272125612507,20
2025-08-21,4.67223413430334,20
2025-08-22,4.759001011967953,20
2025-08-25,4.742958975969945,20
2025-08-26,4.817234784717495,20
2025-08-27,4.818039812324666,20
2025-08-28,4.8737866935967755,20
2025-08-29,4.803413722449249,20
2025-09-02,4.769008106316806,20
2025-09-03,4.782356461768,20
2025-09-04,4.838582588564727,20
2025-09-05,4.819540800867994,20
2025-09-08,4.860447286224552,20
2025-09-09,4.877318489981735,20
2025-09-10,5.082916209173649,20
2025-09-11,5.063489258242488,20
2025-09-12,5.041046024741308,20
2025-09-15,5.0748589323609465,20
2025-09-16,5.051331365531603,20
2025-09-17,5.032615194151656,20
2025-09-18,5.09940329889903,20
2025-09-19,5.1239265528725415,20
2025-09-22,5.171930727241394,20
2025-09-23,5.1325028545665194,20
2025-09-24,5.082745429487728,20
2025-09-25,5.019221355218798,20
2025-09-26,5.049071241688322,20
2025-09-29,5.05360386295054,20
2025-09-30,5.03969189334441,20
2025-10-01,5.034221491917484,20
2025-10-02,5.050012346369524,20
2025-10-03,5.0235161962248736,20
2025-10-06,5.035834254811122,20
2025-10-07,5.004384873123682,20
2025-10-08,5.058014677390589,20
2025-10-09,5.045613848367567,20
2025-10-10,4.876593259548593,20
2025-10-13,5.030907832414733,20
2025-10-14,5.03365592416707,20
2025-10-15,5.064947891575539,20
2025-10-16,4.9958368326608,20
2025-10-17,4.987476731333892,20
2025-10-20,5.018694018814135,20
2025-10-21,5.02340519976956,20
2025-10-22,4.94896476294932,20
2025-10-23,5.032428305860093,20
2025-10-24,5.0880399499863405,20
2025-10-27,5.124057608955765,20
2025-10-28,5.0660242000274245,20
2025-10-29,5.137051936006172,20
2025-10-30,5.092419121637328,20
2025-10-31,5.104452568630733,20
2025-11-03,5.120771812383928,20
2025-11-04,4.9912400170209485,20
2025-11-05,5.1166397102503165,20
2025-11-06,5.020439058855686,20
2025-11-07,5.057322200646306,20
2025-11-10,5.150757013989922,20
2025-11-11,5.079684731721874,20
2025-11-12,5.070759934356607,20
2025-11-13,4.8921783961338035,20
2025-11-14,4.908979509236061,20
2025-11-17,4.875076770892498,20
2025-11-18,4.8456210450669035,20
2025-11-19,4.909517272437182,20
2025-11-20,4.700497915621167,20
2025-11-21,4.683921291098334,20
2025-11-24,4.838980619559569,20
2025-11-25,4.867699315612193,20
2025-11-26,4.961180196089139,20
2025-11-28,5.004946790933996,20
2025-12-01,4.941905222124587,20
2025-12-02,4.999835871643769,20
2025-12-03,5.026904759917048,20
2025-12-04,5.058622333799163,20
2025-12-05,5.102935924028195,20
2025-12-08,5.157353909932242,20
2025-12-09,5.194278242071966,20
2025-12-10,5.303427247572715,20
2025-12-11,5.311357888655479,20
2025-12-12,5.134475142475251,20
2025-12-15,5.111152209743532,20
2025-12-16,5.104610265722999,20
2025-12-17,4.930807947770107,20
2025-12-18,5.058611945492071,20
2025-12-19,5.169885727714417,20
2025-12-22,5.217086250319143,20
2025-12-23,5.2377555065017685,20
2025-12-24,5.269433107582151,20
2025-12-26,5.274121477689689,20
2025-12-29,5.2318533346743195,20
2025-12-30,5.2094350085654,20
2025-12-31,5.145782198272561,20
2026-01-02,5.315009386332683,20
2026-01-05,5.372458272362667,20
2026-01-06,5.4993763684441515,20
2026-01-07,5.40687980078912,20
2026-01-08,5.283933888551572,20
2026-01-09,5.458580258786627,20
2026-01-12,5.515018521267188,20
2026-01-13,5.5614916599310655,20
2026-01-14,5.518346651446023,20
2026-01-15,5.628253611219437,20
2026-01-16,5.638159787403913,20
2026-01-20,5.540936548241687,20
2026-01-21,5.694576628925815,20
2026-01-22,5.650890933845512,20
2026-01-23,5.544944996270085,20
2026-01-26,5.581470787605674,20
2026-01-27,5.7584320903203725,20
2026-01-28,5.838868305998925,20
2026-01-29,5.878904299049282,20
2026-01-30,5.690267247515692,20
2026-02-02,5.820404634247234,20
2026-02-03,5.822857494652026,20
2026-02-04,5.6761098206853315,20
2026-02-05,5.652056338683627,20
2026-02-06,5.953105208988973,20
2026-02-09,6.016958229811873,20
2026-02-10,5.9305682445768815,20
2026-02-11,6.020311271247963,20
2026-02-12,5.961141834341144,20
2026-02-13,5.9815710124478025,20
2026-02-17,6.0045942670689545,20
2026-02-18,6.042139425926149,20
2026-02-19,6.007343413965923,20
2026-02-20,6.092099218419725,20
2026-02-23,6.04422125891139,20
2026-02-24,6.140799154218537,20
2026-02-25,6.267790944983967,20
2026-02-26,6.167319428711544,20
2026-02-27,6.1019940812633875,20
2026-03-02,6.078246782780973,20
2026-03-03,5.824593667975113,20
2026-03-04,5.920448285682366,20
2026-03-05,5.780241773189516,20
2026-03-06,5.564988339606908,20
2026-03-09,5.784316447342084,20
2026-03-10,5.870044783705983,20
2026-03-11,5.878108435956126,20
2026-03-12,5.720274896772757,20
2026-03-13,5.704369054037124,20
2026-03-16,5.832426963155603,20
2026-03-17,5.913634106410172,20
2026-03-18,5.880054018599789,20
2026-03-19,5.989782663647455,20
2026-03-20,5.807864111754697,20
2026-03-23,5.954256583714078,20
2026-03-24,6.083695577492137,20
2026-03-25,6.1190440323315345,20
2026-03-26,5.784606553644236,20
2026-03-27,5.743854669667989,20
2026-03-30,5.530571497884561,20
2026-03-31,5.825818059165949,20
2026-04-01,6.037060025848294,20
2026-04-02,6.061995001177864,20
2026-04-06,6.093407089602587,20
2026-04-07,6.172599681967409,20
2026-04-08,6.573685663112944,20
2026-04-09,6.654927243548341,20
2026-04-10,6.698817989178153,20
2026-04-13,6.801089732557193,20
2026-04-14,6.851709941152462,20
2026-04-15,6.817970908200824,20
2026-04-16,6.92368311135294,20
2026-04-17,7.026303694355308,20
2026-04-20,6.9629921216702195,20
2026-04-21,6.963746950839888,20
2026-04-22,7.032973332708933,20
2026-04-23,7.132741580696715,20
2026-04-24,7.304972389354733,20
2026-04-27,7.283354084095858,20
2026-04-28,7.0593636664913815,20
2026-04-29,7.1184322130325555,20
2026-04-30,7.3681301820941165,20
2026-05-01,7.287126845979814,20
2026-05-04,7.21452574174889,20
2026-05-05,7.314849624544816,20
2026-05-06,7.5236913869079105,20
2026-05-07,7.447997337770098,20
2026-05-08,7.571760123674293,20
2026-05-11,7.5950432222971305,20
2026-05-12,7.547160570353191,20
2026-05-13,7.53212479439657,20
2026-05-14,7.551161036380793,20
2026-05-15,7.360503288982435,20
2026-05-18,7.296214686346177,20
2026-05-19,7.1994743216252735,20
2026-05-20,7.3575777769042165,20
2026-05-21,7.375602296166414,20
2026-05-22,7.484000898929522,20
2026-05-26,7.626525007445904,20
2026-05-27,7.583872874145779,20
2026-05-28,7.608560690001035,20
2026-05-29,7.784959513988772,20
2026-06-01,7.76974240176588,20
2026-06-02,7.8833512828739,20
2026-06-03,7.85360306067102,20
2026-06-04,7.950799304512835,20
2026-06-05,7.652275691121297,20
2026-06-08,7.699277175868846,20
2026-06-09,7.740246906087988,20
2026-06-10,7.4816265336670025,20
2026-06-11,7.77624966701942,20
2026-06-12,7.912558028921707,20
2026-06-15,8.061868173231181,20
2026-06-16,8.059305706381073,20
2026-06-17,8.081763758660367,20
2026-06-18,8.121858391558186,20
2026-06-22,8.190670107013124,20
2026-06-23,8.008331145210626,20
2026-06-24,7.993945135411396,20
2026-06-25,8.006737281772095,20
2026-06-26,7.887877880934651,20
2026-06-29,8.004471740210018,20
2026-06-30,8.077405518828407,20
2026-07-01,8.0097690012394,20
2026-07-02,7.947680755584444,20
2026-07-06,8.063664294910515,20
2026-07-07,7.9727753402158115,20
2026-07-08,7.960315947294172,20
2026-07-09,8.139460654465726,20
2026-07-10,8.060398907750171,20
2026-07-13,7.9293892402551895,20
2026-07-14,8.031114151279592,20
2026-07-15,7.983149355391378,20
2026-07-16,7.77727415270359,20
2026-07-17,7.72362039747412,20
2026-07-20,7.653778592441175,20
2026-07-21,7.8139889004288925,20
2026-07-22,7.874264026599943,20
2026-07-23,7.749394018494792,20
2026-07-24,7.705917199677716,20
2026-07-27,7.744330965233908,20
2026-07-28,7.650651537778555,20
2026-07-29,7.513637719614237,20
2026-07-30,7.76935229489,20
2026-07-31,7.795721627372652,20
2026-08-03,7.958376420864175,20
2026-08-04,8.239473160102106,20
2026-08-05,8.21411491358097,20
2026-08-06,8.055611941126225,20
2026-08-07,8.17143397568903,20
2026-08-10,8.293731805886319,20
2026-08-11,8.25022270700472,20
2026-08-12,8.36571362925655,20
2026-08-13,8.38159459064875,20
2026-08-14,8.37107545686127,20
2026-08-17,8.335871776120195,20
2026-08-18,8.150152692323532,20
2026-08-19,8.823206842755365,20
2026-08-20,8.43206128667941,20
2026-08-21,8.64440964029067,20
2026-08-24,8.544664970361092,20
2026-08-25,8.680550296483537,20
2026-08-26,8.648988107333164,20
2026-08-27,8.740009942375883,20
2026-08-28,8.58691569444272,20
2026-08-31,8.5882361549455,20
2026-09-01,8.489071776175386,20
2026-09-02,8.412399898649397,20
2026-09-03,8.543508255894652,20
2026-09-04,8.518259821464422,20
2026-09-08,8.477593458638756,20
2026-09-09,8.485830126261932,20
