date,value,n
2007-01-31,0.9989999999999999,20
2007-02-01,1.0071923795484203,20
2007-02-02,1.0136141909662222,20
2007-02-05,1.0167489332133952,20
2007-02-06,1.0186088424885997,20
2007-02-07,1.0216583872183347,20
2007-02-08,1.0169670123383214,20
2007-02-09,1.0049580439426702,20
2007-02-12,0.998940496306924,20
2007-02-13,1.00275423132514,20
2007-02-14,1.0186391627017266,20
2007-02-15,1.0225428787815105,20
2007-02-16,1.020985942030257,20
2007-02-20,1.0304701605169715,20
2007-02-21,1.028238135522948,20
2007-02-22,1.0207831155869582,20
2007-02-23,1.016241268546503,20
2007-02-26,1.009775112325427,20
2007-02-27,0.966997162267615,20
2007-02-28,0.9756607581231591,20
2007-03-01,0.9755451374328472,20
2007-03-02,0.968308762496183,20
2007-03-05,0.9601749077796997,20
2007-03-06,0.9791453745494382,20
2007-03-07,0.9805700727220494,20
2007-03-08,0.9910693738995052,20
2007-03-09,0.9944633154305744,20
2007-03-12,0.9984393900679017,20
2007-03-13,0.973552883591717,20
2007-03-14,0.9806112002628655,20
2007-03-15,0.9817413233200433,20
2007-03-16,0.9787089966053446,20
2007-03-19,0.9965721097912127,20
2007-03-20,1.0030888700248073,20
2007-03-21,1.021745257280653,20
2007-03-22,1.018137975804094,20
2007-03-23,1.0168073755676355,20
2007-03-26,1.0199986444930917,20
2007-03-27,1.0107804296780913,20
2007-03-28,0.9984231637092331,20
2007-03-29,1.0019805709886356,20
2007-03-30,1.0036842763063276,20
2007-04-02,1.0057339635322107,20
2007-04-03,1.0189304390542133,20
2007-04-04,1.020471180352187,20
2007-04-05,1.023822382212037,20
2007-04-09,1.024628725704404,20
2007-04-10,1.0250955375709192,20
2007-04-11,1.0190153503434565,20
2007-04-12,1.0261702965196267,20
2007-04-13,1.0320898103246658,20
2007-04-16,1.0449632591109417,20
2007-04-17,1.0461151226702514,20
2007-04-18,1.0421637049450485,20
2007-04-19,1.0395821155820955,20
2007-04-20,1.052110059946958,20
2007-04-23,1.0597994752093627,20
2007-04-24,1.0575978156719876,20
2007-04-25,1.0639277481176008,20
2007-04-26,1.0657906014453318,20
2007-04-27,1.076860103386025,20
2007-04-30,1.0530589413612061,20
2007-05-01,1.0519331861504266,20
2007-05-02,1.058319177342976,20
2007-05-03,1.0571778867571997,20
2007-05-04,1.0630887425739486,20
2007-05-07,1.0613420789790897,20
2007-05-08,1.058997405799583,20
2007-05-09,1.0643063392443755,20
2007-05-10,1.0503601309463886,20
2007-05-11,1.0610396544874197,20
2007-05-14,1.0593483854422066,20
2007-05-15,1.0554168573353935,20
2007-05-16,1.062346199509433,20
2007-05-17,1.06482845315643,20
2007-05-18,1.0703062583483414,20
2007-05-21,1.0749081362230961,20
2007-05-22,1.075199103067402,20
2007-05-23,1.0711517039344782,20
2007-05-24,1.0570585074277816,20
2007-05-25,1.0635773762837988,20
2007-05-29,1.0714094353763375,20
2007-05-30,1.0815629991052274,20
2007-05-31,1.084875762030264,20
2007-06-01,1.0877790334322737,20
2007-06-04,1.0914325598975598,20
2007-06-05,1.0906228370408904,20
2007-06-06,1.0730580716799385,20
2007-06-07,1.0473819583115942,20
2007-06-08,1.0595967651121156,20
2007-06-11,1.0625691068497556,20
2007-06-12,1.0516562091097152,20
2007-06-13,1.0729363510036967,20
2007-06-14,1.075952800071433,20
2007-06-15,1.081453830328862,20
2007-06-18,1.0797042594780033,20
2007-06-19,1.0851344971778154,20
2007-06-20,1.0730134413041315,20
2007-06-21,1.080541797167079,20
2007-06-22,1.0632413141819979,20
2007-06-25,1.0553267039066154,20
2007-06-26,1.0498317582222552,20
2007-06-27,1.0655089614604973,20
2007-06-28,1.066068234203382,20
2007-06-29,1.0610887105111368,20
2007-07-02,1.0799462872008616,20
2007-07-03,1.0865162387943648,20
2007-07-05,1.0868024756490484,20
2007-07-06,1.0953568448085518,20
2007-07-09,1.1044535748362683,20
2007-07-10,1.0821047867140279,20
2007-07-11,1.0909999264100723,20
2007-07-12,1.1141561437770697,20
2007-07-13,1.1220410906852138,20
2007-07-16,1.1166754876214082,20
2007-07-17,1.1172986752446992,20
2007-07-18,1.1139108025402333,20
2007-07-19,1.1285066130337686,20
2007-07-20,1.1053761034947358,20
2007-07-23,1.1070777536987015,20
2007-07-24,1.0801504898764187,20
2007-07-25,1.0733722411401698,20
2007-07-26,1.0422920029062324,20
2007-07-27,1.0232494008614503,20
2007-07-30,1.049120713072898,20
2007-07-31,1.0312944437004463,20
2007-08-01,1.0238692517775974,20
2007-08-02,1.0381070753673813,20
2007-08-03,0.9995707324830599,20
2007-08-06,1.022000731258034,20
2007-08-07,1.0261528115010148,20
2007-08-08,1.023488408014458,20
2007-08-09,0.9851499282207361,20
2007-08-10,1.0024852832468845,20
2007-08-13,1.0157495799806253,20
2007-08-14,0.9839021204459939,20
2007-08-15,0.9685521936584776,20
2007-08-16,0.9601751576239874,20
2007-08-17,0.9860862254333894,20
2007-08-20,0.9972202733591384,20
2007-08-21,1.006827515980899,20
2007-08-22,1.031555762302433,20
2007-08-23,1.027677687363697,20
2007-08-24,1.0437115898466414,20
2007-08-27,1.029774428564961,20
2007-08-28,1.0005221634638748,20
2007-08-29,1.0271883133898947,20
2007-08-30,1.0245828976277604,20
2007-08-31,1.0475748682217112,20
2007-09-04,1.0669122887795337,20
2007-09-05,1.0425119955158082,20
2007-09-06,1.0458873101793906,20
2007-09-07,1.022036744003906,20
2007-09-10,1.0151496387895507,20
2007-09-11,1.0331173332853203,20
2007-09-12,1.0282313850538414,20
2007-09-13,1.039268657617879,20
2007-09-14,1.0415042566747204,20
2007-09-17,1.0361718657074548,20
2007-09-18,1.0846763360576837,20
2007-09-19,1.0990738526907127,20
2007-09-20,1.0966053646970548,20
2007-09-21,1.108257287535512,20
2007-09-24,1.0967558768392947,20
2007-09-25,1.0926477010892672,20
2007-09-26,1.0981273379165326,20
2007-09-27,1.10720046756376,20
2007-09-28,1.0983063115367597,20
2007-10-01,1.1188305224032964,20
2007-10-02,1.1204900484978826,20
2007-10-03,1.1097630990590748,20
2007-10-04,1.1168037222760228,20
2007-10-05,1.1321584218994496,20
2007-10-08,1.1274359539178034,20
2007-10-09,1.1444121272055086,20
2007-10-10,1.1527259760449464,20
2007-10-11,1.1388875091142914,20
2007-10-12,1.1430129685009738,20
2007-10-15,1.1315592282354698,20
2007-10-16,1.1260203940750924,20
2007-10-17,1.1210475453177162,20
2007-10-18,1.1294495012097798,20
2007-10-19,1.0782205480377776,20
2007-10-22,1.077324844508751,20
2007-10-23,1.1001347983097716,20
2007-10-24,1.1087126337495725,20
2007-10-25,1.0930076149375898,20
2007-10-26,1.1153971505957296,20
2007-10-29,1.1266990432633777,20
2007-10-30,1.1101174990741682,20
2007-10-31,1.1334396825276116,20
2007-11-01,1.104675323706459,20
2007-11-02,1.1218874425647685,20
2007-11-05,1.1173985656293761,20
2007-11-06,1.1471072632071542,20
2007-11-07,1.1053281605602256,20
2007-11-08,1.1043860015480604,20
2007-11-09,1.0790461042262884,20
2007-11-12,1.0363353015377494,20
2007-11-13,1.0677761428539825,20
2007-11-14,1.0708056844751628,20
2007-11-15,1.0440906233575782,20
2007-11-16,1.0568863164929883,20
2007-11-19,1.0357416893915132,20
2007-11-20,1.0495583444034264,20
2007-11-21,1.0377546162692706,20
2007-11-23,1.054940117623106,20
2007-11-26,1.0352155300565988,20
2007-11-27,1.0367344897020287,20
2007-11-28,1.071910395540285,20
2007-11-29,1.0786226791095945,20
2007-11-30,1.0883023400262726,20
2007-12-03,1.087858905238144,20
2007-12-04,1.0788862478585552,20
2007-12-05,1.1016200181004143,20
2007-12-06,1.1250834914296324,20
2007-12-07,1.1243455563585305,20
2007-12-10,1.1305951015384292,20
2007-12-11,1.0936798714047336,20
2007-12-12,1.117150332368011,20
2007-12-13,1.1148763472884233,20
2007-12-14,1.1058689498568983,20
2007-12-17,1.0756007308880884,20
2007-12-18,1.0833499711806487,20
2007-12-19,1.086219038935349,20
2007-12-20,1.1014685744779606,20
2007-12-21,1.1216407676611893,20
2007-12-24,1.1380889374537366,20
2007-12-26,1.1495953789446574,20
2007-12-27,1.130222121852629,20
2007-12-28,1.137480324149283,20
2007-12-31,1.131121396848288,20
2008-01-02,1.1191465586269869,20
2008-01-03,1.1184899598671427,20
2008-01-04,1.0791513260486285,20
2008-01-07,1.0637187829788384,20
2008-01-08,1.0488640049852114,20
2008-01-09,1.0537328128215169,20
2008-01-10,1.0554617162803703,20
2008-01-11,1.032271332096184,20
2008-01-14,1.0642734792538338,20
2008-01-15,1.02456687308468,20
2008-01-16,0.9895350748219843,20
2008-01-17,0.9370967390870505,20
2008-01-18,0.9426979311164401,20
2008-01-22,0.9272512548422359,20
2008-01-23,0.9317359067072707,20
2008-01-24,0.956846417309044,20
2008-01-25,0.9549193309123546,20
2008-01-28,0.9695878725179065,20
2008-01-29,0.9725442094070542,20
2008-01-30,0.9648751298155926,20
2008-01-31,0.9738557014154795,20
2008-02-01,0.9922441322068359,20
2008-02-04,0.9973884416407484,20
2008-02-05,0.9530149286997249,20
2008-02-06,0.9403064437429514,20
2008-02-07,0.9548367754656791,20
2008-02-08,0.9632827501278021,20
2008-02-11,0.9917628567185119,20
2008-02-12,0.9918750127452061,20
2008-02-13,1.0154938779864933,20
2008-02-14,1.0052668425224456,20
2008-02-15,0.9999043783810497,20
2008-02-19,1.0119328861889751,20
2008-02-20,1.0284431751173522,20
2008-02-21,1.0139773326837027,20
2008-02-22,1.0239964079963888,20
2008-02-25,1.0429012415876027,20
2008-02-26,1.050582498754984,20
2008-02-27,1.0390013237177567,20
2008-02-28,1.0475826484289739,20
2008-02-29,1.0119716663943534,20
2008-03-03,1.0243608349376643,20
2008-03-04,1.01112265882832,20
2008-03-05,1.0325504654430768,20
2008-03-06,1.015215368115985,20
2008-03-07,0.9916064614904387,20
2008-03-10,0.9641313834314289,20
2008-03-11,1.016669680590015,20
2008-03-12,1.005104272757895,20
2008-03-13,1.0192836915155536,20
2008-03-14,0.9994240447806676,20
2008-03-17,0.9667193324224522,20
2008-03-18,1.0067067995973693,20
2008-03-19,0.9531760753339373,20
2008-03-20,0.952149219866565,20
2008-03-24,0.9717069327356193,20
2008-03-25,0.9905689848397199,20
2008-03-26,0.9997771382335157,20
2008-03-27,0.9838670376225982,20
2008-03-28,0.9815018999039393,20
2008-03-31,0.9882341214240371,20
2008-04-01,1.0099182684763695,20
2008-04-02,1.014051483004166,20
2008-04-03,1.0272963610358172,20
2008-04-04,1.0474224890914439,20
2008-04-07,1.049956843589084,20
2008-04-08,1.0588031400970785,20
2008-04-09,1.057021982716931,20
2008-04-10,1.062921639414044,20
2008-04-11,1.0404135468992115,20
2008-04-14,1.0506067005270394,20
2008-04-15,1.0541537313433447,20
2008-04-16,1.0904490246357694,20
2008-04-17,1.0828555904638635,20
2008-04-18,1.1198075708731048,20
2008-04-21,1.129910940339643,20
2008-04-22,1.1215944981487782,20
2008-04-23,1.1087373557547917,20
2008-04-24,1.0918484773363937,20
2008-04-25,1.1151193184547081,20
2008-04-28,1.1162107854107344,20
2008-04-29,1.0820669208690827,20
2008-04-30,1.0906964876665066,20
2008-05-01,1.0804418345283193,20
2008-05-02,1.0979801974606098,20
2008-05-05,1.1111249877678255,20
2008-05-06,1.1348252145164808,20
2008-05-07,1.1146162899611394,20
2008-05-08,1.1360513686981977,20
2008-05-09,1.1290999579729504,20
2008-05-12,1.1331459592372404,20
2008-05-13,1.1493680001847872,20
2008-05-14,1.126066171315525,20
2008-05-15,1.148009482329126,20
2008-05-16,1.1676025346161785,20
2008-05-19,1.166214433594282,20
2008-05-20,1.1785445887595853,20
2008-05-21,1.1590774410380418,20
2008-05-22,1.1525821042108204,20
2008-05-23,1.13419047624765,20
2008-05-27,1.1312576650941935,20
2008-05-28,1.1491403719136823,20
2008-05-29,1.1292614852577552,20
2008-05-30,1.136009598394143,20
2008-06-02,1.1381923785380699,20
2008-06-03,1.1271424126856613,20
2008-06-04,1.12076211028354,20
2008-06-05,1.1590667540865747,20
2008-06-06,1.1332263745314606,20
2008-06-09,1.1505881284232777,20
2008-06-10,1.1293216779966284,20
2008-06-11,1.1244267549770794,20
2008-06-12,1.110537338200103,20
2008-06-13,1.129991981289151,20
2008-06-16,1.1366164944505823,20
2008-06-17,1.1432035702950052,20
2008-06-18,1.1453787303079341,20
2008-06-19,1.1330507688952156,20
2008-06-20,1.1204686862630893,20
2008-06-23,1.1492267658474467,20
2008-06-24,1.1231170684856835,20
2008-06-25,1.119406203372612,20
2008-06-26,1.099218127258815,20
2008-06-27,1.1116141142288576,20
2008-06-30,1.1199528427833665,20
2008-07-01,1.1284888246817568,20
2008-07-02,1.075253553838836,20
2008-07-03,1.0641811499514677,20
2008-07-07,1.0480280261310313,20
2008-07-08,1.041961737223233,20
2008-07-09,1.0229008114258307,20
2008-07-10,1.0504042471572301,20
2008-07-11,1.0537923729718,20
2008-07-14,1.0659558227900356,20
2008-07-15,1.0295303822140691,20
2008-07-16,1.0170416415907437,20
2008-07-17,1.003570661142421,20
2008-07-18,1.0062887114432517,20
2008-07-21,1.0326158637808363,20
2008-07-22,1.0153760979313364,20
2008-07-23,0.9965335018730754,20
2008-07-24,0.9736615925915687,20
2008-07-25,0.9869576783754519,20
2008-07-28,0.9768823626059793,20
2008-07-29,0.9781295206338645,20
2008-07-30,1.0218933043468952,20
2008-07-31,0.9880952892839912,20
2008-08-01,0.9736041583242943,20
2008-08-04,0.92616994930086,20
2008-08-05,0.9383287902418859,20
2008-08-06,0.9588563960063267,20
2008-08-07,0.9383365254632126,20
2008-08-08,0.9331934044385009,20
2008-08-11,0.9297192779424739,20
2008-08-12,0.9322296972091048,20
2008-08-13,0.9559398615511903,20
2008-08-14,0.9473431098589763,20
2008-08-15,0.9331471047241434,20
2008-08-18,0.922060710812659,20
2008-08-19,0.9408911537487482,20
2008-08-20,0.9690506617279036,20
2008-08-21,0.9819504294179727,20
2008-08-22,0.970322276052879,20
2008-08-25,0.954387525918996,20
2008-08-26,0.9673541361897866,20
2008-08-27,0.9817672191067949,20
2008-08-28,0.9770669288369211,20
2008-08-29,0.9648240369723069,20
2008-09-02,0.924449940957741,20
2008-09-03,0.906691885866227,20
2008-09-04,0.876029201350787,20
2008-09-05,0.8788565744085557,20
2008-09-08,0.8650276424102938,20
2008-09-09,0.8132638484604652,20
2008-09-10,0.840309293899996,20
2008-09-11,0.8627540727012176,20
2008-09-12,0.8809312931483383,20
2008-09-15,0.830873700601757,20
2008-09-16,0.8544633456889987,20
2008-09-17,0.8208555180780046,20
2008-09-18,0.845204073196424,20
2008-09-19,0.8959021372654101,20
2008-09-22,0.8728435690355296,20
2008-09-23,0.8465540143249883,20
2008-09-24,0.8435027695131271,20
2008-09-25,0.847882990339755,20
2008-09-26,0.8316086291245464,20
2008-09-29,0.7300881495300197,20
2008-09-30,0.7690455404734261,20
2008-10-01,0.7479096041343581,20
2008-10-02,0.6874260184995281,20
2008-10-03,0.680827300737166,20
2008-10-06,0.6445017101079024,20
2008-10-07,0.600421826056151,20
2008-10-08,0.6150175047256916,20
2008-10-09,0.5643803891948121,20
2008-10-10,0.5513135938458859,20
2008-10-13,0.6354656652906666,20
2008-10-14,0.6315642218335038,20
2008-10-15,0.5499851495168561,20
2008-10-16,0.5871867146503383,20
2008-10-17,0.5870143796562808,20
2008-10-20,0.6267805634847774,20
2008-10-21,0.5997444642179712,20
2008-10-22,0.5515882601824785,20
2008-10-23,0.5554345897293643,20
2008-10-24,0.5375977543625078,20
2008-10-27,0.5117005418650374,20
2008-10-28,0.5658796281738773,20
2008-10-29,0.5791818830905915,20
2008-10-30,0.6065047892117953,20
2008-10-31,0.6192749987538175,20
2008-11-03,0.6108513886011187,20
2008-11-04,0.640843137781737,20
2008-11-05,0.6011018718829698,20
2008-11-06,0.5710355750304456,20
2008-11-07,0.5838468924706364,20
2008-11-10,0.5787172624240444,20
2008-11-11,0.5640459738392778,20
2008-11-12,0.5373030886049451,20
2008-11-13,0.5808502766734449,20
2008-11-14,0.5512006659471497,20
2008-11-17,0.5392976762782327,20
2008-11-18,0.5408398173824727,20
2008-11-19,0.5010986006350588,20
2008-11-20,0.4630644922909557,20
2008-11-21,0.4950678940580399,20
2008-11-24,0.5349303887368406,20
2008-11-25,0.5412603232450927,20
2008-11-26,0.5619769766974066,20
2008-11-28,0.5603928881996869,20
2008-12-01,0.49744658985949575,20
2008-12-02,0.51600117059376,20
2008-12-03,0.5311325933944779,20
2008-12-04,0.509465122040614,20
2008-12-05,0.5272757263141296,20
2008-12-08,0.555169611850174,20
2008-12-09,0.5400690562262681,20
2008-12-10,0.5571964521457359,20
2008-12-11,0.5307854296028973,20
2008-12-12,0.5301599913658768,20
2008-12-15,0.5223200805681176,20
2008-12-16,0.5542537722464167,20
2008-12-17,0.5483371218111261,20
2008-12-18,0.5316712391625588,20
2008-12-19,0.5396137735289694,20
2008-12-22,0.5252657509428098,20
2008-12-23,0.5209478208983896,20
2008-12-24,0.5215501025424095,20
2008-12-26,0.5282970998750621,20
2008-12-29,0.5290340388202247,20
2008-12-30,0.5403228922760556,20
2008-12-31,0.5503410662165688,20
2009-01-02,0.5649800906516618,20
2009-01-05,0.5633150355917812,20
2009-01-06,0.565050862639243,20
2009-01-07,0.5436251308391821,20
2009-01-08,0.5421682622446312,20
2009-01-09,0.5293089450166673,20
2009-01-12,0.512644203527491,20
2009-01-13,0.5173672774882405,20
2009-01-14,0.4975856819264809,20
2009-01-15,0.5002228805854492,20
2009-01-16,0.5009345294862678,20
2009-01-20,0.46325039918659056,20
2009-01-21,0.48938342971974774,20
2009-01-22,0.48000549565819106,20
2009-01-23,0.48390318263136795,20
2009-01-26,0.4877140173001118,20
2009-01-27,0.49261007649317007,20
2009-01-28,0.5157941679386042,20
2009-01-29,0.49536593836299164,20
2009-01-30,0.4861107000906648,20
2009-02-02,0.48679041868291895,20
2009-02-03,0.49323894190163586,20
2009-02-04,0.49038829575199233,20
2009-02-05,0.4990834988036902,20
2009-02-06,0.5132946435648582,20
2009-02-09,0.5143319436795437,20
2009-02-10,0.48700017437132026,20
2009-02-11,0.48842717916711603,20
2009-02-12,0.4882645177798215,20
2009-02-13,0.4818664012294397,20
2009-02-17,0.45837547882827034,20
2009-02-18,0.457750556004478,20
2009-02-19,0.4514724313791247,20
2009-02-20,0.44864727682286354,20
2009-02-23,0.4299666506120913,20
2009-02-24,0.4509033903700054,20
2009-02-25,0.4440246709910486,20
2009-02-26,0.4356612619110127,20
2009-02-27,0.4272816817658144,20
2009-03-02,0.4086228859513615,20
2009-03-03,0.40494840205290217,20
2009-03-04,0.41240066538530357,20
2009-03-05,0.39361681165906276,20
2009-03-06,0.39360420428526605,20
2009-03-09,0.3891108439072209,20
2009-03-10,0.41865847166169645,20
2009-03-11,0.41873369593477344,20
2009-03-12,0.43624009502947586,20
2009-03-13,0.43917327156843233,20
2009-03-16,0.4325579485816411,20
2009-03-17,0.4520859745201987,20
2009-03-18,0.4664919261141697,20
2009-03-19,0.45838195955105926,20
2009-03-20,0.4501434784930846,20
2009-03-23,0.48312297752343725,20
2009-03-24,0.46821213900198194,20
2009-03-25,0.47239090811814094,20
2009-03-26,0.4866232235526276,20
2009-03-27,0.4731187158182218,20
2009-03-30,0.4608566972167673,20
2009-03-31,0.47175493588474937,20
2009-04-01,0.47802605304239876,20
2009-04-02,0.4922716267024829,20
2009-04-03,0.4977744975650859,20
2009-04-06,0.4944196285144927,20
2009-04-07,0.48089274163098805,20
2009-04-08,0.4896961325796636,20
2009-04-09,0.5063270622127931,20
2009-04-13,0.510230171334036,20
2009-04-14,0.5007217698610615,20
2009-04-15,0.5068471740388543,20
2009-04-16,0.5137224876241332,20
2009-04-17,0.5133295979119317,20
2009-04-20,0.49548437355897457,20
2009-04-21,0.5081392154070322,20
2009-04-22,0.5045067963473778,20
2009-04-23,0.5106121795104052,20
2009-04-24,0.5136299209628588,20
2009-04-27,0.511678593926472,20
2009-04-28,0.5121911965478916,20
2009-04-29,0.5188725420438639,20
2009-04-30,0.5153779630813183,20
2009-05-01,0.5100465328700916,20
2009-05-04,0.5225526877352762,20
2009-05-05,0.5204395839789999,20
2009-05-06,0.5190475630494346,20
2009-05-07,0.5083434286029305,20
2009-05-08,0.5089370667856922,20
2009-05-11,0.5020396941055235,20
2009-05-12,0.4997712634879027,20
2009-05-13,0.48644511993209083,20
2009-05-14,0.4924958536506919,20
2009-05-15,0.48991511800477205,20
2009-05-18,0.5054123940734382,20
2009-05-19,0.5029407138849699,20
2009-05-20,0.49554974256526674,20
2009-05-21,0.4885027204863603,20
2009-05-22,0.48942312957949374,20
2009-05-26,0.5096631955626063,20
2009-05-27,0.49690635997546695,20
2009-05-28,0.4988622055031689,20
2009-05-29,0.5059367002456537,20
2009-06-01,0.5258009196803832,20
2009-06-02,0.530862265896731,20
2009-06-03,0.5253849134977436,20
2009-06-04,0.5260600636863649,20
2009-06-05,0.5262569255160927,20
2009-06-08,0.5295404643525432,20
2009-06-09,0.5341732754412434,20
2009-06-10,0.5312446195164817,20
2009-06-11,0.5282850426267389,20
2009-06-12,0.5283948406169613,20
2009-06-15,0.5184359332914764,20
2009-06-16,0.5066201259177227,20
2009-06-17,0.5111942192939389,20
2009-06-18,0.5101793704181353,20
2009-06-19,0.5140677615229894,20
2009-06-22,0.5038625788454616,20
2009-06-23,0.5001083505667951,20
2009-06-24,0.5044621344031549,20
2009-06-25,0.5190086208270824,20
2009-06-26,0.5151385237231837,20
2009-06-29,0.521274090722985,20
2009-06-30,0.5163744000309188,20
2009-07-01,0.5198500619706804,20
2009-07-02,0.5022516914310176,20
2009-07-06,0.5038417126800323,20
2009-07-07,0.495355271873612,20
2009-07-08,0.4975324240837975,20
2009-07-09,0.4991017442002453,20
2009-07-10,0.49641300913296993,20
2009-07-13,0.5101713682257936,20
2009-07-14,0.5139200466116033,20
2009-07-15,0.5257327319221688,20
2009-07-16,0.5289954543907246,20
2009-07-17,0.5310781188824641,20
2009-07-20,0.5351471158789172,20
2009-07-21,0.5362293858463312,20
2009-07-22,0.5386113063118899,20
2009-07-23,0.5495274773795874,20
2009-07-24,0.5502177689400782,20
2009-07-27,0.549443229771498,20
2009-07-28,0.5533852001527508,20
2009-07-29,0.5546008394132728,20
2009-07-30,0.5612150006362269,20
2009-07-31,0.5613321370921032,20
2009-08-03,0.5680295961664547,20
2009-08-04,0.5659730164750496,20
2009-08-05,0.5642346987942339,20
2009-08-06,0.5604956450403195,20
2009-08-07,0.5708073450414192,20
2009-08-10,0.5673836253298524,20
2009-08-11,0.5621071897022909,20
2009-08-12,0.5670068295247883,20
2009-08-13,0.5688154233435114,20
2009-08-14,0.5628737216255554,20
2009-08-17,0.5502332371660916,20
2009-08-18,0.5552411666545289,20
2009-08-19,0.559659592908346,20
2009-08-20,0.5637285690285159,20
2009-08-21,0.5729940373264344,20
2009-08-24,0.570974669620568,20
2009-08-25,0.5756109230786485,20
2009-08-26,0.5753986045423889,20
2009-08-27,0.5762414468555097,20
2009-08-28,0.5755536227162222,20
2009-08-31,0.568952601708443,20
2009-09-01,0.5591136825051798,20
2009-09-02,0.5566942927141457,20
2009-09-03,0.5628540529875614,20
2009-09-04,0.5707973491505453,20
2009-09-08,0.5736560134000332,20
2009-09-09,0.5804014157563127,20
2009-09-10,0.5838857681288132,20
2009-09-11,0.5826529902134671,20
2009-09-14,0.5842445919652509,20
2009-09-15,0.5853824766768753,20
2009-09-16,0.596248958484051,20
2009-09-17,0.593687810009363,20
2009-09-18,0.5968273268655103,20
2009-09-21,0.5941286784424632,20
2009-09-22,0.5929200577704461,20
2009-09-23,0.5868966357935712,20
2009-09-24,0.5807524497406252,20
2009-09-25,0.5750453355449614,20
2009-09-28,0.5863223353726142,20
2009-09-29,0.5866751445283371,20
2009-09-30,0.5881270961094248,20
2009-10-01,0.5708470586565354,20
2009-10-02,0.5654323320755734,20
2009-10-05,0.5758993106922624,20
2009-10-06,0.5793459122108515,20
2009-10-07,0.5812700454925747,20
2009-10-08,0.584050295879481,20
2009-10-09,0.5887233675037662,20
2009-10-12,0.5912398125773624,20
2009-10-13,0.5914787124050667,20
2009-10-14,0.6027432126438901,20
2009-10-15,0.6001246584600965,20
2009-10-16,0.5975451689293123,20
2009-10-19,0.6076339254010177,20
2009-10-20,0.6040470479431024,20
2009-10-21,0.5972449601377289,20
2009-10-22,0.6038767070997776,20
2009-10-23,0.5934908759765769,20
2009-10-26,0.5891226675113567,20
2009-10-27,0.5800010159628428,20
2009-10-28,0.5638357825365428,20
2009-10-29,0.5782634936201168,20
2009-10-30,0.5597767934724728,20
2009-11-02,0.5659480248318001,20
2009-11-03,0.574138634275816,20
2009-11-04,0.5744270558458661,20
2009-11-05,0.5906533918936774,20
2009-11-06,0.5901982045163406,20
2009-11-09,0.6067167806362831,20
2009-11-10,0.6045250708590622,20
2009-11-11,0.6055984491999125,20
2009-11-12,0.5981541837176296,20
2009-11-13,0.6032960894036276,20
2009-11-16,0.6121872573678184,20
2009-11-17,0.6114121524044253,20
2009-11-18,0.6076504726684079,20
2009-11-19,0.5985098150576109,20
2009-11-20,0.5950732144871687,20
2009-11-23,0.6041118978185023,20
2009-11-24,0.6015545382579319,20
2009-11-25,0.6081227913404718,20
2009-11-27,0.5949642556255897,20
2009-11-30,0.5930540380657991,20
2009-12-01,0.6042303637873329,20
2009-12-02,0.6062279509577215,20
2009-12-03,0.6003292635963362,20
2009-12-04,0.6040614051159772,20
2009-12-07,0.6039608861078646,20
2009-12-08,0.5997626063776458,20
2009-12-09,0.602595833501841,20
2009-12-10,0.607900653661306,20
2009-12-11,0.6077149913864506,20
2009-12-14,0.6162776038956967,20
2009-12-15,0.6108017711245383,20
2009-12-16,0.6178148126372205,20
2009-12-17,0.6101902052449583,20
2009-12-18,0.6166263733747955,20
2009-12-21,0.6274572712347144,20
2009-12-22,0.6352660740462461,20
2009-12-23,0.6400105684131684,20
2009-12-24,0.6426386895133596,20
2009-12-28,0.6410084985959321,20
2009-12-29,0.6384044303404186,20
2009-12-30,0.6371318917789163,20
2009-12-31,0.6315721286717264,20
2010-01-04,0.6447606132576329,20
2010-01-05,0.6498364740488001,20
2010-01-06,0.6527664950290581,20
2010-01-07,0.6508208381766079,20
2010-01-08,0.6536997822967725,20
2010-01-11,0.6490278879793414,20
2010-01-12,0.6352295504373819,20
2010-01-13,0.6413821497220189,20
2010-01-14,0.6425409802309714,20
2010-01-15,0.6319526384674486,20
2010-01-19,0.6396371524805217,20
2010-01-20,0.6293654008114143,20
2010-01-21,0.6150619785516936,20
2010-01-22,0.5966540195766373,20
2010-01-25,0.5983961693618429,20
2010-01-26,0.5942672666531671,20
2010-01-27,0.5969962954474363,20
2010-01-28,0.581486766993714,20
2010-01-29,0.5676059824857917,20
2010-02-01,0.5818081606294929,20
2010-02-02,0.5889596449481441,20
2010-02-03,0.586123505167452,20
2010-02-04,0.5590588755761396,20
2010-02-05,0.5620692384587108,20
2010-02-08,0.5587663059247203,20
2010-02-09,0.5713396018309297,20
2010-02-10,0.5679483090779315,20
2010-02-11,0.5776726561484405,20
2010-02-12,0.576070647032876,20
2010-02-16,0.5888881790903169,20
2010-02-17,0.5907579886105706,20
2010-02-18,0.5942115516468458,20
2010-02-19,0.592973372428095,20
2010-02-22,0.5914831747814664,20
2010-02-23,0.5799231211990142,20
2010-02-24,0.5860627990835761,20
2010-02-25,0.5840269516756678,20
2010-02-26,0.5871209484423493,20
2010-03-01,0.6026070178817884,20
2010-03-02,0.6064960517339986,20
2010-03-03,0.6069209627078117,20
2010-03-04,0.6080521087412646,20
2010-03-05,0.6184548964872766,20
2010-03-08,0.617690495033039,20
2010-03-09,0.6166125246120364,20
2010-03-10,0.6190075538235243,20
2010-03-11,0.6216520306989939,20
2010-03-12,0.621777129101539,20
2010-03-15,0.6209538895759352,20
2010-03-16,0.6273321639405922,20
2010-03-17,0.630118485794961,20
2010-03-18,0.6294488372147545,20
2010-03-19,0.6222966371067642,20
2010-03-22,0.6343294092433722,20
2010-03-23,0.6416568515146074,20
2010-03-24,0.6317903745863886,20
2010-03-25,0.6277503267116263,20
2010-03-26,0.6274720067645289,20
2010-03-29,0.6339309070056042,20
2010-03-30,0.6355947182142333,20
2010-03-31,0.6321270650702164,20
2010-04-01,0.6409497297833668,20
2010-04-05,0.6504924583295963,20
2010-04-06,0.6499008941513378,20
2010-04-07,0.6446643124914551,20
2010-04-08,0.6457327216541427,20
2010-04-09,0.6540350659902512,20
2010-04-12,0.6566878023281062,20
2010-04-13,0.6584339980255541,20
2010-04-14,0.672978298571533,20
2010-04-15,0.6740575347477253,20
2010-04-16,0.6605640374287143,20
2010-04-19,0.6599835472714378,20
2010-04-20,0.667018082815958,20
2010-04-21,0.6663501256416787,20
2010-04-22,0.674930496228377,20
2010-04-23,0.6842529792179127,20
2010-04-26,0.6834931180939909,20
2010-04-27,0.6604512002535129,20
2010-04-28,0.6665602471813137,20
2010-04-29,0.6785998615345722,20
2010-04-30,0.655058001424168,20
2010-05-03,0.6686127631387937,20
2010-05-04,0.6452836721643406,20
2010-05-05,0.638813215616314,20
2010-05-06,0.6129061713495905,20
2010-05-07,0.5906203543239952,20
2010-05-10,0.6372289717995238,20
2010-05-11,0.6322431510948086,20
2010-05-12,0.6458772495729819,20
2010-05-13,0.634404760511059,20
2010-05-14,0.6152051214749167,20
2010-05-17,0.6141804320269495,20
2010-05-18,0.6002335962595148,20
2010-05-19,0.5961053741664682,20
2010-05-20,0.5708667758260687,20
2010-05-21,0.5889755147031458,20
2010-05-24,0.5812852533986825,20
2010-05-25,0.5825117059483718,20
2010-05-26,0.582335702576057,20
2010-05-27,0.6130484134734957,20
2010-05-28,0.6013396597211256,20
2010-06-01,0.5825425943818993,20
2010-06-02,0.6023345096889992,20
2010-06-03,0.6095997756953231,20
2010-06-04,0.5766271862891197,20
2010-06-07,0.5620186773639579,20
2010-06-08,0.565943244231395,20
2010-06-09,0.5669657479857269,20
2010-06-10,0.5891007663451312,20
2010-06-11,0.5981979578083002,20
2010-06-14,0.5978725438867389,20
2010-06-15,0.6175519201414966,20
2010-06-16,0.6132135068790215,20
2010-06-17,0.6145084603361796,20
2010-06-18,0.6135117551161896,20
2010-06-21,0.6089942092226849,20
2010-06-22,0.5922710495686011,20
2010-06-23,0.5973624360957602,20
2010-06-24,0.5812116966965118,20
2010-06-25,0.588826307266744,20
2010-06-28,0.584330699662964,20
2010-06-29,0.5551758606852715,20
2010-06-30,0.5494248747169173,20
2010-07-01,0.550368203955785,20
2010-07-02,0.541357269390617,20
2010-07-06,0.5420879720876242,20
2010-07-07,0.5659106526424676,20
2010-07-08,0.5707591937275333,20
2010-07-09,0.5803483855633835,20
2010-07-12,0.5783151960516646,20
2010-07-13,0.593907989739298,20
2010-07-14,0.595377751364101,20
2010-07-15,0.5952347346357596,20
2010-07-16,0.5718441789204117,20
2010-07-19,0.5757443722588376,20
2010-07-20,0.5855836640268202,20
2010-07-21,0.5780872268540077,20
2010-07-22,0.5972756643298934,20
2010-07-23,0.608684958772846,20
2010-07-26,0.6189244972799622,20
2010-07-27,0.6106468455859991,20
2010-07-28,0.604630306200797,20
2010-07-29,0.5987091904505524,20
2010-07-30,0.6008624268683198,20
2010-08-02,0.6144193373113878,20
2010-08-03,0.6143600696703793,20
2010-08-04,0.6222981344318376,20
2010-08-05,0.6188046622428007,20
2010-08-06,0.6150884531322564,20
2010-08-09,0.6208801646100013,20
2010-08-10,0.6138780251565789,20
2010-08-11,0.5946486254786735,20
2010-08-12,0.5864894297116854,20
2010-08-13,0.5841308380470079,20
2010-08-16,0.584289442583912,20
2010-08-17,0.5965345083047714,20
2010-08-18,0.6000485497305527,20
2010-08-19,0.5900696764995464,20
2010-08-20,0.5961818413686207,20
2010-08-23,0.587993998120507,20
2010-08-24,0.5758628032805688,20
2010-08-25,0.5781746999344494,20
2010-08-26,0.5721267747299204,20
2010-08-27,0.5846903045437077,20
2010-08-30,0.5725467325319143,20
2010-08-31,0.5728655535102972,20
2010-09-01,0.595757178474538,20
2010-09-02,0.6084729804194557,20
2010-09-03,0.6167492488246761,20
2010-09-07,0.6122133958460657,20
2010-09-08,0.6204645262963165,20
2010-09-09,0.6158201380940093,20
2010-09-10,0.6179792742675148,20
2010-09-13,0.6283676917465071,20
2010-09-14,0.6287001740660955,20
2010-09-15,0.6295486758871212,20
2010-09-16,0.6282550819778342,20
2010-09-17,0.6333510350339113,20
2010-09-20,0.6465389878667067,20
2010-09-21,0.6425168733863751,20
2010-09-22,0.6346765147712295,20
2010-09-23,0.6297490869007559,20
2010-09-24,0.6453797215170877,20
2010-09-27,0.6382518137515193,20
2010-09-28,0.6435908451022142,20
2010-09-29,0.6411845565126049,20
2010-09-30,0.6352437042911571,20
2010-10-01,0.6345255219649777,20
2010-10-04,0.6301718181049111,20
2010-10-05,0.6447561099096129,20
2010-10-06,0.6314015522881827,20
2010-10-07,0.6323265869709781,20
2010-10-08,0.6403818934117435,20
2010-10-11,0.635710435803934,20
2010-10-12,0.6431117446131941,20
2010-10-13,0.651113349020983,20
2010-10-14,0.6517552610998996,20
2010-10-15,0.6540907614181045,20
2010-10-18,0.6506422769223835,20
2010-10-19,0.6403347825648201,20
2010-10-20,0.6512966453771032,20
2010-10-21,0.6528115541392041,20
2010-10-22,0.6624959597737324,20
2010-10-25,0.6666193832223393,20
2010-10-26,0.6638842748764778,20
2010-10-27,0.6627825795424931,20
2010-10-28,0.66511436698062,20
2010-10-29,0.6706620166378104,20
2010-11-01,0.6706885055708551,20
2010-11-02,0.6798836020074681,20
2010-11-03,0.6812962521876518,20
2010-11-04,0.692481040646228,20
2010-11-05,0.693437929010968,20
2010-11-08,0.6976854762888792,20
2010-11-09,0.6925455216243271,20
2010-11-10,0.6981372862635821,20
2010-11-11,0.696148571234708,20
2010-11-12,0.6868787324261684,20
2010-11-15,0.6836207905737955,20
2010-11-16,0.667771116750142,20
2010-11-17,0.6686224238587042,20
2010-11-18,0.6868152211950562,20
2010-11-19,0.697668790846017,20
2010-11-22,0.7045608067489504,20
2010-11-23,0.6949393015695751,20
2010-11-24,0.7086187322601185,20
2010-11-26,0.7064589721105204,20
2010-11-29,0.7015966687475845,20
2010-11-30,0.6965195373602254,20
2010-12-01,0.7133573783537974,20
2010-12-02,0.7223362998366866,20
2010-12-03,0.7247906646161789,20
2010-12-06,0.7265525525663704,20
2010-12-07,0.7282725858716411,20
2010-12-08,0.73366324418484,20
2010-12-09,0.7319265919360951,20
2010-12-10,0.7340017259302397,20
2010-12-13,0.7305509461472377,20
2010-12-14,0.7237463650667958,20
2010-12-15,0.7211618639332465,20
2010-12-16,0.7300712126089861,20
2010-12-17,0.7314707312310373,20
2010-12-20,0.7354536088903679,20
2010-12-21,0.7423129685575874,20
2010-12-22,0.7385395779022081,20
2010-12-23,0.7353996022592567,20
2010-12-27,0.7343155443302227,20
2010-12-28,0.7323402389400329,20
2010-12-29,0.733981844970537,20
2010-12-30,0.7326947614699154,20
2010-12-31,0.7310052230583887,20
2011-01-03,0.7477594085784556,20
2011-01-04,0.7445566688661817,20
2011-01-05,0.7582905356373497,20
2011-01-06,0.7531916611652537,20
2011-01-07,0.7526354198610629,20
2011-01-10,0.7564361964154831,20
2011-01-11,0.755739162674126,20
2011-01-12,0.7578588504192687,20
2011-01-13,0.7595064525153192,20
2011-01-14,0.7653022460990294,20
2011-01-18,0.7669377720910852,20
2011-01-19,0.7556312578990896,20
2011-01-20,0.7353038160439231,20
2011-01-21,0.7329004196533041,20
2011-01-24,0.7328492094813307,20
2011-01-25,0.7270169147327484,20
2011-01-26,0.736133843563083,20
2011-01-27,0.7400853563893522,20
2011-01-28,0.7282463045563015,20
2011-01-31,0.7341333725885495,20
2011-02-01,0.7455850498777827,20
2011-02-02,0.7462962963147918,20
2011-02-03,0.7511322826791511,20
2011-02-04,0.7576705106610125,20
2011-02-07,0.7597373846036276,20
2011-02-08,0.7664642831830412,20
2011-02-09,0.7625938974282142,20
2011-02-10,0.765645076871035,20
2011-02-11,0.7767165074470838,20
2011-02-14,0.7787634155627141,20
2011-02-15,0.7736719075934108,20
2011-02-16,0.7794095181902361,20
2011-02-17,0.7736495690039672,20
2011-02-18,0.7750733383757681,20
2011-02-22,0.7479565365126707,20
2011-02-23,0.7343595196838614,20
2011-02-24,0.7445733998876409,20
2011-02-25,0.7556558060320158,20
2011-02-28,0.7520238945005827,20
2011-03-01,0.7366353071911835,20
2011-03-02,0.7423517238304097,20
2011-03-03,0.7641946985827871,20
2011-03-04,0.7586808051387789,20
2011-03-07,0.7470671408553653,20
2011-03-08,0.7519542788901544,20
2011-03-09,0.7511272471305254,20
2011-03-10,0.7319695239601401,20
2011-03-11,0.7414521260242182,20
2011-03-14,0.7378560807768286,20
2011-03-15,0.7303056924071681,20
2011-03-16,0.7179892612092964,20
2011-03-17,0.728548306072732,20
2011-03-18,0.7258790050988845,20
2011-03-21,0.7459432071680905,20
2011-03-22,0.7402575633870915,20
2011-03-23,0.7424550886685333,20
2011-03-24,0.758410278646686,20
2011-03-25,0.7621160352986751,20
2011-03-28,0.7578579523759553,20
2011-03-29,0.7672694632718146,20
2011-03-30,0.7765060661132539,20
2011-03-31,0.7739708088117394,20
2011-04-01,0.7793975837662637,20
2011-04-04,0.7785027218796091,20
2011-04-05,0.7789113504949186,20
2011-04-06,0.7724266523523872,20
2011-04-07,0.7709073290194988,20
2011-04-08,0.7679868478388919,20
2011-04-11,0.7635368006214415,20
2011-04-12,0.7524172961524495,20
2011-04-13,0.7610401800032218,20
2011-04-14,0.760856267210266,20
2011-04-15,0.7617752623151177,20
2011-04-18,0.7531423565188292,20
2011-04-19,0.7607990111870075,20
2011-04-20,0.7862663621229299,20
2011-04-21,0.7956309221418957,20
2011-04-25,0.7917505803170897,20
2011-04-26,0.7971728833231053,20
2011-04-27,0.7970418660453514,20
2011-04-28,0.7882903402175984,20
2011-04-29,0.7938722375632467,20
2011-05-02,0.7861667839912447,20
2011-05-03,0.770904571336834,20
2011-05-04,0.7603000416587691,20
2011-05-05,0.7580954560806209,20
2011-05-06,0.7628123206142183,20
2011-05-09,0.7736146343963894,20
2011-05-10,0.78443465704251,20
2011-05-11,0.7660409507835508,20
2011-05-12,0.7655982251791873,20
2011-05-13,0.756290153376917,20
2011-05-16,0.7451907841308973,20
2011-05-17,0.7397982682199575,20
2011-05-18,0.7576972211559916,20
2011-05-19,0.7598578951009767,20
2011-05-20,0.7587756696830398,20
2011-05-23,0.7479977756529449,20
2011-05-24,0.7500486570114194,20
2011-05-25,0.7629828594874059,20
2011-05-26,0.7714752758840059,20
2011-05-27,0.7740419805178512,20
2011-05-31,0.7783153897368492,20
2011-06-01,0.7572549682076339,20
2011-06-02,0.7639576426544745,20
2011-06-03,0.7536126841017389,20
2011-06-06,0.7398169695609925,20
2011-06-07,0.7416926377974739,20
2011-06-08,0.7312177194812438,20
2011-06-09,0.7405327077501628,20
2011-06-10,0.7270150405399848,20
2011-06-13,0.7166586828295467,20
2011-06-14,0.7314958314658571,20
2011-06-15,0.7103472747532027,20
2011-06-16,0.7002397029377296,20
2011-06-17,0.7015175099706377,20
2011-06-20,0.7069024389489986,20
2011-06-21,0.7319475385487446,20
2011-06-22,0.7250609691723159,20
2011-06-23,0.729582456998552,20
2011-06-24,0.7158223861902581,20
2011-06-27,0.724143235705085,20
2011-06-28,0.7415983015465847,20
2011-06-29,0.7461531370963321,20
2011-06-30,0.753199109425638,20
2011-07-01,0.7621810079430157,20
2011-07-05,0.7674822865255347,20
2011-07-06,0.7718393870694065,20
2011-07-07,0.7808708470331978,20
2011-07-08,0.7763163851187918,20
2011-07-11,0.7565321887071028,20
2011-07-12,0.7494331647297947,20
2011-07-13,0.757186907828894,20
2011-07-14,0.7484057061550184,20
2011-07-15,0.7597712782584392,20
2011-07-18,0.7535846503780587,20
2011-07-19,0.7737300052117261,20
2011-07-20,0.7680077174125036,20
2011-07-21,0.7718357321414968,20
2011-07-22,0.7746179793322954,20
2011-07-25,0.7724207543258957,20
2011-07-26,0.7723360612393732,20
2011-07-27,0.751262744318086,20
2011-07-28,0.7515753359794346,20
2011-07-29,0.7473463917325927,20
2011-08-01,0.7461506062275404,20
2011-08-02,0.7042264796730727,20
2011-08-03,0.7053785018337951,20
2011-08-04,0.6576496789807215,20
2011-08-05,0.662506477794758,20
2011-08-08,0.6056850987821275,20
2011-08-09,0.6412235081562306,20
2011-08-10,0.6192130481734918,20
2011-08-11,0.6486978585457585,20
2011-08-12,0.659006867056415,20
2011-08-15,0.6725524952139724,20
2011-08-16,0.6591506393634369,20
2011-08-17,0.6554147137338963,20
2011-08-18,0.6109603016470974,20
2011-08-19,0.5973071942783869,20
2011-08-22,0.5961523500948006,20
2011-08-23,0.6272936862314096,20
2011-08-24,0.6373347178503455,20
2011-08-25,0.6264589435564301,20
2011-08-26,0.6462772481169949,20
2011-08-29,0.6696617804347704,20
2011-08-30,0.676255079392334,20
2011-08-31,0.677900930003271,20
2011-09-01,0.6711552418009745,20
2011-09-02,0.6537081231213742,20
2011-09-06,0.6556551244954096,20
2011-09-07,0.6752010548017923,20
2011-09-08,0.6704275056854034,20
2011-09-09,0.6483500712208398,20
2011-09-12,0.6528536525451497,20
2011-09-13,0.660465982936517,20
2011-09-14,0.6680193688873134,20
2011-09-15,0.6779326140952112,20
2011-09-16,0.6820940574848263,20
2011-09-19,0.6835011341164902,20
2011-09-20,0.6733311838021913,20
2011-09-21,0.6536743942084545,20
2011-09-22,0.6229342871795037,20
2011-09-23,0.6209687681448118,20
2011-09-26,0.6384638208023985,20
2011-09-27,0.648501516490111,20
2011-09-28,0.6293485032603864,20
2011-09-29,0.617265498491696,20
2011-09-30,0.5921287009301768,20
2011-10-03,0.5719057800473897,20
2011-10-04,0.5856344417910739,20
2011-10-05,0.6043883550819635,20
2011-10-06,0.625400450382771,20
2011-10-07,0.6191928716623687,20
2011-10-10,0.6471724220200094,20
2011-10-11,0.6514378051007779,20
2011-10-12,0.6559933418911332,20
2011-10-13,0.659671206631582,20
2011-10-14,0.679792326820239,20
2011-10-17,0.6652406002198247,20
2011-10-18,0.6737075543198735,20
2011-10-19,0.6568255608225672,20
2011-10-20,0.6606757311951459,20
2011-10-21,0.6734800028603641,20
2011-10-24,0.690858410129153,20
2011-10-25,0.6740087592165823,20
2011-10-26,0.6746724976534669,20
2011-10-27,0.6991538303798722,20
2011-10-28,0.7067136372271748,20
2011-10-31,0.6875155338086371,20
2011-11-01,0.6710758568049677,20
2011-11-02,0.6834871196161438,20
2011-11-03,0.6933465465198614,20
2011-11-04,0.6920038317799667,20
2011-11-07,0.6905579932938891,20
2011-11-08,0.698971230354821,20
2011-11-09,0.6775195603561878,20
2011-11-10,0.6802199755670585,20
2011-11-11,0.6935593705563046,20
2011-11-14,0.6884875378945213,20
2011-11-15,0.6926446301254429,20
2011-11-16,0.6725976264249939,20
2011-11-17,0.662108887630231,20
2011-11-18,0.6562215670163165,20
2011-11-21,0.643061029169984,20
2011-11-22,0.6470336858258234,20
2011-11-23,0.6316106663379825,20
2011-11-25,0.6264181854232088,20
2011-11-28,0.6501015535560507,20
2011-11-29,0.6496681183159957,20
2011-11-30,0.6765657923740069,20
2011-12-01,0.6757763373764555,20
2011-12-02,0.6757579544956676,20
2011-12-05,0.6779174556831276,20
2011-12-06,0.6718571415992,20
2011-12-07,0.6699315346571193,20
2011-12-08,0.6557447325462649,20
2011-12-09,0.6665455262431638,20
2011-12-12,0.6570021486051508,20
2011-12-13,0.6460528482396509,20
2011-12-14,0.6349432271696461,20
2011-12-15,0.63962591051189,20
2011-12-16,0.6429874492832504,20
2011-12-19,0.6368901333665598,20
2011-12-20,0.6565551952004114,20
2011-12-21,0.6574554792115969,20
2011-12-22,0.6611287236928384,20
2011-12-23,0.6679888643348563,20
2011-12-27,0.6719926565008596,20
2011-12-28,0.661512943897369,20
2011-12-29,0.6680583751442289,20
2011-12-30,0.6623784258256421,20
2012-01-03,0.6694563749467627,20
2012-01-04,0.6706891599281686,20
2012-01-05,0.6727456231104213,20
2012-01-06,0.670494489563712,20
2012-01-09,0.6672364604625857,20
2012-01-10,0.6679133332452938,20
2012-01-11,0.6634817566023445,20
2012-01-12,0.6652600010748626,20
2012-01-13,0.6610932769989099,20
2012-01-17,0.6689116168273624,20
2012-01-18,0.6797075319874281,20
2012-01-19,0.6786570820336763,20
2012-01-20,0.6721064777718389,20
2012-01-23,0.6758564036463619,20
2012-01-24,0.6765912963683676,20
2012-01-25,0.68201463949048,20
2012-01-26,0.673378067699231,20
2012-01-27,0.675752156816891,20
2012-01-30,0.6761319421668472,20
2012-01-31,0.6762744099571192,20
2012-02-01,0.6825778316894712,20
2012-02-02,0.6856010793114965,20
2012-02-03,0.6946314400332132,20
2012-02-06,0.6948318934163542,20
2012-02-07,0.7009119156912802,20
2012-02-08,0.7018858064397326,20
2012-02-09,0.7098799631468559,20
2012-02-10,0.7055097394716686,20
2012-02-13,0.7087770010971547,20
2012-02-14,0.7102667011710607,20
2012-02-15,0.7060801099194155,20
2012-02-16,0.7104649959598841,20
2012-02-17,0.7151991239797949,20
2012-02-21,0.7149512984619282,20
2012-02-22,0.7182092789232088,20
2012-02-23,0.719146409283607,20
2012-02-24,0.720252235067478,20
2012-02-27,0.7218590541763458,20
2012-02-28,0.721888382635641,20
2012-02-29,0.7190760986714927,20
2012-03-01,0.7259738902307965,20
2012-03-02,0.721978740430438,20
2012-03-05,0.7204048196990414,20
2012-03-06,0.7085192944001656,20
2012-03-07,0.7146330979563941,20
2012-03-08,0.7251697717111284,20
2012-03-09,0.7276854764024584,20
2012-03-12,0.7246495485713955,20
2012-03-13,0.7331976489211103,20
2012-03-14,0.7315201893824198,20
2012-03-15,0.734112605204537,20
2012-03-16,0.7368797310461418,20
2012-03-19,0.7387789735711653,20
2012-03-20,0.7366355653007318,20
2012-03-21,0.7370841907358222,20
2012-03-22,0.7336096601571619,20
2012-03-23,0.733269142276453,20
2012-03-26,0.7449588744020403,20
2012-03-27,0.7454690129683763,20
2012-03-28,0.7390338253912424,20
2012-03-29,0.7427334611910313,20
2012-03-30,0.7429761603900538,20
2012-04-02,0.7494685762372929,20
2012-04-03,0.7513767985461276,20
2012-04-04,0.7461492271382706,20
2012-04-05,0.7511192604979345,20
2012-04-09,0.7437953557017887,20
2012-04-10,0.7254934419998782,20
2012-04-11,0.7346073959176372,20
2012-04-12,0.7488368480680021,20
2012-04-13,0.7484419564952118,20
2012-04-16,0.7379780562048835,20
2012-04-17,0.7447736895322226,20
2012-04-18,0.747958154741102,20
2012-04-19,0.7436708294740093,20
2012-04-20,0.74903296342307,20
2012-04-23,0.7391051243819639,20
2012-04-24,0.7343324640132948,20
2012-04-25,0.7529686880183677,20
2012-04-26,0.7593060865489492,20
2012-04-27,0.7607865854582945,20
2012-04-30,0.7565913513696476,20
2012-05-01,0.7616615058792744,20
2012-05-02,0.7675765172832955,20
2012-05-03,0.7561659461093012,20
2012-05-04,0.7391861830197994,20
2012-05-07,0.7375363122048441,20
2012-05-08,0.72753300453934,20
2012-05-09,0.7219599151471773,20
2012-05-10,0.7179348366691728,20
2012-05-11,0.7186370657947131,20
2012-05-14,0.707581374326228,20
2012-05-15,0.7063390512457532,20
2012-05-16,0.703486163272728,20
2012-05-17,0.6820399502592496,20
2012-05-18,0.6772328360562421,20
2012-05-21,0.6960411792211276,20
2012-05-22,0.6983030967252168,20
2012-05-23,0.7033031778950177,20
2012-05-24,0.7069813206224904,20
2012-05-25,0.7046252407805329,20
2012-05-29,0.7160107804537942,20
2012-05-30,0.7040414122894725,20
2012-05-31,0.6983624278724118,20
2012-06-01,0.669921445495463,20
2012-06-04,0.6702123728028435,20
2012-06-05,0.678291661991926,20
2012-06-06,0.6943395668095872,20
2012-06-07,0.6924585730132653,20
2012-06-08,0.7002156673208576,20
2012-06-11,0.6884644711885762,20
2012-06-12,0.697346842913561,20
2012-06-13,0.6843643828798155,20
2012-06-14,0.692683935276841,20
2012-06-15,0.7005915567765779,20
2012-06-18,0.7094116868329281,20
2012-06-19,0.7184505331518657,20
2012-06-20,0.7176324489730909,20
2012-06-21,0.698809951799018,20
2012-06-22,0.7078473730117628,20
2012-06-25,0.6963425062617657,20
2012-06-26,0.7023537379811017,20
2012-06-27,0.7031394174734837,20
2012-06-28,0.697776622464424,20
2012-06-29,0.7130300396398584,20
2012-07-02,0.7172100020493873,20
2012-07-03,0.7179416016946026,20
2012-07-05,0.7231426056521907,20
2012-07-06,0.7174413671778466,20
2012-07-09,0.7141229851890705,20
2012-07-10,0.7064886846017048,20
2012-07-11,0.7007745498823527,20
2012-07-12,0.7011723161115077,20
2012-07-13,0.7121523078162935,20
2012-07-16,0.7132479754211342,20
2012-07-17,0.7200097175156623,20
2012-07-18,0.7246140759784447,20
2012-07-19,0.7287614786854602,20
2012-07-20,0.7199922659472049,20
2012-07-23,0.7119867043154965,20
2012-07-24,0.705147698937208,20
2012-07-25,0.6996262937220599,20
2012-07-26,0.714638491104984,20
2012-07-27,0.7231889253409577,20
2012-07-30,0.719774638764741,20
2012-07-31,0.7095454737702368,20
2012-08-01,0.703205281818024,20
2012-08-02,0.7064444756565497,20
2012-08-03,0.7196360652585928,20
2012-08-06,0.718866996034511,20
2012-08-07,0.724011963963363,20
2012-08-08,0.7225462981487689,20
2012-08-09,0.7252514877543311,20
2012-08-10,0.7264052014026495,20
2012-08-13,0.7275287014690469,20
2012-08-14,0.7287043422831364,20
2012-08-15,0.7320391107086602,20
2012-08-16,0.7403394538584737,20
2012-08-17,0.7426422999847071,20
2012-08-20,0.7350433828486729,20
2012-08-21,0.7312028008930914,20
2012-08-22,0.7355099217027533,20
2012-08-23,0.7285625360886868,20
2012-08-24,0.7322252214789285,20
2012-08-27,0.7301602636913253,20
2012-08-28,0.7309845579889733,20
2012-08-29,0.7330042011127585,20
2012-08-30,0.7276529818489144,20
2012-08-31,0.7313935139770531,20
2012-09-04,0.7330923646740418,20
2012-09-05,0.7319120297124841,20
2012-09-06,0.7501463685885633,20
2012-09-07,0.7494396407349975,20
2012-09-10,0.7418253801331819,20
2012-09-11,0.7438824999529496,20
2012-09-12,0.7485751525886681,20
2012-09-13,0.7615212647112465,20
2012-09-14,0.7693619291965988,20
2012-09-17,0.7635619008103747,20
2012-09-18,0.7600549376372591,20
2012-09-19,0.7653731159854198,20
2012-09-20,0.7682498629694502,20
2012-09-21,0.7711382104060386,20
2012-09-24,0.7667271570689681,20
2012-09-25,0.7602686642144925,20
2012-09-26,0.748924790996896,20
2012-09-27,0.7606096115110763,20
2012-09-28,0.7556843980449959,20
2012-10-01,0.757248553336941,20
2012-10-02,0.7589259018106965,20
2012-10-03,0.7692858547168663,20
2012-10-04,0.7752383103338485,20
2012-10-05,0.7745016417937212,20
2012-10-08,0.7701558824154519,20
2012-10-09,0.7546266611736537,20
2012-10-10,0.7467786161251991,20
2012-10-11,0.743378632246831,20
2012-10-12,0.7406139623457766,20
2012-10-15,0.7493979181202047,20
2012-10-16,0.7603669003826891,20
2012-10-17,0.7671750134946761,20
2012-10-18,0.7656428829567877,20
2012-10-19,0.756250352928137,20
2012-10-22,0.7578149474909309,20
2012-10-23,0.7435141339608298,20
2012-10-24,0.7447708015464592,20
2012-10-25,0.7446321841252054,20
2012-10-26,0.7409495463865515,20
2012-10-31,0.736877161430758,20
2012-11-01,0.7471306973811033,20
2012-11-02,0.7361963470718081,20
2012-11-05,0.7459740429355762,20
2012-11-06,0.7542699391017351,20
2012-11-07,0.7410106988476186,20
2012-11-08,0.7312741137727746,20
2012-11-09,0.7262198131576638,20
2012-11-12,0.7207130037744393,20
2012-11-13,0.7178014365132614,20
2012-11-14,0.7036222584111848,20
2012-11-15,0.7024288749789913,20
2012-11-16,0.7123522304570539,20
2012-11-19,0.7270665580253617,20
2012-11-20,0.7305694149705766,20
2012-11-21,0.7349357225759148,20
2012-11-23,0.7443936382196386,20
2012-11-26,0.7437935757841111,20
2012-11-27,0.7383991649312182,20
2012-11-28,0.7428163993719527,20
2012-11-29,0.744533797251156,20
2012-11-30,0.7434615032306413,20
2012-12-03,0.7388864524918806,20
2012-12-04,0.7363995136481107,20
2012-12-05,0.7339409604919459,20
2012-12-06,0.7367468455287195,20
2012-12-07,0.7416410535620256,20
2012-12-10,0.739900737969272,20
2012-12-11,0.7448828159601273,20
2012-12-12,0.7465637202820594,20
2012-12-13,0.7405580849339128,20
2012-12-14,0.7405480192111698,20
2012-12-17,0.7558273838571951,20
2012-12-18,0.7652559667589132,20
2012-12-19,0.7584891765726351,20
2012-12-20,0.7659637130021903,20
2012-12-21,0.755698932267583,20
2012-12-24,0.7556234572547658,20
2012-12-26,0.7511626267051219,20
2012-12-27,0.7512801332346063,20
2012-12-28,0.7429749115618012,20
2012-12-31,0.760442203363449,20
2013-01-02,0.7842874819373314,20
2013-01-03,0.7762006753550595,20
2013-01-04,0.7805186422178099,20
2013-01-07,0.7773729168928305,20
2013-01-08,0.779972146730847,20
2013-01-09,0.7861325276878355,20
2013-01-10,0.7900764370791726,20
2013-01-11,0.7889868513610483,20
2013-01-14,0.7897172390857521,20
2013-01-15,0.7922198451680247,20
2013-01-16,0.7922594497647337,20
2013-01-17,0.8016516422716023,20
2013-01-18,0.8007405181638263,20
2013-01-22,0.8061766093196683,20
2013-01-23,0.8107506496055664,20
2013-01-24,0.8119576957247754,20
2013-01-25,0.8175475438843898,20
2013-01-28,0.8151015974785287,20
2013-01-29,0.8300378972190058,20
2013-01-30,0.8239400518197502,20
2013-01-31,0.8256590936851587,20
2013-02-01,0.8336780669669767,20
2013-02-04,0.8236239038597187,20
2013-02-05,0.8365966159563961,20
2013-02-06,0.836064970879013,20
2013-02-07,0.835306885597361,20
2013-02-08,0.8422249918891055,20
2013-02-11,0.840164109320485,20
2013-02-12,0.8448721838971394,20
2013-02-13,0.8512546473956181,20
2013-02-14,0.8670956962970665,20
2013-02-15,0.8656821591105028,20
2013-02-19,0.8682172859866116,20
2013-02-20,0.8400211200779057,20
2013-02-21,0.8359920515638031,20
2013-02-22,0.8476001583166335,20
2013-02-25,0.824925676310554,20
2013-02-26,0.8407621271366843,20
2013-02-27,0.8553128467835096,20
2013-02-28,0.8543407173316496,20
2013-03-01,0.8620157852947692,20
2013-03-04,0.8761799809245984,20
2013-03-05,0.8826480324201029,20
2013-03-06,0.8810384978350456,20
2013-03-07,0.879278436120002,20
2013-03-08,0.8847761263416618,20
2013-03-11,0.8840694930447972,20
2013-03-12,0.8855406832318979,20
2013-03-13,0.8809132865600093,20
2013-03-14,0.8909655958318144,20
2013-03-15,0.8848192075942557,20
2013-03-18,0.8836343111874069,20
2013-03-19,0.8805936335184457,20
2013-03-20,0.8973009352073953,20
2013-03-21,0.884936461795238,20
2013-03-22,0.8908468337232008,20
2013-03-25,0.886241479331494,20
2013-03-26,0.8937198147560754,20
2013-03-27,0.8947798848839293,20
2013-03-28,0.8998690124839518,20
2013-04-01,0.8923079777748812,20
2013-04-02,0.8878600456109309,20
2013-04-03,0.8690302329480456,20
2013-04-04,0.8745840360800221,20
2013-04-05,0.8739338637096118,20
2013-04-08,0.8829514849365884,20
2013-04-09,0.884514565541966,20
2013-04-10,0.892393485394796,20
2013-04-11,0.8939027770018165,20
2013-04-12,0.8898776533941292,20
2013-04-15,0.8568422633272132,20
2013-04-16,0.8748056046847067,20
2013-04-17,0.8590910107999475,20
2013-04-18,0.8519197184458911,20
2013-04-19,0.8680715517256442,20
2013-04-22,0.8741486721336612,20
2013-04-23,0.8923445149391709,20
2013-04-24,0.8957226158916678,20
2013-04-25,0.8997211038229871,20
2013-04-26,0.8958391105168779,20
2013-04-29,0.8973571106741622,20
2013-04-30,0.8922284150811604,20
2013-05-01,0.8751789940508078,20
2013-05-02,0.8947048699318522,20
2013-05-03,0.9118763845763873,20
2013-05-06,0.9196669153866265,20
2013-05-07,0.9222104454846137,20
2013-05-08,0.9181032218475736,20
2013-05-09,0.9125976706811773,20
2013-05-10,0.914885809548303,20
2013-05-13,0.9172007755496671,20
2013-05-14,0.9355594522168883,20
2013-05-15,0.937819887377757,20
2013-05-16,0.9272724626309349,20
2013-05-17,0.9466314182067744,20
2013-05-20,0.9450404888243261,20
2013-05-21,0.9411186980904024,20
2013-05-22,0.9325066594803024,20
2013-05-23,0.9327241022759336,20
2013-05-24,0.9315306859681879,20
2013-05-28,0.9369445392452066,20
2013-05-29,0.9243269655756018,20
2013-05-30,0.9274919214485113,20
2013-05-31,0.9173219164353168,20
2013-06-03,0.9117945427830692,20
2013-06-04,0.8983807105320878,20
2013-06-05,0.8807757885903406,20
2013-06-06,0.8987780257496175,20
2013-06-07,0.9136236335610918,20
2013-06-10,0.9115452031334514,20
2013-06-11,0.8929598530551655,20
2013-06-12,0.8789522960035822,20
2013-06-13,0.8956650914378432,20
2013-06-14,0.8896770405144135,20
2013-06-17,0.8938818432861407,20
2013-06-18,0.8994083431238503,20
2013-06-19,0.8854619698807912,20
2013-06-20,0.8516936768649127,20
2013-06-21,0.8452666740907163,20
2013-06-24,0.8315125828901592,20
2013-06-25,0.8501645449002129,20
2013-06-26,0.8586005287412684,20
2013-06-27,0.8636760902150834,20
2013-06-28,0.8563995349156018,20
2013-07-01,0.8615472313854751,20
2013-07-02,0.85382325550173,20
2013-07-03,0.8524257105693607,20
2013-07-05,0.8606523615782984,20
2013-07-08,0.8679212023638392,20
2013-07-09,0.8732485904097744,20
2013-07-10,0.8674219228752595,20
2013-07-11,0.8846861977628941,20
2013-07-12,0.8964621541588009,20
2013-07-15,0.8989628480751285,20
2013-07-16,0.8890981540745964,20
2013-07-17,0.8904833300305826,20
2013-07-18,0.8907704703348844,20
2013-07-19,0.8948948962549469,20
2013-07-22,0.8990225726245249,20
2013-07-23,0.8972706575074276,20
2013-07-24,0.8874688235384632,20
2013-07-25,0.8877054173194313,20
2013-07-26,0.8871181457860663,20
2013-07-29,0.8836579051355635,20
2013-07-30,0.8873918483699376,20
2013-07-31,0.8936893523828503,20
2013-08-01,0.9096907149890375,20
2013-08-02,0.9072329575715288,20
2013-08-05,0.9104005985453603,20
2013-08-06,0.9022932980301904,20
2013-08-07,0.892793019756808,20
2013-08-08,0.8974386487492292,20
2013-08-09,0.8967653613992195,20
2013-08-12,0.8930885544782162,20
2013-08-13,0.9006721654269378,20
2013-08-14,0.8964716433589399,20
2013-08-15,0.878145785437134,20
2013-08-16,0.8790421103357307,20
2013-08-19,0.8685158272720599,20
2013-08-20,0.8829123250716718,20
2013-08-21,0.8801827145063666,20
2013-08-22,0.8941976644296055,20
2013-08-23,0.8930014459519151,20
2013-08-26,0.8889548119019647,20
2013-08-27,0.8626216048740427,20
2013-08-28,0.8672649747246353,20
2013-08-29,0.8737929763318213,20
2013-08-30,0.8677934680265237,20
2013-09-03,0.880130002581424,20
2013-09-04,0.892229901870244,20
2013-09-05,0.9020126844287365,20
2013-09-06,0.8980810300036295,20
2013-09-09,0.9101214364365204,20
2013-09-10,0.9208060622604628,20
2013-09-11,0.9213900271390518,20
2013-09-12,0.915063082226026,20
2013-09-13,0.9189672891622332,20
2013-09-16,0.9254557982782675,20
2013-09-17,0.9325782706584137,20
2013-09-18,0.9348353180324156,20
2013-09-19,0.9294362268159834,20
2013-09-20,0.9224033959393882,20
2013-09-23,0.9125161266414209,20
2013-09-24,0.9142331333114541,20
2013-09-25,0.9139705417073929,20
2013-09-26,0.9181622598815282,20
2013-09-27,0.9145356930207703,20
2013-09-30,0.9093027430309764,20
2013-10-01,0.918548717774318,20
2013-10-02,0.9174969147169677,20
2013-10-03,0.9138444949108904,20
2013-10-04,0.9293324149979034,20
2013-10-07,0.9169368854658012,20
2013-10-08,0.8991367139169665,20
2013-10-09,0.9045731657644612,20
2013-10-10,0.9321113081167416,20
2013-10-11,0.9341829055362298,20
2013-10-14,0.9408096533019645,20
2013-10-15,0.9372202465429925,20
2013-10-16,0.9572911346805771,20
2013-10-17,0.9676674484109,20
2013-10-18,0.9737520861148001,20
2013-10-21,0.9715424414018154,20
2013-10-22,0.9757071070903642,20
2013-10-23,0.9667839246933801,20
2013-10-24,0.9704732246161787,20
2013-10-25,0.9707707320601625,20
2013-10-28,0.9669224582648999,20
2013-10-29,0.9761141446343455,20
2013-10-30,0.976532321344333,20
2013-10-31,0.9686839254721331,20
2013-11-01,0.9805952995059235,20
2013-11-04,0.9912005055429739,20
2013-11-05,0.9908943117579062,20
2013-11-06,0.9805158483842942,20
2013-11-07,0.9615945310806023,20
2013-11-08,0.9866736052225495,20
2013-11-11,0.9949666076652408,20
2013-11-12,0.9947739170143248,20
2013-11-13,1.008343923323336,20
2013-11-14,1.0188219786690351,20
2013-11-15,1.0216123098981196,20
2013-11-18,1.0157102782017697,20
2013-11-19,1.0073654000029977,20
2013-11-20,1.0078798275468779,20
2013-11-21,1.0232469002842126,20
2013-11-22,1.0302997775875617,20
2013-11-25,1.0288666096253545,20
2013-11-26,1.0296570531221243,20
2013-11-27,1.0377724340179595,20
2013-11-29,1.0351574564173052,20
2013-12-02,1.038722237595319,20
2013-12-03,1.0293031983032983,20
2013-12-04,1.0298172866440345,20
2013-12-05,1.023183053277357,20
2013-12-06,1.0375037922733192,20
2013-12-09,1.039580048252374,20
2013-12-10,1.0385897121487409,20
2013-12-11,1.0180061550443071,20
2013-12-12,1.0192521586250796,20
2013-12-13,1.0252810605042006,20
2013-12-16,1.031858919275552,20
2013-12-17,1.0275430925601354,20
2013-12-18,1.0361081821834321,20
2013-12-19,1.0345388305497567,20
2013-12-20,1.0426247109279971,20
2013-12-23,1.0472029354962684,20
2013-12-24,1.0491845420202046,20
2013-12-26,1.0547625280503645,20
2013-12-27,1.044824730057284,20
2013-12-30,1.0441874671534392,20
2013-12-31,1.0488238807111547,20
2014-01-02,1.0457929322585329,20
2014-01-03,1.0507241773123008,20
2014-01-06,1.0448144690402839,20
2014-01-07,1.0575769827137054,20
2014-01-08,1.0728603879617828,20
2014-01-09,1.0761369966185312,20
2014-01-10,1.0829591279613429,20
2014-01-13,1.0625685497122097,20
2014-01-14,1.0800364877458086,20
2014-01-15,1.0831558259239338,20
2014-01-16,1.0689162233742258,20
2014-01-17,1.0594452005779995,20
2014-01-21,1.0671150879942042,20
2014-01-22,1.074708130380791,20
2014-01-23,1.059328255550146,20
2014-01-24,1.0292509633786997,20
2014-01-27,1.017762563579001,20
2014-01-28,1.023699985745473,20
2014-01-29,1.0098274472109325,20
2014-01-30,1.0326760227009346,20
2014-01-31,1.0293507717297594,20
2014-02-03,0.9977666272862425,20
2014-02-04,1.0083776241708569,20
2014-02-05,1.0030697461324545,20
2014-02-06,1.0162656880202663,20
2014-02-07,1.0383448314855401,20
2014-02-10,1.0389338023311065,20
2014-02-11,1.048228280507225,20
2014-02-12,1.0494968447671968,20
2014-02-13,1.0630886394124017,20
2014-02-14,1.0614329203274033,20
2014-02-18,1.069876852462044,20
2014-02-19,1.0568893141814968,20
2014-02-20,1.067659818336773,20
2014-02-21,1.0680641005981266,20
2014-02-24,1.076020479580112,20
2014-02-25,1.0766815034422026,20
2014-02-26,1.074956919728456,20
2014-02-27,1.0789229680103067,20
2014-02-28,1.0803096842532645,20
2014-03-03,1.0721453185377934,20
2014-03-04,1.1010642766995842,20
2014-03-05,1.103953949083497,20
2014-03-06,1.1049885382378946,20
2014-03-07,1.1031368248248483,20
2014-03-10,1.103846241397055,20
2014-03-11,1.09143252016907,20
2014-03-12,1.0912398521874407,20
2014-03-13,1.0727749601207817,20
2014-03-14,1.0723391513448948,20
2014-03-17,1.0816717914251675,20
2014-03-18,1.0943740216099553,20
2014-03-19,1.0998533088625353,20
2014-03-20,1.1096710151462599,20
2014-03-21,1.1015921840931782,20
2014-03-24,1.0948609751838145,20
2014-03-25,1.0973658585897317,20
2014-03-26,1.0792641888583256,20
2014-03-27,1.0703305331289268,20
2014-03-28,1.0694923291096043,20
2014-03-31,1.0918037190348908,20
2014-04-01,1.1142036779117497,20
2014-04-02,1.1203170748008928,20
2014-04-03,1.1087609832297347,20
2014-04-04,1.0802611584038857,20
2014-04-07,1.0563869470879563,20
2014-04-08,1.0627016316398548,20
2014-04-09,1.0828413945428592,20
2014-04-10,1.0386587108057281,20
2014-04-11,1.0218156490150705,20
2014-04-14,1.0324234819869968,20
2014-04-15,1.04064959516407,20
2014-04-16,1.0649172749688822,20
2014-04-17,1.0710057606440693,20
2014-04-21,1.0802417757034244,20
2014-04-22,1.0938227243465737,20
2014-04-23,1.0940365778940104,20
2014-04-24,1.0949996142361853,20
2014-04-25,1.0712714479441405,20
2014-04-28,1.0581703992826863,20
2014-04-29,1.0678741848356006,20
2014-04-30,1.0806235668672395,20
2014-05-01,1.076246546811578,20
2014-05-02,1.0790319487297126,20
2014-05-05,1.0861241576516747,20
2014-05-06,1.0790379224029205,20
2014-05-07,1.076724888845797,20
2014-05-08,1.0757157961477488,20
2014-05-09,1.0764957293923239,20
2014-05-12,1.0974442582598845,20
2014-05-13,1.0978881819089668,20
2014-05-14,1.087454814672972,20
2014-05-15,1.0702073629634885,20
2014-05-16,1.0701644342229037,20
2014-05-19,1.0838191385451192,20
2014-05-20,1.0724995241111075,20
2014-05-21,1.0854069748663409,20
2014-05-22,1.0893461857449072,20
2014-05-23,1.1023710167112852,20
2014-05-27,1.1178339516067146,20
2014-05-28,1.1228819803979555,20
2014-05-29,1.1284812249995677,20
2014-05-30,1.123720249580884,20
2014-06-02,1.1315960409746033,20
2014-06-03,1.1330390830795452,20
2014-06-04,1.1401619106273642,20
2014-06-05,1.1477459638194978,20
2014-06-06,1.1582043517282319,20
2014-06-09,1.152331827173709,20
2014-06-10,1.1492130643778486,20
2014-06-11,1.1469506599275776,20
2014-06-12,1.1313570283490175,20
2014-06-13,1.1418687017889613,20
2014-06-16,1.1461859780558992,20
2014-06-17,1.154002943490448,20
2014-06-18,1.1644423303529865,20
2014-06-19,1.1638331556268748,20
2014-06-20,1.1696145989635733,20
2014-06-23,1.1634666767965365,20
2014-06-24,1.1533673473251134,20
2014-06-25,1.161079806464169,20
2014-06-26,1.159324340977987,20
2014-06-27,1.1594038378963365,20
2014-06-30,1.1595123956797686,20
2014-07-01,1.1776431742184488,20
2014-07-02,1.1729238223551428,20
2014-07-03,1.1808311587396838,20
2014-07-07,1.1632188592211696,20
2014-07-08,1.151974716792015,20
2014-07-09,1.162067643948669,20
2014-07-10,1.1585467800245335,20
2014-07-11,1.1594338005156624,20
2014-07-14,1.1690418508892386,20
2014-07-15,1.1685981529656755,20
2014-07-16,1.1726833886070707,20
2014-07-17,1.1475717195788377,20
2014-07-18,1.1633497914159103,20
2014-07-21,1.1587665059968804,20
2014-07-22,1.1729499742035805,20
2014-07-23,1.1824224082882568,20
2014-07-24,1.1899756798559082,20
2014-07-25,1.188755539542311,20
2014-07-28,1.1858490556296943,20
2014-07-29,1.18115349645113,20
2014-07-30,1.1715223231878917,20
2014-07-31,1.1426217080769558,20
2014-08-01,1.1445881773519233,20
2014-08-04,1.1570519601628715,20
2014-08-05,1.142926157009761,20
2014-08-06,1.1361509541957266,20
2014-08-07,1.1290076093387666,20
2014-08-08,1.1395778876961309,20
2014-08-11,1.14752724740644,20
2014-08-12,1.1425347460311952,20
2014-08-13,1.1560447710279351,20
2014-08-14,1.1582578901707317,20
2014-08-15,1.163106706892876,20
2014-08-18,1.1780282172160363,20
2014-08-19,1.184340984654058,20
2014-08-20,1.1917555721265458,20
2014-08-21,1.1897345226587237,20
2014-08-22,1.1943843803741603,20
2014-08-25,1.2002613264883415,20
2014-08-26,1.1984802202937703,20
2014-08-27,1.2012254208760518,20
2014-08-28,1.1980576144407815,20
2014-08-29,1.2005544817262526,20
2014-09-02,1.2026599729969807,20
2014-09-03,1.2004536952857638,20
2014-09-04,1.1993782263935542,20
2014-09-05,1.2053717486530124,20
2014-09-08,1.2037495103304818,20
2014-09-09,1.189838253201858,20
2014-09-10,1.195004105776071,20
2014-09-11,1.1939832590363169,20
2014-09-12,1.1835927494125091,20
2014-09-15,1.1684888960935143,20
2014-09-16,1.184088836198039,20
2014-09-17,1.1835400557915863,20
2014-09-18,1.1955080130207134,20
2014-09-19,1.1835019755231027,20
2014-09-22,1.1646596083438034,20
2014-09-23,1.1587285152458024,20
2014-09-24,1.1763815610439257,20
2014-09-25,1.155618469903268,20
2014-09-26,1.1741181399844351,20
2014-09-29,1.1739390598602122,20
2014-09-30,1.1652470606112546,20
2014-10-01,1.1345165374328778,20
2014-10-02,1.1309278584415503,20
2014-10-03,1.1458265904713651,20
2014-10-06,1.1360865499116213,20
2014-10-07,1.114891378340449,20
2014-10-08,1.1330110907720985,20
2014-10-09,1.0933559083201427,20
2014-10-10,1.059858386537173,20
2014-10-13,1.0171388987194896,20
2014-10-14,1.020681392851709,20
2014-10-15,1.0208383778527652,20
2014-10-16,1.0386342757515383,20
2014-10-17,1.0555248311023493,20
2014-10-20,1.0770688564969284,20
2014-10-21,1.1128013646658066,20
2014-10-22,1.0977474521362744,20
2014-10-23,1.1051586522610168,20
2014-10-24,1.1181219733997598,20
2014-10-27,1.119174812099365,20
2014-10-28,1.1372972478003294,20
2014-10-29,1.137529842460713,20
2014-10-30,1.1380842903847281,20
2014-10-31,1.1600580615382023,20
2014-11-03,1.165071299907914,20
2014-11-04,1.1612985338997515,20
2014-11-05,1.1637932164329994,20
2014-11-06,1.173457815753395,20
2014-11-07,1.1702122300785947,20
2014-11-10,1.1786569956440756,20
2014-11-11,1.1820767708740436,20
2014-11-12,1.1781960449055744,20
2014-11-13,1.1784551474585,20
2014-11-14,1.1782272614720453,20
2014-11-17,1.17832972181428,20
2014-11-18,1.1941705954493596,20
2014-11-19,1.1887847564627017,20
2014-11-20,1.1893169677256836,20
2014-11-21,1.191333631101598,20
2014-11-24,1.1982579850725228,20
2014-11-25,1.2007095831056875,20
2014-11-26,1.2127791506892285,20
2014-11-28,1.2137549923088706,20
2014-12-01,1.193848084657441,20
2014-12-02,1.2043736861884722,20
2014-12-03,1.211552130304467,20
2014-12-04,1.213461340829656,20
2014-12-05,1.222006633151255,20
2014-12-08,1.2138616316953825,20
2014-12-09,1.2105905220466429,20
2014-12-10,1.1933637211643444,20
2014-12-11,1.205613627468158,20
2014-12-12,1.1859090438321163,20
2014-12-15,1.1815288289098298,20
2014-12-16,1.1593721256738836,20
2014-12-17,1.186674933829796,20
2014-12-18,1.211360437120174,20
2014-12-19,1.217158307552738,20
2014-12-22,1.2133596931386585,20
2014-12-23,1.2089623035887247,20
2014-12-24,1.2135551018562838,20
2014-12-26,1.2189685400632795,20
2014-12-29,1.2234830907681173,20
2014-12-30,1.2179456399046893,20
2014-12-31,1.207212268880557,20
2015-01-02,1.2077682312839422,20
2015-01-05,1.1859610052566745,20
2015-01-06,1.1701093293254918,20
2015-01-07,1.1831769737136428,20
2015-01-08,1.212721305710569,20
2015-01-09,1.1988656965456854,20
2015-01-12,1.1822461088372016,20
2015-01-13,1.1725082026857565,20
2015-01-14,1.1638571513687896,20
2015-01-15,1.1497255216833329,20
2015-01-16,1.162780274530674,20
2015-01-20,1.1783005025035262,20
2015-01-21,1.1863841211134682,20
2015-01-22,1.2182992446913872,20
2015-01-23,1.2171210253021305,20
2015-01-26,1.2215812864846538,20
2015-01-27,1.2016540285628639,20
2015-01-28,1.1886805664146998,20
2015-01-29,1.2055391862482385,20
2015-01-30,1.1732764239660802,20
2015-02-02,1.1719037675739612,20
2015-02-03,1.1817474259950311,20
2015-02-04,1.1872803644473748,20
2015-02-05,1.1966403942042396,20
2015-02-06,1.1890953108702644,20
2015-02-09,1.1702612634746354,20
2015-02-10,1.2004105358032042,20
2015-02-11,1.2037710708284284,20
2015-02-12,1.2097567733097836,20
2015-02-13,1.2079530439904875,20
2015-02-17,1.2124975652141319,20
2015-02-18,1.2198696147394588,20
2015-02-19,1.2250107518793947,20
2015-02-20,1.234400026456588,20
2015-02-23,1.2330395614502028,20
2015-02-24,1.233535172022494,20
2015-02-25,1.2214276774988884,20
2015-02-26,1.2220383202913319,20
2015-02-27,1.2129573981454291,20
2015-03-02,1.2285169137190746,20
2015-03-03,1.22449461621309,20
2015-03-04,1.223667798556559,20
2015-03-05,1.2197398143826206,20
2015-03-06,1.201193637289516,20
2015-03-09,1.20628751728132,20
2015-03-10,1.188668943474083,20
2015-03-11,1.1941796147375976,20
2015-03-12,1.2097475926903272,20
2015-03-13,1.2048040909092628,20
2015-03-16,1.2327232142409974,20
2015-03-17,1.2331205710519928,20
2015-03-18,1.2437251964491982,20
2015-03-19,1.249033383894173,20
2015-03-20,1.2489227997355596,20
2015-03-23,1.243031338689471,20
2015-03-24,1.2334560279069218,20
2015-03-25,1.2061831961482015,20
2015-03-26,1.2009964375068911,20
2015-03-27,1.2153340333619789,20
2015-03-30,1.2290705168121396,20
2015-03-31,1.2145620191638606,20
2015-04-01,1.206249421959484,20
2015-04-02,1.20832623454161,20
2015-04-06,1.2064005176229955,20
2015-04-07,1.2035097374111317,20
2015-04-08,1.2139116421102476,20
2015-04-09,1.2175591025849393,20
2015-04-10,1.2232597578175202,20
2015-04-13,1.2171998392188488,20
2015-04-14,1.2113792193608417,20
2015-04-15,1.2112677337067352,20
2015-04-16,1.2119434154240858,20
2015-04-17,1.1969979245115911,20
2015-04-20,1.2027812419645312,20
2015-04-21,1.2088640569741183,20
2015-04-22,1.2076142401866454,20
2015-04-23,1.2144667274395275,20
2015-04-24,1.211328970569658,20
2015-04-27,1.19815940380008,20
2015-04-28,1.1961593195567786,20
2015-04-29,1.1819619988398213,20
2015-04-30,1.1620236849019598,20
2015-05-01,1.185373927059348,20
2015-05-04,1.1872076345455187,20
2015-05-05,1.1651274175385424,20
2015-05-06,1.166252194615389,20
2015-05-07,1.1842009965396791,20
2015-05-08,1.2031770690868016,20
2015-05-11,1.202962709397143,20
2015-05-12,1.1985348067892347,20
2015-05-13,1.1938506069309502,20
2015-05-14,1.2093634800769026,20
2015-05-15,1.211851399053854,20
2015-05-18,1.2235343867981794,20
2015-05-19,1.2205978612438537,20
2015-05-20,1.1978727301930663,20
2015-05-21,1.2016320776299807,20
2015-05-22,1.2007492647067395,20
2015-05-26,1.188532107467121,20
2015-05-27,1.204282090382941,20
2015-05-28,1.2030124485848732,20
2015-05-29,1.2023571733767329,20
2015-06-01,1.209055960399536,20
2015-06-02,1.2016803063623591,20
2015-06-03,1.2030159128292395,20
2015-06-04,1.1930213729638404,20
2015-06-05,1.1958633406344783,20
2015-06-08,1.1830822845137337,20
2015-06-09,1.180375734428698,20
2015-06-10,1.1949900100144082,20
2015-06-11,1.1980091020027752,20
2015-06-12,1.1903165935340727,20
2015-06-15,1.1912152483330705,20
2015-06-16,1.2001403728146844,20
2015-06-17,1.203586262825897,20
2015-06-18,1.2177870979721752,20
2015-06-19,1.217701861385611,20
2015-06-22,1.2271215101767468,20
2015-06-23,1.2286978045915522,20
2015-06-24,1.2172054715813347,20
2015-06-25,1.2356180746160974,20
2015-06-26,1.224734575715684,20
2015-06-29,1.1942618837673402,20
2015-06-30,1.1984138761456968,20
2015-07-01,1.2090421920894896,20
2015-07-02,1.2045326397110596,20
2015-07-06,1.2023732704989822,20
2015-07-07,1.2020766875545206,20
2015-07-08,1.1771258961882782,20
2015-07-09,1.1803977763706117,20
2015-07-10,1.205814779782208,20
2015-07-13,1.216190212027168,20
2015-07-14,1.222162391553485,20
2015-07-15,1.2211327573223774,20
2015-07-16,1.2299704120681794,20
2015-07-17,1.2270444932657676,20
2015-07-20,1.2256002957408652,20
2015-07-21,1.221045153244436,20
2015-07-22,1.2224667996969183,20
2015-07-23,1.224520576919324,20
2015-07-24,1.2053415032252695,20
2015-07-27,1.1987318917836443,20
2015-07-28,1.2149069534127583,20
2015-07-29,1.2150810405681887,20
2015-07-30,1.2155152323774554,20
2015-07-31,1.2161618678911388,20
2015-08-03,1.210076976651168,20
2015-08-04,1.2180660258966596,20
2015-08-05,1.228909279681793,20
2015-08-06,1.2167889706545563,20
2015-08-07,1.216409078009882,20
2015-08-10,1.2264171710283485,20
2015-08-11,1.2243889673661426,20
2015-08-12,1.2198321004299428,20
2015-08-13,1.2241123139451757,20
2015-08-14,1.2267067984544775,20
2015-08-17,1.2409111165691786,20
2015-08-18,1.2447073867201484,20
2015-08-19,1.2421100486391607,20
2015-08-20,1.2092665994947316,20
2015-08-21,1.159270228781556,20
2015-08-24,1.1177804824667186,20
2015-08-25,1.112828143268547,20
2015-08-26,1.15996607420376,20
2015-08-27,1.1866538345801254,20
2015-08-28,1.1830366787489326,20
2015-08-31,1.1704319581205138,20
2015-09-01,1.1313039219344925,20
2015-09-02,1.1522934974855443,20
2015-09-03,1.1494539909951196,20
2015-09-04,1.1371505014393128,20
2015-09-08,1.1637175610259913,20
2015-09-09,1.155199766841431,20
2015-09-10,1.158914457432398,20
2015-09-11,1.168037693455996,20
2015-09-14,1.1587350237124536,20
2015-09-15,1.1742535300896644,20
2015-09-16,1.185561668763461,20
2015-09-17,1.1917803427948164,20
2015-09-18,1.1753835970867832,20
2015-09-21,1.1816029030326298,20
2015-09-22,1.173186682527982,20
2015-09-23,1.1808456423052447,20
2015-09-24,1.1762828240142509,20
2015-09-25,1.1736539495653682,20
2015-09-28,1.1327020003614583,20
2015-09-29,1.1261810265978227,20
2015-09-30,1.1530341919280098,20
2015-10-01,1.1676972681473188,20
2015-10-02,1.181704750537752,20
2015-10-05,1.1957876074106801,20
2015-10-06,1.1715465214441283,20
2015-10-07,1.1769121125641846,20
2015-10-08,1.1840609558886743,20
2015-10-09,1.1903401866721053,20
2015-10-12,1.1976589515677052,20
2015-10-13,1.1834775740880386,20
2015-10-14,1.1671637478255183,20
2015-10-15,1.178548701062394,20
2015-10-16,1.1866745433736259,20
2015-10-19,1.1928929341554488,20
2015-10-20,1.1879048450881535,20
2015-10-21,1.1806155354755092,20
2015-10-22,1.1811726715255713,20
2015-10-23,1.18756425274907,20
2015-10-26,1.1936431908989686,20
2015-10-27,1.1949850122769043,20
2015-10-28,1.214210344062482,20
2015-10-29,1.215911658146945,20
2015-10-30,1.2185757826101489,20
2015-11-02,1.2286852986318528,20
2015-11-03,1.2275468829153946,20
2015-11-04,1.2267661896486455,20
2015-11-05,1.2362724594223091,20
2015-11-06,1.2350981333584743,20
2015-11-09,1.2198713714547376,20
2015-11-10,1.234557177892621,20
2015-11-11,1.2276778111464388,20
2015-11-12,1.2066791458642405,20
2015-11-13,1.182829711022242,20
2015-11-16,1.2038937346470633,20
2015-11-17,1.2045546344981028,20
2015-11-18,1.2264879905352146,20
2015-11-19,1.2190564337462675,20
2015-11-20,1.238270884444161,20
2015-11-23,1.245055174698093,20
2015-11-24,1.2443004233565078,20
2015-11-25,1.24892422516259,20
2015-11-27,1.2489341853333156,20
2015-11-30,1.2338601524138337,20
2015-12-01,1.2546696541776194,20
2015-12-02,1.2468749495711684,20
2015-12-03,1.217656222488864,20
2015-12-04,1.249041896002303,20
2015-12-07,1.236538542389253,20
2015-12-08,1.2410694434412757,20
2015-12-09,1.220749508101287,20
2015-12-10,1.222692189013931,20
2015-12-11,1.191087936257602,20
2015-12-14,1.2051431207456869,20
2015-12-15,1.2119664315683187,20
2015-12-16,1.2342759734732205,20
2015-12-17,1.222899849651856,20
2015-12-18,1.20395284159999,20
2015-12-21,1.2142146426863232,20
2015-12-22,1.218616571617357,20
2015-12-23,1.2244065610007828,20
2015-12-24,1.220669607947444,20
2015-12-28,1.222990474374436,20
2015-12-29,1.237501276009408,20
2015-12-30,1.2298758743889135,20
2015-12-31,1.2143213507083357,20
2016-01-04,1.182590450188344,20
2016-01-05,1.1844912642417833,20
2016-01-06,1.1746659898021872,20
2016-01-07,1.149252697563824,20
2016-01-08,1.126262721339139,20
2016-01-11,1.1304948586179424,20
2016-01-12,1.151266073723599,20
2016-01-13,1.1050093666538894,20
2016-01-14,1.1253123363868909,20
2016-01-15,1.0992910452630675,20
2016-01-19,1.109069645809104,20
2016-01-20,1.1026935404947795,20
2016-01-21,1.1024993767957538,20
2016-01-22,1.1294268571834625,20
2016-01-25,1.1096492690973763,20
2016-01-26,1.121527891081006,20
2016-01-27,1.099596311715999,20
2016-01-28,1.1217294365373665,20
2016-01-29,1.1449924259892905,20
2016-02-01,1.1524750164005189,20
2016-02-02,1.1198901402804342,20
2016-02-03,1.1062614467175549,20
2016-02-04,1.1048032229870146,20
2016-02-05,1.0539654089664596,20
2016-02-08,1.026710538017584,20
2016-02-09,1.044029603607558,20
2016-02-10,1.053125587488282,20
2016-02-11,1.048885208266807,20
2016-02-12,1.066534570654889,20
2016-02-16,1.08801633717886,20
2016-02-17,1.10840371848507,20
2016-02-18,1.0932349732564979,20
2016-02-19,1.1004360239045894,20
2016-02-22,1.119054200598115,20
2016-02-23,1.1086815184539311,20
2016-02-24,1.1207233524647224,20
2016-02-25,1.1417111222544045,20
2016-02-26,1.136361275078619,20
2016-02-29,1.1266174627392451,20
2016-03-01,1.1551975962045786,20
2016-03-02,1.1533614447874763,20
2016-03-03,1.1575024295880263,20
2016-03-04,1.1560089461469703,20
2016-03-07,1.142519229431126,20
2016-03-08,1.1381840066207236,20
2016-03-09,1.1444243003121755,20
2016-03-10,1.145728952624434,20
2016-03-11,1.1672272519489941,20
2016-03-14,1.1703075573484492,20
2016-03-15,1.1746085713428047,20
2016-03-16,1.1812686346605337,20
2016-03-17,1.1803081438674912,20
2016-03-18,1.1778518840543142,20
2016-03-21,1.181697243470314,20
2016-03-22,1.180860276990643,20
2016-03-23,1.1739278441856669,20
2016-03-24,1.1758772812615645,20
2016-03-28,1.1764423340095411,20
2016-03-29,1.1888903487884364,20
2016-03-30,1.195753300942915,20
2016-03-31,1.194189182032715,20
2016-04-01,1.2059210794400121,20
2016-04-04,1.2006580856671136,20
2016-04-05,1.187601394054864,20
2016-04-06,1.1996603233778174,20
2016-04-07,1.1877376078427417,20
2016-04-08,1.18713518186942,20
2016-04-11,1.1820628290783575,20
2016-04-12,1.1900596157600718,20
2016-04-13,1.204936163282008,20
2016-04-14,1.2012445435425014,20
2016-04-15,1.2052307615974647,20
2016-04-18,1.212594991465413,20
2016-04-19,1.2006702640146416,20
2016-04-20,1.203750824278914,20
2016-04-21,1.196060142885355,20
2016-04-22,1.183367622930944,20
2016-04-25,1.1821623075655647,20
2016-04-26,1.1817791325082403,20
2016-04-27,1.1774337160874229,20
2016-04-28,1.1588008227941704,20
2016-04-29,1.1620503635757733,20
2016-05-02,1.1770375192252667,20
2016-05-03,1.1663321876637829,20
2016-05-04,1.1634763107915085,20
2016-05-05,1.1626088557092358,20
2016-05-06,1.175342461550847,20
2016-05-09,1.1799786303787883,20
2016-05-10,1.1959044825579692,20
2016-05-11,1.1820668462187827,20
2016-05-12,1.1850937396583872,20
2016-05-13,1.172332509688182,20
2016-05-16,1.1796616648245355,20
2016-05-17,1.1616967946824894,20
2016-05-18,1.1602661360609816,20
2016-05-19,1.1564329958393094,20
2016-05-20,1.1639823348207647,20
2016-05-23,1.1595695055425366,20
2016-05-24,1.1836777362588702,20
2016-05-25,1.183975504611755,20
2016-05-26,1.184327612114941,20
2016-05-27,1.1902766008980332,20
2016-05-31,1.190869555620511,20
2016-06-01,1.191358851636433,20
2016-06-02,1.1949746525447698,20
2016-06-03,1.1865797490663355,20
2016-06-06,1.1857097677139932,20
2016-06-07,1.188557331743561,20
2016-06-08,1.195370028659056,20
2016-06-09,1.2009790492317316,20
2016-06-10,1.1909431855553552,20
2016-06-13,1.1825477636454227,20
2016-06-14,1.1780572034600605,20
2016-06-15,1.1765566012330406,20
2016-06-16,1.1807863869523167,20
2016-06-17,1.1720031783468006,20
2016-06-20,1.1806400009142026,20
2016-06-21,1.1844894703803108,20
2016-06-22,1.1778847588947645,20
2016-06-23,1.1871139719788082,20
2016-06-24,1.1525690698019613,20
2016-06-27,1.136576258020507,20
2016-06-28,1.1569708315979983,20
2016-06-29,1.177113848313545,20
2016-06-30,1.189651060682944,20
2016-07-01,1.192356965042155,20
2016-07-05,1.191398078194264,20
2016-07-06,1.1999563918407683,20
2016-07-07,1.1995070184317844,20
2016-07-08,1.2190620496982285,20
2016-07-11,1.2268774123208515,20
2016-07-12,1.2378851531488848,20
2016-07-13,1.2367700794884469,20
2016-07-14,1.2417223248567777,20
2016-07-15,1.240155070758543,20
2016-07-18,1.2412578355262058,20
2016-07-19,1.2401061228010903,20
2016-07-20,1.2497481131800765,20
2016-07-21,1.2326049485978292,20
2016-07-22,1.2400276562603616,20
2016-07-25,1.2390803226410358,20
2016-07-26,1.2473872065307152,20
2016-07-27,1.2481092843313424,20
2016-07-28,1.253527643351489,20
2016-07-29,1.2539382917044968,20
2016-08-01,1.2506999644909735,20
2016-08-02,1.2410284892368268,20
2016-08-03,1.246249285702575,20
2016-08-04,1.2438238240384012,20
2016-08-05,1.2530893510797698,20
2016-08-08,1.2483105911964132,20
2016-08-09,1.251947297306711,20
2016-08-10,1.2505140961194439,20
2016-08-11,1.2561501385614335,20
2016-08-12,1.2559211887748194,20
2016-08-15,1.2595158921168468,20
2016-08-16,1.2514241986956576,20
2016-08-17,1.2542707586756208,20
2016-08-18,1.2639107916787309,20
2016-08-19,1.2718684519278152,20
2016-08-22,1.2698376393471007,20
2016-08-23,1.2768252952533594,20
2016-08-24,1.264026064919807,20
2016-08-25,1.2597395311954538,20
2016-08-26,1.2609644907433009,20
2016-08-29,1.2670970379843067,20
2016-08-30,1.2624274491391807,20
2016-08-31,1.255114020423406,20
2016-09-01,1.2632864763266365,20
2016-09-02,1.2645939800659114,20
2016-09-06,1.2654181461826315,20
2016-09-07,1.264417879447953,20
2016-09-08,1.262205362737998,20
2016-09-09,1.225601315191702,20
2016-09-12,1.2461731743998314,20
2016-09-13,1.2276754251781454,20
2016-09-14,1.2300419831293201,20
2016-09-15,1.2464350213139626,20
2016-09-16,1.2422995347303718,20
2016-09-19,1.2451401581540764,20
2016-09-20,1.2442163247325613,20
2016-09-21,1.2599114706873265,20
2016-09-22,1.2691372982887457,20
2016-09-23,1.2601110527196822,20
2016-09-26,1.2520918571658517,20
2016-09-27,1.2633429371409872,20
2016-09-28,1.2671312099595118,20
2016-09-29,1.2588827380635386,20
2016-09-30,1.2644050496795771,20
2016-10-03,1.2599263392951354,20
2016-10-04,1.24702564665041,20
2016-10-05,1.2576006946563953,20
2016-10-06,1.2605856383722691,20
2016-10-07,1.2525386082273082,20
2016-10-10,1.2556382426032406,20
2016-10-11,1.2329600589083638,20
2016-10-12,1.2347377493278873,20
2016-10-13,1.2297712746731915,20
2016-10-14,1.2294682439997529,20
2016-10-17,1.223177323843892,20
2016-10-18,1.2334056589191313,20
2016-10-19,1.2377992399785087,20
2016-10-20,1.2413377619286006,20
2016-10-21,1.2424723405975822,20
2016-10-24,1.2564927250171576,20
2016-10-25,1.238587614699457,20
2016-10-26,1.2179637820207525,20
2016-10-27,1.204321674027139,20
2016-10-28,1.2037041684677492,20
2016-10-31,1.20982241634604,20
2016-11-01,1.197102467734846,20
2016-11-02,1.1888274632576992,20
2016-11-03,1.1736722149867533,20
2016-11-04,1.1760766210374072,20
2016-11-07,1.2053680934071054,20
2016-11-08,1.213000945427504,20
2016-11-09,1.2174593651784438,20
2016-11-10,1.207956915495745,20
2016-11-11,1.2072262381987884,20
2016-11-14,1.2044581890546848,20
2016-11-15,1.223423194847941,20
2016-11-16,1.222789068110801,20
2016-11-17,1.2324504076795821,20
2016-11-18,1.2325638857232895,20
2016-11-21,1.2486346594920512,20
2016-11-22,1.253410837415492,20
2016-11-23,1.2581126566962442,20
2016-11-25,1.2617586647792873,20
2016-11-28,1.2503907678075326,20
2016-11-29,1.2495025977391008,20
2016-11-30,1.2513800453598356,20
2016-12-01,1.2216652462165516,20
2016-12-02,1.2268282774905959,20
2016-12-05,1.2367666542250213,20
2016-12-06,1.2424668286395573,20
2016-12-07,1.2631973245376384,20
2016-12-08,1.260140279018042,20
2016-12-09,1.2596289977652253,20
2016-12-12,1.2554789965008342,20
2016-12-13,1.2616722521276535,20
2016-12-14,1.2526637963639067,20
2016-12-15,1.2549110853086096,20
2016-12-16,1.2481167581082009,20
2016-12-19,1.247143715435025,20
2016-12-20,1.2516063417616416,20
2016-12-21,1.2496890908697404,20
2016-12-22,1.2455409335075067,20
2016-12-23,1.2459550010058416,20
2016-12-27,1.2489943090539786,20
2016-12-28,1.2339258565033762,20
2016-12-29,1.234408234668225,20
2016-12-30,1.2249271421430694,20
2017-01-03,1.2357212879191086,20
2017-01-04,1.2456560831041352,20
2017-01-05,1.2360370734046646,20
2017-01-06,1.241342390728713,20
2017-01-09,1.2348049283733977,20
2017-01-10,1.2463234743016585,20
2017-01-11,1.2535050919249713,20
2017-01-12,1.2479911302792035,20
2017-01-13,1.252497778208262,20
2017-01-17,1.2380624813340946,20
2017-01-18,1.2459865185542536,20
2017-01-19,1.2368090735462467,20
2017-01-20,1.2421584277438686,20
2017-01-23,1.230357529361585,20
2017-01-24,1.2545681950157648,20
2017-01-25,1.265561955856157,20
2017-01-26,1.2601758236733742,20
2017-01-27,1.2622433042368615,20
2017-01-30,1.2496289085094894,20
2017-01-31,1.2430791209623684,20
2017-02-01,1.243654479318934,20
2017-02-02,1.234940449449898,20
2017-02-03,1.2528113526949858,20
2017-02-06,1.2465077034534622,20
2017-02-07,1.243801969101059,20
2017-02-08,1.2445164913878666,20
2017-02-09,1.2576361450419322,20
2017-02-10,1.2635322980697454,20
2017-02-13,1.2724700515832303,20
2017-02-14,1.2830045135413368,20
2017-02-15,1.2890965993022308,20
2017-02-16,1.2883885287870194,20
2017-02-17,1.2848775935605088,20
2017-02-21,1.2973082151983726,20
2017-02-22,1.2890058907098756,20
2017-02-23,1.277794379263523,20
2017-02-24,1.2737750805335049,20
2017-02-27,1.283463141861045,20
2017-02-28,1.2773371202865285,20
2017-03-01,1.3111319073663668,20
2017-03-02,1.2878403410979615,20
2017-03-03,1.298543931482829,20
2017-03-06,1.2970427983063595,20
2017-03-07,1.2872744054805496,20
2017-03-08,1.2736875692646255,20
2017-03-09,1.2735113677774423,20
2017-03-10,1.2729248533181106,20
2017-03-13,1.272889277420631,20
2017-03-14,1.264043521138717,20
2017-03-15,1.2761317205887508,20
2017-03-16,1.2768658498408192,20
2017-03-17,1.2712751718295225,20
2017-03-20,1.2698186826178015,20
2017-03-21,1.226318959865712,20
2017-03-22,1.2318443260691527,20
2017-03-23,1.23173454126406,20
2017-03-24,1.2315311812961096,20
2017-03-27,1.2228511451142188,20
2017-03-28,1.2391980800228768,20
2017-03-29,1.2482911756390447,20
2017-03-30,1.2574314166237301,20
2017-03-31,1.2513594336085643,20
2017-04-03,1.2520792404679502,20
2017-04-04,1.2548774487180894,20
2017-04-05,1.2423194352649902,20
2017-04-06,1.2516997635237312,20
2017-04-07,1.2522862686833574,20
2017-04-10,1.2474842521107077,20
2017-04-11,1.2421539193001592,20
2017-04-12,1.2289185357921786,20
2017-04-13,1.219098887396472,20
2017-04-17,1.2283963531052342,20
2017-04-18,1.2215338529715076,20
2017-04-19,1.226479009040779,20
2017-04-20,1.2477897033443879,20
2017-04-21,1.2395686449255743,20
2017-04-24,1.2613799055501664,20
2017-04-25,1.2699366958534752,20
2017-04-26,1.2698545718234178,20
2017-04-27,1.2671829018839897,20
2017-04-28,1.2547463114942867,20
2017-05-01,1.2711832437313666,20
2017-05-02,1.2662418333693095,20
2017-05-03,1.2705504403935115,20
2017-05-04,1.2660755338420921,20
2017-05-05,1.2707450754895577,20
2017-05-08,1.272015762502752,20
2017-05-09,1.27091344440024,20
2017-05-10,1.279943524023589,20
2017-05-11,1.2767113784772792,20
2017-05-12,1.274114074269513,20
2017-05-15,1.2876199392480934,20
2017-05-16,1.2920630465758698,20
2017-05-17,1.2427270127837675,20
2017-05-18,1.2553617839313416,20
2017-05-19,1.2657700109859011,20
2017-05-22,1.2737152743504423,20
2017-05-23,1.2848359817928094,20
2017-05-24,1.2845895671549363,20
2017-05-25,1.2904011752766167,20
2017-05-26,1.287885537584899,20
2017-05-30,1.2775216008577355,20
2017-05-31,1.2692892472069823,20
2017-06-01,1.276186696987752,20
2017-06-02,1.279637954611659,20
2017-06-05,1.2756684435764654,20
2017-06-06,1.2730939182748555,20
2017-06-07,1.2812929122345131,20
2017-06-08,1.2924829209277868,20
2017-06-09,1.2791533676296838,20
2017-06-12,1.270668329289456,20
2017-06-13,1.2802876849808145,20
2017-06-14,1.2692170316100704,20
2017-06-15,1.2590482743106932,20
2017-06-16,1.2570524427256426,20
2017-06-19,1.2768535443823403,20
2017-06-20,1.261617234903937,20
2017-06-21,1.2635213464253898,20
2017-06-22,1.261525789032385,20
2017-06-23,1.2695107019443808,20
2017-06-26,1.268975130518139,20
2017-06-27,1.2574969866966,20
2017-06-28,1.278537365838087,20
2017-06-29,1.2687667460705407,20
2017-06-30,1.2663631348883249,20
2017-07-03,1.2636911312866366,20
2017-07-05,1.2814097525606205,20
2017-07-06,1.2746717443114848,20
2017-07-07,1.2935259603052387,20
2017-07-10,1.2961303984434431,20
2017-07-11,1.3016800448010475,20
2017-07-12,1.313818010837615,20
2017-07-13,1.3177238912550828,20
2017-07-14,1.3281480522105034,20
2017-07-17,1.324961551049623,20
2017-07-18,1.3332019648790874,20
2017-07-19,1.3338249421517907,20
2017-07-20,1.329120582806901,20
2017-07-21,1.3253657004755128,20
2017-07-24,1.3291297932816326,20
2017-07-25,1.3268927702424598,20
2017-07-26,1.3342595303864848,20
2017-07-27,1.3148316682772077,20
2017-07-28,1.3047793291983831,20
2017-07-31,1.2970208580801053,20
2017-08-01,1.3019430208015759,20
2017-08-02,1.2944543629030545,20
2017-08-03,1.29229824707049,20
2017-08-04,1.3017474129159807,20
2017-08-07,1.3100904655826877,20
2017-08-08,1.3075989560531354,20
2017-08-09,1.3036661224714619,20
2017-08-10,1.267649831620057,20
2017-08-11,1.2733887117331568,20
2017-08-14,1.297996486438255,20
2017-08-15,1.2998321114732752,20
2017-08-16,1.3059276379818536,20
2017-08-17,1.2689562799973575,20
2017-08-18,1.2710853230655224,20
2017-08-21,1.2627854661903413,20
2017-08-22,1.2851588036084196,20
2017-08-23,1.2801568012734532,20
2017-08-24,1.2773849586295813,20
2017-08-25,1.2799098278590981,20
2017-08-28,1.2818835379417577,20
2017-08-29,1.2742089572773925,20
2017-08-30,1.2856371162041427,20
2017-08-31,1.285305462432829,20
2017-09-01,1.2929645631898168,20
2017-09-05,1.2728491313487524,20
2017-09-06,1.2789565770124853,20
2017-09-07,1.2771291916803387,20
2017-09-08,1.2712557728723495,20
2017-09-11,1.2963329090582463,20
2017-09-12,1.3109725394099834,20
2017-09-13,1.31512146672884,20
2017-09-14,1.3178912387562665,20
2017-09-15,1.3250389742562036,20
2017-09-18,1.335660017272386,20
2017-09-19,1.3380094129009492,20
2017-09-20,1.3375573273776786,20
2017-09-21,1.341153496856887,20
2017-09-22,1.345319971811445,20
2017-09-25,1.3291250742233325,20
2017-09-26,1.3300041616711513,20
2017-09-27,1.3612167104467352,20
2017-09-28,1.3689653735402594,20
2017-09-29,1.3801589343243303,20
2017-10-02,1.3795197971617925,20
2017-10-03,1.377980633724671,20
2017-10-04,1.3766918299336188,20
2017-10-05,1.3909113905222237,20
2017-10-06,1.3985129544402775,20
2017-10-09,1.398591582057825,20
2017-10-10,1.3996123556016271,20
2017-10-11,1.4000946752538757,20
2017-10-12,1.3982148699186767,20
2017-10-13,1.4044447325255078,20
2017-10-16,1.4122656193641554,20
2017-10-17,1.408251152327788,20
2017-10-18,1.4161289969019355,20
2017-10-19,1.4125717406917522,20
2017-10-20,1.430950259415324,20
2017-10-23,1.4281985034294822,20
2017-10-24,1.4373572371787828,20
2017-10-25,1.4225980817342045,20
2017-10-26,1.4299691702546062,20
2017-10-27,1.435957392041908,20
2017-10-30,1.427974348307181,20
2017-10-31,1.432557307470287,20
2017-11-01,1.4332660637189298,20
2017-11-02,1.4480091647499738,20
2017-11-03,1.4544447122838453,20
2017-11-06,1.4585030658342266,20
2017-11-07,1.4459649602291644,20
2017-11-08,1.446165078947324,20
2017-11-09,1.4292616106238136,20
2017-11-10,1.4353087976156793,20
2017-11-13,1.4438157593951138,20
2017-11-14,1.4453118478533638,20
2017-11-15,1.438811773814221,20
2017-11-16,1.4605501925445092,20
2017-11-17,1.452361135373652,20
2017-11-20,1.4608255798409895,20
2017-11-21,1.475412626902172,20
2017-11-22,1.4733402643250395,20
2017-11-24,1.4757390408283564,20
2017-11-27,1.4658263912783154,20
2017-11-28,1.4853346601801,20
2017-11-29,1.4629843438781396,20
2017-11-30,1.4716065805994225,20
2017-12-01,1.45974804501613,20
2017-12-04,1.4282574932773362,20
2017-12-05,1.428244704543883,20
2017-12-06,1.4356839626865239,20
2017-12-07,1.4513324148515885,20
2017-12-08,1.455401332085588,20
2017-12-11,1.4565884215759466,20
2017-12-12,1.4514229676765162,20
2017-12-13,1.4539789791776225,20
2017-12-14,1.4502906343382893,20
2017-12-15,1.4570679970969314,20
2017-12-18,1.4708000925140121,20
2017-12-19,1.4661731712662014,20
2017-12-20,1.4682931962738488,20
2017-12-21,1.458061560293239,20
2017-12-22,1.4599416070457538,20
2017-12-26,1.4540093016927778,20
2017-12-27,1.4590351461865625,20
2017-12-28,1.4648999731167394,20
2017-12-29,1.4535598931220661,20
2018-01-02,1.4739733435790523,20
2018-01-03,1.4998220060579976,20
2018-01-04,1.4995416093009957,20
2018-01-05,1.5237507090085145,20
2018-01-08,1.5343488478571157,20
2018-01-09,1.5397577763500438,20
2018-01-10,1.5348615351880102,20
2018-01-11,1.5503916047888424,20
2018-01-12,1.5661926679565155,20
2018-01-16,1.5578153276549214,20
2018-01-17,1.5842365050643976,20
2018-01-18,1.5792661716609235,20
2018-01-19,1.5846081344229423,20
2018-01-22,1.5957884414576977,20
2018-01-23,1.608912999164822,20
2018-01-24,1.6026790700844724,20
2018-01-25,1.6026675511658823,20
2018-01-26,1.632431210618096,20
2018-01-29,1.6173253693313354,20
2018-01-30,1.5947601975686327,20
2018-01-31,1.596973928967215,20
2018-02-01,1.5879145551376674,20
2018-02-02,1.5521581782502114,20
2018-02-05,1.4932279443865626,20
2018-02-06,1.535407883934947,20
2018-02-07,1.535394947108649,20
2018-02-08,1.4693240631965556,20
2018-02-09,1.4884332853371658,20
2018-02-12,1.5157413186799231,20
2018-02-13,1.5217636207939482,20
2018-02-14,1.5493525760727391,20
2018-02-15,1.5576886707930868,20
2018-02-16,1.555988324211008,20
2018-02-20,1.5614218091341514,20
2018-02-21,1.554998966779389,20
2018-02-22,1.5574859213753052,20
2018-02-23,1.5860038854089835,20
2018-02-26,1.602365604178991,20
2018-02-27,1.586696312403488,20
2018-02-28,1.5762206445597104,20
2018-03-01,1.5603347366858984,20
2018-03-02,1.5738658393341762,20
2018-03-05,1.6003015310703408,20
2018-03-06,1.6194639503355563,20
2018-03-07,1.6177045729353605,20
2018-03-08,1.6199034522335987,20
2018-03-09,1.6506523049059083,20
2018-03-12,1.6486564931871097,20
2018-03-13,1.6483113803009666,20
2018-03-14,1.6425969433549865,20
2018-03-15,1.634437100525979,20
2018-03-16,1.6410903815638147,20
2018-03-19,1.6217204360794248,20
2018-03-20,1.6390136045464483,20
2018-03-21,1.641500116334025,20
2018-03-22,1.586430848988005,20
2018-03-23,1.5485587666034715,20
2018-03-26,1.5973707109936055,20
2018-03-27,1.547875098595954,20
2018-03-28,1.5319301463881774,20
2018-03-29,1.5633993337319643,20
2018-04-02,1.51978948382732,20
2018-04-03,1.5377168441564644,20
2018-04-04,1.5605563388629349,20
2018-04-05,1.5709692072264558,20
2018-04-06,1.528274863894736,20
2018-04-09,1.5310318655502548,20
2018-04-10,1.570167253733701,20
2018-04-11,1.562236696639567,20
2018-04-12,1.5865640187591519,20
2018-04-13,1.5762471035466785,20
2018-04-16,1.588137047671664,20
2018-04-17,1.6244222016953622,20
2018-04-18,1.6365801735591425,20
2018-04-19,1.6168440552351793,20
2018-04-20,1.5996485027915532,20
2018-04-23,1.595859853083051,20
2018-04-24,1.5569475967618664,20
2018-04-25,1.5625394095573042,20
2018-04-26,1.5939016843417775,20
2018-04-27,1.592113310918397,20
2018-04-30,1.5796482414894164,20
2018-05-01,1.591432816012531,20
2018-05-02,1.5824324028619217,20
2018-05-03,1.5891842924989839,20
2018-05-04,1.6101466801426894,20
2018-05-07,1.621871754321722,20
2018-05-08,1.626812228003184,20
2018-05-09,1.6500069155613404,20
2018-05-10,1.6656094578334784,20
2018-05-11,1.6689828461126124,20
2018-05-14,1.6683152290791876,20
2018-05-15,1.6592410290596353,20
2018-05-16,1.6715100200969777,20
2018-05-17,1.6677091043424082,20
2018-05-18,1.674873060886769,20
2018-05-21,1.6924840114560666,20
2018-05-22,1.67612840648861,20
2018-05-23,1.6908444800684357,20
2018-05-24,1.6959884774092622,20
2018-05-25,1.689034553388681,20
2018-05-29,1.6782339653089944,20
2018-05-30,1.6912704959925555,20
2018-05-31,1.6642735917328078,20
2018-06-01,1.6897526944109273,20
2018-06-04,1.7029767739830313,20
2018-06-05,1.7144776335344982,20
2018-06-06,1.730867569930032,20
2018-06-07,1.7198697942666108,20
2018-06-08,1.7242299012077325,20
2018-06-11,1.728025865740274,20
2018-06-12,1.7323913850685095,20
2018-06-13,1.7318821632851944,20
2018-06-14,1.7353587704481541,20
2018-06-15,1.7212910785554205,20
2018-06-18,1.7264120210484362,20
2018-06-19,1.716587063535097,20
2018-06-20,1.7246214130234068,20
2018-06-21,1.7081721296541699,20
2018-06-22,1.695874292961718,20
2018-06-25,1.6517343867549479,20
2018-06-26,1.6666732907473643,20
2018-06-27,1.6442468790899971,20
2018-06-28,1.6624431074053254,20
2018-06-29,1.66609839034231,20
2018-07-02,1.6729353859065053,20
2018-07-03,1.6600918424878486,20
2018-07-05,1.671995485272232,20
2018-07-06,1.6878492323832601,20
2018-07-09,1.7062545797852282,20
2018-07-10,1.7146643917408497,20
2018-07-11,1.6979385097182909,20
2018-07-12,1.728361849267105,20
2018-07-13,1.728509397720285,20
2018-07-16,1.72501068389069,20
2018-07-17,1.7285940674796858,20
2018-07-18,1.7338151892854607,20
2018-07-19,1.7204907472494344,20
2018-07-20,1.7127643103880676,20
2018-07-23,1.714830659639728,20
2018-07-24,1.7122427374293772,20
2018-07-25,1.7380307749878594,20
2018-07-26,1.742576867051826,20
2018-07-27,1.7145638174431035,20
2018-07-30,1.684544155349206,20
2018-07-31,1.6939487135300646,20
2018-08-01,1.6933523721538672,20
2018-08-02,1.7211960326485585,20
2018-08-03,1.7205988905750176,20
2018-08-06,1.7283065250119316,20
2018-08-07,1.739398656225142,20
2018-08-08,1.74950107164741,20
2018-08-09,1.751231402319531,20
2018-08-10,1.7426450193368057,20
2018-08-13,1.7346289025496842,20
2018-08-14,1.7574143596478868,20
2018-08-15,1.7079651143007641,20
2018-08-16,1.714115826742496,20
2018-08-17,1.7213337010987366,20
2018-08-20,1.7454729496983385,20
2018-08-21,1.7572761816048945,20
2018-08-22,1.7650034773339327,20
2018-08-23,1.771044268257739,20
2018-08-24,1.7898165357713813,20
2018-08-27,1.8017967844396838,20
2018-08-28,1.806109103455649,20
2018-08-29,1.8177921670680202,20
2018-08-30,1.8117088346209864,20
2018-08-31,1.8142949994574697,20
2018-09-04,1.816148745213203,20
2018-09-05,1.7790936999555231,20
2018-09-06,1.7690324433771976,20
2018-09-07,1.7662560176346063,20
2018-09-10,1.7724948403911072,20
2018-09-11,1.785323980428606,20
2018-09-12,1.7898305965935428,20
2018-09-13,1.7905055800398502,20
2018-09-14,1.7973800136212392,20
2018-09-17,1.7695071238551754,20
2018-09-18,1.7943233657870843,20
2018-09-19,1.7735820558507212,20
2018-09-20,1.7785081668029725,20
2018-09-21,1.7710637979390562,20
2018-09-24,1.7668279570996128,20
2018-09-25,1.7742811755588264,20
2018-09-26,1.7738826283328695,20
2018-09-27,1.775718777299928,20
2018-09-28,1.7787359827497764,20
2018-10-01,1.7916840640320741,20
2018-10-02,1.7648872729472425,20
2018-10-03,1.7764116772790453,20
2018-10-04,1.7436848790835402,20
2018-10-05,1.7315743721784511,20
2018-10-08,1.7103418317152292,20
2018-10-09,1.708524189683922,20
2018-10-10,1.6244524930602424,20
2018-10-11,1.6021632523759688,20
2018-10-12,1.651679808551622,20
2018-10-15,1.6239395430714234,20
2018-10-16,1.681766581172667,20
2018-10-17,1.6692031617604086,20
2018-10-18,1.64445394965216,20
2018-10-19,1.6082495275702802,20
2018-10-22,1.6248769865440853,20
2018-10-23,1.5995883076335413,20
2018-10-24,1.523093152818047,20
2018-10-25,1.5588433454660287,20
2018-10-26,1.507275017566614,20
2018-10-29,1.488556363757114,20
2018-10-30,1.5214859425710245,20
2018-10-31,1.5486727344386544,20
2018-11-01,1.5822447180033004,20
2018-11-02,1.5655921264205823,20
2018-11-05,1.5771413248543842,20
2018-11-06,1.5855598772074346,20
2018-11-07,1.6397267925861958,20
2018-11-08,1.6349624905319697,20
2018-11-09,1.609177760836025,20
2018-11-12,1.5630298789173458,20
2018-11-13,1.5563286014770101,20
2018-11-14,1.529607013072794,20
2018-11-15,1.5187426806778492,20
2018-11-16,1.5214926527843116,20
2018-11-19,1.4571194863073746,20
2018-11-20,1.4236261444830318,20
2018-11-21,1.4374781615083077,20
2018-11-23,1.4250119697715764,20
2018-11-26,1.461902236368331,20
2018-11-27,1.4690598579563883,20
2018-11-28,1.5257716551997307,20
2018-11-29,1.5216316995846313,20
2018-11-30,1.5255770714764467,20
2018-12-03,1.5630540096272711,20
2018-12-04,1.5010915257387665,20
2018-12-06,1.5106198683190515,20
2018-12-07,1.4518997708445147,20
2018-12-10,1.4675559425721414,20
2018-12-11,1.4638575375208909,20
2018-12-12,1.4769892466687082,20
2018-12-13,1.4616638846353993,20
2018-12-14,1.4322848807696724,20
2018-12-17,1.3885616108967498,20
2018-12-18,1.4113648050560175,20
2018-12-19,1.383246349402662,20
2018-12-20,1.3505132474472379,20
2018-12-21,1.3114771474370304,20
2018-12-24,1.2875158472753947,20
2018-12-26,1.3759570314258218,20
2018-12-27,1.3864628070057254,20
2018-12-28,1.3816400717904067,20
2018-12-31,1.4014972584790644,20
2019-01-02,1.398179702284266,20
2019-01-03,1.3532480821312396,20
2019-01-04,1.4078063683614697,20
2019-01-07,1.439296414702739,20
2019-01-08,1.4599318000575068,20
2019-01-09,1.4804434364504098,20
2019-01-10,1.4675181320152149,20
2019-01-11,1.4644531777279632,20
2019-01-14,1.45533059215039,20
2019-01-15,1.489152153277249,20
2019-01-16,1.487490772561624,20
2019-01-17,1.5066974925517957,20
2019-01-18,1.521471461117255,20
2019-01-22,1.4885113271880217,20
2019-01-23,1.4887771268637282,20
2019-01-24,1.4959177362630711,20
2019-01-25,1.5164550024780594,20
2019-01-28,1.4982014206294154,20
2019-01-29,1.4910100151640344,20
2019-01-30,1.526996199142288,20
2019-01-31,1.5433608694893477,20
2019-02-01,1.5499690939632218,20
2019-02-04,1.5610441623567548,20
2019-02-05,1.5690178435827755,20
2019-02-06,1.571239632135011,20
2019-02-07,1.5643796637274439,20
2019-02-08,1.5786420896066287,20
2019-02-11,1.591787319217905,20
2019-02-12,1.6133044669098682,20
2019-02-13,1.609145603004602,20
2019-02-14,1.6111849740339586,20
2019-02-15,1.6197072527613454,20
2019-02-19,1.6217214557736044,20
2019-02-20,1.6228694821706557,20
2019-02-21,1.6212049545297467,20
2019-02-22,1.6306518495228897,20
2019-02-25,1.6327235153954343,20
2019-02-26,1.6304046181658374,20
2019-02-27,1.6373565069135345,20
2019-02-28,1.6328821402653364,20
2019-03-01,1.6415230064159587,20
2019-03-04,1.618758687501698,20
2019-03-05,1.6124185605422805,20
2019-03-06,1.5975543322892038,20
2019-03-07,1.5860438312293,20
2019-03-08,1.5760551008845765,20
2019-03-11,1.600524963445296,20
2019-03-12,1.6034642305089009,20
2019-03-13,1.6161582522503866,20
2019-03-14,1.6153108798783757,20
2019-03-15,1.6147710325823559,20
2019-03-18,1.6199997742324153,20
2019-03-19,1.6199189742761844,20
2019-03-20,1.6118025779396226,20
2019-03-21,1.6349974623016827,20
2019-03-22,1.592966461321976,20
2019-03-25,1.596861781592012,20
2019-03-26,1.6007360032318096,20
2019-03-27,1.5895772932343053,20
2019-03-28,1.603543942779254,20
2019-03-29,1.6174185378170276,20
2019-04-01,1.6374729112722282,20
2019-04-02,1.6350647837486325,20
2019-04-03,1.639406855793508,20
2019-04-04,1.6358477294337257,20
2019-04-05,1.6380789763490995,20
2019-04-08,1.6354599546420028,20
2019-04-09,1.6267880360621063,20
2019-04-10,1.6376231217258093,20
2019-04-11,1.6403104640690864,20
2019-04-12,1.651605403672018,20
2019-04-15,1.6481337510539757,20
2019-04-16,1.6502764408082722,20
2019-04-17,1.6339778482280884,20
2019-04-18,1.6393047858682286,20
2019-04-22,1.6308122375494134,20
2019-04-23,1.6481747836952618,20
2019-04-24,1.6475240833370324,20
2019-04-25,1.6539998337855302,20
2019-04-26,1.6647648311862533,20
2019-04-29,1.6636128120886737,20
2019-04-30,1.670509772642125,20
2019-05-01,1.646464641926002,20
2019-05-02,1.6477581112282653,20
2019-05-03,1.656353851859751,20
2019-05-06,1.6458066289682958,20
2019-05-07,1.6113139738327682,20
2019-05-08,1.6124491877886542,20
2019-05-09,1.6155834313124438,20
2019-05-10,1.6223716975860094,20
2019-05-13,1.583401216178399,20
2019-05-14,1.6089846777671983,20
2019-05-15,1.616983643216138,20
2019-05-16,1.6332237613308627,20
2019-05-17,1.6213265229438274,20
2019-05-20,1.6085756236972388,20
2019-05-21,1.6214037085826012,20
2019-05-22,1.6107182006525733,20
2019-05-23,1.5810589557844545,20
2019-05-24,1.5835906044016346,20
2019-05-28,1.5731943168112728,20
2019-05-29,1.5647430036940706,20
2019-05-30,1.5791339922099068,20
2019-05-31,1.5592818853026078,20
2019-06-03,1.5430066607479755,20
2019-06-04,1.5832264845116786,20
2019-06-05,1.6074947377709043,20
2019-06-06,1.618859285156465,20
2019-06-07,1.6403611164299308,20
2019-06-10,1.6436506318076471,20
2019-06-11,1.6419187290353223,20
2019-06-12,1.6378146877765873,20
2019-06-13,1.642080867559619,20
2019-06-14,1.6296968426302603,20
2019-06-17,1.6260293968592439,20
2019-06-18,1.645555066748961,20
2019-06-19,1.658885121836331,20
2019-06-20,1.679505867757652,20
2019-06-21,1.6700298058950327,20
2019-06-24,1.6653822604317794,20
2019-06-25,1.6433897942105962,20
2019-06-26,1.6422562533497913,20
2019-06-27,1.6475339835914427,20
2019-06-28,1.6578492141138343,20
2019-07-01,1.6767822445818683,20
2019-07-02,1.6816710038773706,20
2019-07-03,1.6955083347198074,20
2019-07-05,1.6922496827174207,20
2019-07-08,1.6822141996044528,20
2019-07-09,1.6887784303420754,20
2019-07-10,1.692573551579061,20
2019-07-11,1.7027102640509195,20
2019-07-12,1.709384417404649,20
2019-07-15,1.7083924217595903,20
2019-07-16,1.7042508192224923,20
2019-07-17,1.6819134483471498,20
2019-07-18,1.6965355288505237,20
2019-07-19,1.687735138239724,20
2019-07-22,1.6954785273461155,20
2019-07-23,1.7001092078080149,20
2019-07-24,1.719704142435671,20
2019-07-25,1.7068630047375657,20
2019-07-26,1.7092513852017945,20
2019-07-29,1.7043024232384973,20
2019-07-30,1.698837321186859,20
2019-07-31,1.6745086902854731,20
2019-08-01,1.6672528673648765,20
2019-08-02,1.6513203121912419,20
2019-08-05,1.5928717414621016,20
2019-08-06,1.6196534518774572,20
2019-08-07,1.624020995216538,20
2019-08-08,1.6576984317894208,20
2019-08-09,1.6514915419354856,20
2019-08-12,1.624840216614386,20
2019-08-13,1.6555645625693218,20
2019-08-14,1.6010117608590182,20
2019-08-15,1.6035619123704192,20
2019-08-16,1.6269380305547494,20
2019-08-19,1.6461100827167345,20
2019-08-20,1.6359918613599396,20
2019-08-21,1.652362478107725,20
2019-08-22,1.6450854290374686,20
2019-08-23,1.5933132563040524,20
2019-08-26,1.6135232035630265,20
2019-08-27,1.6147103884200338,20
2019-08-28,1.6211613832897942,20
2019-08-29,1.645076296084103,20
2019-08-30,1.6444506902894171,20
2019-09-03,1.626753686495237,20
2019-09-04,1.6464105101319924,20
2019-09-05,1.6804067520698354,20
2019-09-06,1.6837234458366068,20
2019-09-09,1.6581498569308215,20
2019-09-10,1.6387529821062798,20
2019-09-11,1.6420924814388855,20
2019-09-12,1.6541255066521128,20
2019-09-13,1.6396844534633876,20
2019-09-16,1.6348558299360252,20
2019-09-17,1.6470036977146492,20
2019-09-18,1.6443786349705707,20
2019-09-19,1.6432732325292687,20
2019-09-20,1.6364510810611361,20
2019-09-23,1.6374009993241971,20
2019-09-24,1.6261136298625984,20
2019-09-25,1.6309029294130934,20
2019-09-26,1.6288751121649403,20
2019-09-27,1.6093288510467618,20
2019-09-30,1.6220752786508381,20
2019-10-01,1.605069244329074,20
2019-10-02,1.580555517309029,20
2019-10-03,1.601440351818139,20
2019-10-04,1.6286672148047323,20
2019-10-07,1.6152387621283135,20
2019-10-08,1.5881560496516247,20
2019-10-09,1.6102650813634145,20
2019-10-10,1.6167384899125357,20
2019-10-11,1.628950270969939,20
2019-10-14,1.628373097394448,20
2019-10-15,1.64278376613925,20
2019-10-16,1.6309223911584232,20
2019-10-17,1.6325283444200922,20
2019-10-18,1.621145883545685,20
2019-10-21,1.6272774131635088,20
2019-10-22,1.6030836521351643,20
2019-10-23,1.602578620238264,20
2019-10-24,1.6383598174768768,20
2019-10-25,1.6436907435328527,20
2019-10-28,1.6590562937218112,20
2019-10-29,1.6566041460585734,20
2019-10-30,1.6661902875795538,20
2019-10-31,1.653643675213728,20
2019-11-01,1.6714317827079637,20
2019-11-04,1.6725015860502057,20
2019-11-05,1.6641148066614826,20
2019-11-06,1.6602103827923909,20
2019-11-07,1.6641711394077436,20
2019-11-08,1.6670360170001306,20
2019-11-11,1.6686291034343712,20
2019-11-12,1.6712429037939418,20
2019-11-13,1.6772566220714744,20
2019-11-14,1.6839500938888388,20
2019-11-15,1.7077844966609164,20
2019-11-18,1.7022149427335493,20
2019-11-19,1.7042281892259887,20
2019-11-20,1.6961082792264914,20
2019-11-21,1.6800837756437992,20
2019-11-22,1.6770209500914999,20
2019-11-25,1.7006104864087137,20
2019-11-26,1.7034053994996659,20
2019-11-27,1.71575565625921,20
2019-11-29,1.7052837384570048,20
2019-12-02,1.6824088786004225,20
2019-12-03,1.6704533872941845,20
2019-12-04,1.6781917646193325,20
2019-12-05,1.6822255729933515,20
2019-12-06,1.6933354522645458,20
2019-12-09,1.6825951651883142,20
2019-12-10,1.680684495067676,20
2019-12-11,1.6999534990495337,20
2019-12-12,1.7242103293338238,20
2019-12-13,1.7196906383895512,20
2019-12-16,1.7342671564503547,20
2019-12-17,1.7435919177574675,20
2019-12-18,1.7401275262538582,20
2019-12-19,1.7488499560583008,20
2019-12-20,1.767542329533828,20
2019-12-23,1.762930019868433,20
2019-12-24,1.7643176888170486,20
2019-12-26,1.76740330990315,20
2019-12-27,1.7662108361545743,20
2019-12-30,1.7583674156612492,20
2019-12-31,1.762626264707889,20
2020-01-02,1.7818375517265403,20
2020-01-03,1.7650172737105598,20
2020-01-06,1.7596897845195938,20
2020-01-07,1.7642530319065115,20
2020-01-08,1.7739281461076863,20
2020-01-09,1.7928770181313276,20
2020-01-10,1.7908858867098287,20
2020-01-13,1.8085497870619947,20
2020-01-14,1.8089260048182276,20
2020-01-15,1.815370924770219,20
2020-01-16,1.8402243885575686,20
2020-01-17,1.8460913316007124,20
2020-01-21,1.8417218938571993,20
2020-01-22,1.8459196807623846,20
2020-01-23,1.845245334849311,20
2020-01-24,1.819832212687698,20
2020-01-27,1.7798186181647533,20
2020-01-28,1.8133112080311389,20
2020-01-29,1.8075522460653217,20
2020-01-30,1.830792217037262,20
2020-01-31,1.7770937458171476,20
2020-02-03,1.803895037469464,20
2020-02-04,1.8444960703880293,20
2020-02-05,1.862044834376266,20
2020-02-06,1.8692751350208647,20
2020-02-07,1.844565621071887,20
2020-02-10,1.8629036946661799,20
2020-02-11,1.8687843897341172,20
2020-02-12,1.8833081546587942,20
2020-02-13,1.885214787622846,20
2020-02-14,1.8822936530783012,20
2020-02-18,1.8616259020329766,20
2020-02-19,1.8796802149548755,20
2020-02-20,1.8594887202278234,20
2020-02-21,1.8252551491514792,20
2020-02-24,1.760718039269176,20
2020-02-25,1.707637146341251,20
2020-02-26,1.6993760742378126,20
2020-02-27,1.6263595865432663,20
2020-02-28,1.6209756585875308,20
2020-03-02,1.6913546404566127,20
2020-03-03,1.6379887939198599,20
2020-03-04,1.7090516486805298,20
2020-03-05,1.6503648538929736,20
2020-03-06,1.619743112945947,20
2020-03-09,1.4963700661909465,20
2020-03-10,1.5906222648113857,20
2020-03-11,1.5164725734765614,20
2020-03-12,1.3778014092109343,20
2020-03-13,1.5005265063729643,20
2020-03-16,1.3036976496782176,20
2020-03-17,1.3802601773161598,20
2020-03-18,1.2862058106843157,20
2020-03-19,1.300085545354058,20
2020-03-20,1.238595956211829,20
2020-03-23,1.220447329287768,20
2020-03-24,1.3707363396438195,20
2020-03-25,1.4029016932822191,20
2020-03-26,1.4864584421723706,20
2020-03-27,1.4216359320927199,20
2020-03-30,1.458788240622503,20
2020-03-31,1.4179406876882077,20
2020-04-01,1.3357422845818343,20
2020-04-02,1.3533098664836234,20
2020-04-03,1.3168504796088796,20
2020-04-06,1.4501774693297114,20
2020-04-07,1.452657932493362,20
2020-04-08,1.5134827549086023,20
2020-04-09,1.5231478911588658,20
2020-04-13,1.5053902111293551,20
2020-04-14,1.5695508237154825,20
2020-04-15,1.517486662723786,20
2020-04-16,1.5349218206528215,20
2020-04-17,1.5765535397783172,20
2020-04-20,1.5301623717418362,20
2020-04-21,1.4758850815594335,20
2020-04-22,1.529021174883982,20
2020-04-23,1.5145516257783733,20
2020-04-24,1.546277892635741,20
2020-04-27,1.5712644691222142,20
2020-04-28,1.571658527504419,20
2020-04-29,1.6280611010796509,20
2020-04-30,1.5874028620980316,20
2020-05-01,1.5417456606223428,20
2020-05-04,1.562892082185807,20
2020-05-05,1.5871055820651392,20
2020-05-06,1.5714936911401962,20
2020-05-07,1.5855531896911756,20
2020-05-08,1.6131485512332642,20
2020-05-11,1.6312584474553287,20
2020-05-12,1.5917750210736652,20
2020-05-13,1.5736569363290993,20
2020-05-14,1.601376675824248,20
2020-05-15,1.6018906372008241,20
2020-05-18,1.633768614049232,20
2020-05-19,1.6241814311812888,20
2020-05-20,1.6393322056056792,20
2020-05-21,1.6132955532945086,20
2020-05-22,1.628510031690505,20
2020-05-26,1.6213428507245982,20
2020-05-27,1.6490106006756236,20
2020-05-28,1.664163912992468,20
2020-05-29,1.6892137322057537,20
2020-06-01,1.6878059651194581,20
2020-06-02,1.6934585665814381,20
2020-06-03,1.7074760094281187,20
2020-06-04,1.6982635752591195,20
2020-06-05,1.7408009200980907,20
2020-06-08,1.7395815818099292,20
2020-06-09,1.7412745993498289,20
2020-06-10,1.7462895151940452,20
2020-06-11,1.6447168394679166,20
2020-06-12,1.6586110293668916,20
2020-06-15,1.6811277071353894,20
2020-06-16,1.7141725772058043,20
2020-06-17,1.7230350735250162,20
2020-06-18,1.7156326420512507,20
2020-06-19,1.7256570209598063,20
2020-06-22,1.734816272647001,20
2020-06-23,1.7346490403235586,20
2020-06-24,1.6979741887718323,20
2020-06-25,1.7152299892844365,20
2020-06-26,1.6837417678636761,20
2020-06-29,1.696595735490755,20
2020-06-30,1.7356037355561276,20
2020-07-01,1.7459901258389015,20
2020-07-02,1.7554302638427712,20
2020-07-06,1.7880061370625908,20
2020-07-07,1.7757116098851577,20
2020-07-08,1.797213054062145,20
2020-07-09,1.8101969903269632,20
2020-07-10,1.8059605018835843,20
2020-07-13,1.7544824071258132,20
2020-07-14,1.780207387552672,20
2020-07-15,1.7773451917510539,20
2020-07-16,1.7642973309868586,20
2020-07-17,1.7804479692739863,20
2020-07-20,1.8275412241208386,20
2020-07-21,1.8114113271038002,20
2020-07-22,1.831472288453474,20
2020-07-23,1.793611416340254,20
2020-07-24,1.7740907297044692,20
2020-07-27,1.8087702674652884,20
2020-07-28,1.7904787593821396,20
2020-07-29,1.8320388058149855,20
2020-07-30,1.8471314053559644,20
2020-07-31,1.8625518642059316,20
2020-08-03,1.8830871358474943,20
2020-08-04,1.896889539667228,20
2020-08-05,1.8994630625226272,20
2020-08-06,1.908459081752211,20
2020-08-07,1.8933225742743818,20
2020-08-10,1.8855118321860664,20
2020-08-11,1.8425472704297408,20
2020-08-12,1.8949365877316102,20
2020-08-13,1.896969176643265,20
2020-08-14,1.8980835740238255,20
2020-08-17,1.9245103779226662,20
2020-08-18,1.9185893650363126,20
2020-08-19,1.9050339352297596,20
2020-08-20,1.9195541559062876,20
2020-08-21,1.9269600301273286,20
2020-08-24,1.931323160010444,20
2020-08-25,1.9521104005083092,20
2020-08-26,1.9786910482914595,20
2020-08-27,1.9562790278339564,20
2020-08-28,1.979795287075107,20
2020-08-31,1.9853756572231536,20
2020-09-01,2.0273662644082324,20
2020-09-02,2.053007136603059,20
2020-09-03,1.934595088107698,20
2020-09-04,1.8975424770813256,20
2020-09-08,1.8208430209008162,20
2020-09-09,1.8745601697888994,20
2020-09-10,1.8446920063748526,20
2020-09-11,1.83701065783571,20
2020-09-14,1.872490330260404,20
2020-09-15,1.8889950567136191,20
2020-09-16,1.8623336375617119,20
2020-09-17,1.8445557078569004,20
2020-09-18,1.8301519499933188,20
2020-09-21,1.84005440799215,20
2020-09-22,1.8681139243172424,20
2020-09-23,1.8191669889177653,20
2020-09-24,1.8337131523042172,20
2020-09-25,1.8670041921419371,20
2020-09-28,1.904311010174518,20
2020-09-29,1.9055286011428798,20
2020-09-30,1.9177741313400358,20
2020-10-01,1.94384783218813,20
2020-10-02,1.9069803645275916,20
2020-10-05,1.9511457558230527,20
2020-10-06,1.9189458210412083,20
2020-10-07,1.966558655274198,20
2020-10-08,1.969588239455144,20
2020-10-09,1.996779524611125,20
2020-10-12,2.0265712973561096,20
2020-10-13,2.0395226631702754,20
2020-10-14,2.022032169998115,20
2020-10-15,2.0254207393344243,20
2020-10-16,2.0209274422444294,20
2020-10-19,1.9937842355063704,20
2020-10-20,2.0039852554096624,20
2020-10-21,1.9846239883316494,20
2020-10-22,1.9673106063687582,20
2020-10-23,1.9879219286066399,20
2020-10-26,1.950289073247948,20
2020-10-27,1.9493207637487957,20
2020-10-28,1.8763465055510808,20
2020-10-29,1.8921364610655653,20
2020-10-30,1.8373637670886538,20
2020-11-02,1.8540715201419378,20
2020-11-03,1.8973394418388763,20
2020-11-04,1.9705183678577756,20
2020-11-05,2.02666957059024,20
2020-11-06,2.0439757355889197,20
2020-11-09,1.9552600767325872,20
2020-11-10,1.9227255591858643,20
2020-11-11,1.981280737986124,20
2020-11-12,1.9643591857637488,20
2020-11-13,1.9765914002229648,20
2020-11-16,2.0039631979404304,20
2020-11-17,2.005778450437345,20
2020-11-18,1.984801850245494,20
2020-11-19,2.0111150694682394,20
2020-11-20,2.000235117239591,20
2020-11-23,2.019740434514108,20
2020-11-24,2.0220245326988264,20
2020-11-25,2.037354343741859,20
2020-11-27,2.0629843831273207,20
2020-11-30,2.072005245389905,20
2020-12-01,2.088522684996935,20
2020-12-02,2.08159250037108,20
2020-12-03,2.082931280180659,20
2020-12-04,2.1077362224674547,20
2020-12-07,2.11628161437918,20
2020-12-08,2.127699234349847,20
2020-12-09,2.088198655835088,20
2020-12-10,2.0998893210357354,20
2020-12-11,2.0928118041003096,20
2020-12-14,2.102971112846277,20
2020-12-15,2.133349934116859,20
2020-12-16,2.1528494755267245,20
2020-12-17,2.1667686282299816,20
2020-12-18,2.161300035323811,20
2020-12-21,2.155701658753142,20
2020-12-22,2.1714757233470374,20
2020-12-23,2.1479430525881984,20
2020-12-24,2.1564279782622156,20
2020-12-28,2.1452475396126016,20
2020-12-29,2.1333455216690043,20
2020-12-30,2.1535588323603063,20
2020-12-31,2.145612896059273,20
2021-01-04,2.119628912924593,20
2021-01-05,2.1507541573033495,20
2021-01-06,2.1267694246562057,20
2021-01-07,2.1863869521401393,20
2021-01-08,2.2117324455754983,20
2021-01-11,2.201648824794058,20
2021-01-12,2.221350370142037,20
2021-01-13,2.222086584819781,20
2021-01-14,2.2316176224686783,20
2021-01-15,2.1968017781635307,20
2021-01-19,2.2491223034623182,20
2021-01-20,2.2597811172232505,20
2021-01-21,2.270413701363061,20
2021-01-22,2.2768770759278936,20
2021-01-25,2.282115171858107,20
2021-01-26,2.2535792693364023,20
2021-01-27,2.173503796669735,20
2021-01-28,2.203235924657427,20
2021-01-29,2.1556977123887386,20
2021-02-01,2.213873239913721,20
2021-02-02,2.263522073392909,20
2021-02-03,2.2513819809441507,20
2021-02-04,2.285315086009911,20
2021-02-05,2.302134712748849,20
2021-02-08,2.337820084546958,20
2021-02-09,2.331853447634296,20
2021-02-10,2.3261324752446977,20
2021-02-11,2.351012441868908,20
2021-02-12,2.378127297377287,20
2021-02-16,2.3659969427262917,20
2021-02-17,2.346704669629147,20
2021-02-18,2.3276681225540976,20
2021-02-19,2.35922609957743,20
2021-02-22,2.274637048201203,20
2021-02-23,2.261811212518444,20
2021-02-24,2.2996667320472564,20
2021-02-25,2.1945795772547765,20
2021-02-26,2.22546919955166,20
2021-03-01,2.3263820252940537,20
2021-03-02,2.2699901087403553,20
2021-03-03,2.191311309677997,20
2021-03-04,2.097466542897801,20
2021-03-05,2.131698997624976,20
2021-03-08,2.043879217690442,20
2021-03-09,2.1535062157962734,20
2021-03-10,2.143380601719809,20
2021-03-11,2.2333571841698676,20
2021-03-12,2.221107380827816,20
2021-03-15,2.2525157510920084,20
2021-03-16,2.239312335451341,20
2021-03-17,2.256485453950496,20
2021-03-18,2.18222231842585,20
2021-03-19,2.2015977569032184,20
2021-03-22,2.23508486836228,20
2021-03-23,2.1825027974816593,20
2021-03-24,2.139954474139027,20
2021-03-25,2.146621715807962,20
2021-03-26,2.214088313301551,20
2021-03-29,2.1779725861326553,20
2021-03-30,2.1918178518340605,20
2021-03-31,2.239126201006123,20
2021-04-01,2.30911141142582,20
2021-04-05,2.3221454503321333,20
2021-04-06,2.328251294320793,20
2021-04-07,2.309994894339801,20
2021-04-08,2.3326513440364223,20
2021-04-09,2.33542290733701,20
2021-04-12,2.3315577954218183,20
2021-04-13,2.3314717168036734,20
2021-04-14,2.3548767099247567,20
2021-04-15,2.3615777818675867,20
2021-04-16,2.361274538366146,20
2021-04-19,2.323064052650102,20
2021-04-20,2.2679569033525304,20
2021-04-21,2.3208762445218385,20
2021-04-22,2.2933328810848224,20
2021-04-23,2.342938874655831,20
2021-04-26,2.3768792198266375,20
2021-04-27,2.382212844132158,20
2021-04-28,2.400813512894246,20
2021-04-29,2.394157263187341,20
2021-04-30,2.3515060470463336,20
2021-05-03,2.355349490173534,20
2021-05-04,2.33249370031293,20
2021-05-05,2.3679823934499313,20
2021-05-06,2.344039756550501,20
2021-05-07,2.404588402154617,20
2021-05-10,2.345683441765576,20
2021-05-11,2.3352838466553156,20
2021-05-12,2.2403408023382183,20
2021-05-13,2.2654684156529985,20
2021-05-14,2.328152630848139,20
2021-05-17,2.3401360859381186,20
2021-05-18,2.3176953721581137,20
2021-05-19,2.2912111947942324,20
2021-05-20,2.323537377988577,20
2021-05-21,2.3124866350628235,20
2021-05-24,2.3436929089743,20
2021-05-25,2.33502389551578,20
2021-05-26,2.364062510586864,20
2021-05-27,2.4053116681102735,20
2021-05-28,2.3938088082226816,20
2021-06-01,2.407804610858591,20
2021-06-02,2.400825353207892,20
2021-06-03,2.3784305171821787,20
2021-06-04,2.384021728460724,20
2021-06-07,2.3904682794964534,20
2021-06-08,2.398890723434934,20
2021-06-09,2.3642313317921313,20
2021-06-10,2.351490960820907,20
2021-06-11,2.375980594878334,20
2021-06-14,2.34252570538408,20
2021-06-15,2.3339260757509788,20
2021-06-16,2.325813184731714,20
2021-06-17,2.2731604126577776,20
2021-06-18,2.2298303783357287,20
2021-06-21,2.276926423956596,20
2021-06-22,2.2893609009376874,20
2021-06-23,2.308899767522478,20
2021-06-24,2.3359392329169544,20
2021-06-25,2.34548666068295,20
2021-06-28,2.3408758577276467,20
2021-06-29,2.3448214000556935,20
2021-06-30,2.362522928534364,20
2021-07-01,2.3633500404814765,20
2021-07-02,2.35351821623064,20
2021-07-06,2.2998816383558567,20
2021-07-07,2.2820991320928354,20
2021-07-08,2.2501335322151275,20
2021-07-09,2.3195100500554284,20
2021-07-12,2.3391510755797857,20
2021-07-13,2.305430297335168,20
2021-07-14,2.2645431626589776,20
2021-07-15,2.246612631540528,20
2021-07-16,2.181791966313267,20
2021-07-19,2.1368754162079164,20
2021-07-20,2.2015762984079124,20
2021-07-21,2.2705043453960108,20
2021-07-22,2.247648620043188,20
2021-07-23,2.248518404087107,20
2021-07-26,2.2813936476890477,20
2021-07-27,2.252509147086926,20
2021-07-28,2.268874118038731,20
2021-07-29,2.2926460633673442,20
2021-07-30,2.2917653042802897,20
2021-08-02,2.2665032038194886,20
2021-08-03,2.312794579582001,20
2021-08-04,2.2760846152804017,20
2021-08-05,2.317003722159776,20
2021-08-06,2.3409945874048748,20
2021-08-09,2.360151122180492,20
2021-08-10,2.390471764105599,20
2021-08-11,2.394000800736374,20
2021-08-12,2.399170495989324,20
2021-08-13,2.368829709468685,20
2021-08-16,2.3247062242884926,20
2021-08-17,2.2710519893656276,20
2021-08-18,2.253914316861159,20
2021-08-19,2.1955077617156054,20
2021-08-20,2.2174934194515057,20
2021-08-23,2.2840429781562777,20
2021-08-24,2.3255802335894282,20
2021-08-25,2.3546665759131864,20
2021-08-26,2.3288127913316474,20
2021-08-27,2.38772183108234,20
2021-08-30,2.3438166885999476,20
2021-08-31,2.336156174251896,20
2021-09-01,2.308629407259223,20
2021-09-02,2.333165839565273,20
2021-09-03,2.3277473649199156,20
2021-09-07,2.32640396147204,20
2021-09-08,2.278964695290662,20
2021-09-09,2.3117612112489097,20
2021-09-10,2.304108841857628,20
2021-09-13,2.317840057275559,20
2021-09-14,2.291023595675848,20
2021-09-15,2.3574165732522294,20
2021-09-16,2.3478722462266366,20
2021-09-17,2.3272547744668057,20
2021-09-20,2.2376541721663337,20
2021-09-21,2.240945088414808,20
2021-09-22,2.302314753123577,20
2021-09-23,2.370546433888198,20
2021-09-24,2.364846797102292,20
2021-09-27,2.422326813374461,20
2021-09-28,2.3755138557797264,20
2021-09-29,2.3583723413493827,20
2021-09-30,2.3203722226916157,20
2021-10-01,2.377012647172496,20
2021-10-04,2.38028644488878,20
2021-10-05,2.4123745199443936,20
2021-10-06,2.390215785364101,20
2021-10-07,2.4276374378884578,20
2021-10-08,2.4486018758539987,20
2021-10-11,2.438745014286593,20
2021-10-12,2.4438769236100586,20
2021-10-13,2.4438850437828563,20
2021-10-14,2.4876680287689377,20
2021-10-15,2.5095053220989403,20
2021-10-18,2.529410901555319,20
2021-10-19,2.5390579785608995,20
2021-10-20,2.5568979118651893,20
2021-10-21,2.521094081914525,20
2021-10-22,2.5373855291238745,20
2021-10-25,2.5746486996348756,20
2021-10-26,2.582444326756386,20
2021-10-27,2.497138871091681,20
2021-10-28,2.533202330795299,20
2021-10-29,2.5177225068651072,20
2021-11-01,2.56279966865596,20
2021-11-02,2.5581838092977462,20
2021-11-03,2.5580185481570257,20
2021-11-04,2.551561164628279,20
2021-11-05,2.5854061705475337,20
2021-11-08,2.6315748134146673,20
2021-11-09,2.6141535279453256,20
2021-11-10,2.5405327099267385,20
2021-11-11,2.583585165594304,20
2021-11-12,2.5954524750830226,20
2021-11-15,2.5921374088511233,20
2021-11-16,2.581648751746546,20
2021-11-17,2.5271299525644584,20
2021-11-18,2.539440966770093,20
2021-11-19,2.4644408279467984,20
2021-11-22,2.4966234706112123,20
2021-11-23,2.5687219015964597,20
2021-11-24,2.582822892947671,20
2021-11-26,2.4709479681312803,20
2021-11-29,2.4951889684958872,20
2021-11-30,2.4174745847056203,20
2021-12-01,2.358738590670644,20
2021-12-02,2.4242810093641025,20
2021-12-03,2.3842186137152734,20
2021-12-06,2.4121536077279204,20
2021-12-07,2.514866027379997,20
2021-12-08,2.5040293241613876,20
2021-12-09,2.4628269207716493,20
2021-12-10,2.4874377764196205,20
2021-12-13,2.410314306155007,20
2021-12-14,2.4008040182600814,20
2021-12-15,2.400526931540788,20
2021-12-16,2.3997474716020157,20
2021-12-17,2.3728927296749527,20
2021-12-20,2.3160452677894403,20
2021-12-21,2.4083939756502755,20
2021-12-22,2.442566626401134,20
2021-12-23,2.462334844958358,20
2021-12-27,2.532205205516785,20
2021-12-28,2.512704414917391,20
2021-12-29,2.505199418484352,20
2021-12-30,2.4826116922982036,20
2021-12-31,2.480323393773699,20
2022-01-03,2.535583258928527,20
2022-01-04,2.60410761194351,20
2022-01-05,2.54585351921225,20
2022-01-06,2.5835431274219625,20
2022-01-07,2.570153779164448,20
2022-01-10,2.5629317512195855,20
2022-01-11,2.623108255390264,20
2022-01-12,2.6433584955350744,20
2022-01-13,2.607049169986179,20
2022-01-14,2.6466468071862663,20
2022-01-18,2.5993135543875168,20
2022-01-19,2.543992952354021,20
2022-01-20,2.4882303666319223,20
2022-01-21,2.4074224266472593,20
2022-01-24,2.437102957897696,20
2022-01-25,2.4707663527234294,20
2022-01-26,2.4764078724983345,20
2022-01-27,2.4709067703328067,20
2022-01-28,2.497532964804356,20
2022-01-31,2.5332779008047535,20
2022-02-01,2.5943935778042775,20
2022-02-02,2.6250274260825597,20
2022-02-03,2.5739646821404385,20
2022-02-04,2.584982917924912,20
2022-02-07,2.580889467491724,20
2022-02-08,2.5775666702013873,20
2022-02-09,2.637680731193199,20
2022-02-10,2.6200619736577484,20
2022-02-11,2.606419271277301,20
2022-02-14,2.5511650023904577,20
2022-02-15,2.5791228094702383,20
2022-02-16,2.601109346297601,20
2022-02-17,2.5757578861187236,20
2022-02-18,2.5620711607444746,20
2022-02-22,2.5067389620116827,20
2022-02-23,2.4765162981705133,20
2022-02-24,2.5264415265556868,20
2022-02-25,2.602281253532067,20
2022-02-28,2.6507696599181974,20
2022-03-01,2.622396845050705,20
2022-03-02,2.6917832322056965,20
2022-03-03,2.683609762407293,20
2022-03-04,2.6967946976177664,20
2022-03-07,2.6501170563296514,20
2022-03-08,2.6220063840227823,20
2022-03-09,2.636491263047207,20
2022-03-10,2.679403165906557,20
2022-03-11,2.6443741386846753,20
2022-03-14,2.5886930139666364,20
2022-03-15,2.6047585596614176,20
2022-03-16,2.618544825607988,20
2022-03-17,2.7011870922423142,20
2022-03-18,2.7266754907136694,20
2022-03-21,2.7747120384546724,20
2022-03-22,2.7893930586024025,20
2022-03-23,2.7915908495067927,20
2022-03-24,2.826544589865777,20
2022-03-25,2.8514447634578817,20
2022-03-28,2.8093733357156982,20
2022-03-29,2.822502626735674,20
2022-03-30,2.8004754908483847,20
2022-03-31,2.7637329763078187,20
2022-04-01,2.784589399949483,20
2022-04-04,2.8060354893276513,20
2022-04-05,2.747265386641364,20
2022-04-06,2.70994195780757,20
2022-04-07,2.733741000419943,20
2022-04-08,2.767506677849489,20
2022-04-11,2.7146295063511636,20
2022-04-12,2.745057120923956,20
2022-04-13,2.8000391773314757,20
2022-04-14,2.7669459420188427,20
2022-04-18,2.786641783129055,20
2022-04-19,2.813944632308079,20
2022-04-20,2.8254292279436974,20
2022-04-21,2.738344763032294,20
2022-04-22,2.6288757744444387,20
2022-04-25,2.5994085571709755,20
2022-04-26,2.536589316302441,20
2022-04-27,2.556109690087808,20
2022-04-28,2.6032949712169127,20
2022-04-29,2.5198764049450855,20
2022-05-02,2.5399918690260557,20
2022-05-03,2.604483468188108,20
2022-05-04,2.7030948890383732,20
2022-05-05,2.5867452362469745,20
2022-05-06,2.5980276930002413,20
2022-05-09,2.390100560297408,20
2022-05-10,2.424847768735353,20
2022-05-11,2.3990203265507213,20
2022-05-12,2.3912855047079598,20
2022-05-13,2.505084756933968,20
2022-05-16,2.496430636460493,20
2022-05-17,2.5601778201536645,20
2022-05-18,2.4381619679613675,20
2022-05-19,2.4399699446510184,20
2022-05-20,2.424786125577602,20
2022-05-23,2.490529819502891,20
2022-05-24,2.4491386325477174,20
2022-05-25,2.5133411797380445,20
2022-05-26,2.5817067720067866,20
2022-05-27,2.664402109241629,20
2022-05-31,2.639213614659043,20
2022-06-01,2.638980288776162,20
2022-06-02,2.6688505495409967,20
2022-06-03,2.649840016420263,20
2022-06-06,2.657414153708795,20
2022-06-07,2.7042467799652585,20
2022-06-08,2.6751851127614352,20
2022-06-09,2.6150775182881336,20
2022-06-10,2.5387426770386106,20
2022-06-13,2.400504730556468,20
2022-06-14,2.422255814318268,20
2022-06-15,2.4250835608556853,20
2022-06-16,2.2840502599437413,20
2022-06-17,2.2298623172167815,20
2022-06-21,2.304983020013336,20
2022-06-22,2.2399065995431338,20
2022-06-23,2.1980238527441585,20
2022-06-24,2.253898699993863,20
2022-06-27,2.289814691429212,20
2022-06-28,2.294492722126612,20
2022-06-29,2.2331214909202677,20
2022-06-30,2.204872089056922,20
2022-07-01,2.213703489465501,20
2022-07-05,2.1683521705649853,20
2022-07-06,2.154856410715505,20
2022-07-07,2.2425449856672954,20
2022-07-08,2.2514352228322023,20
2022-07-11,2.2158894320101847,20
2022-07-12,2.179077407926196,20
2022-07-13,2.1898304692539026,20
2022-07-14,2.1658055433318144,20
2022-07-15,2.211830009126013,20
2022-07-18,2.234769060176305,20
2022-07-19,2.313199547835867,20
2022-07-20,2.334387859688383,20
2022-07-21,2.340322142842749,20
2022-07-22,2.298928760622707,20
2022-07-25,2.3516046196723246,20
2022-07-26,2.307553969236431,20
2022-07-27,2.3922530017280663,20
2022-07-28,2.415837649184141,20
2022-07-29,2.480915455487641,20
2022-08-01,2.4551890577308684,20
2022-08-02,2.4463461722992252,20
2022-08-03,2.4360226133933027,20
2022-08-04,2.3700550495091823,20
2022-08-05,2.400882237430804,20
2022-08-08,2.413740640126925,20
2022-08-09,2.4172754278645185,20
2022-08-10,2.4680647652206567,20
2022-08-11,2.5199748772477673,20
2022-08-12,2.5563064397052337,20
2022-08-15,2.5327133024710147,20
2022-08-16,2.531114228179064,20
2022-08-17,2.520484624896194,20
2022-08-18,2.5937945004453744,20
2022-08-19,2.5787853857271013,20
2022-08-22,2.5446305200103914,20
2022-08-23,2.60076859775398,20
2022-08-24,2.6318304485095667,20
2022-08-25,2.672075106739829,20
2022-08-26,2.5969255355644845,20
2022-08-29,2.606820376366099,20
2022-08-30,2.5386516315619527,20
2022-08-31,2.5022775682755873,20
2022-09-01,2.4617332260234868,20
2022-09-02,2.47993949649766,20
2022-09-06,2.4674843017913344,20
2022-09-07,2.4825865825765208,20
2022-09-08,2.508265345258664,20
2022-09-09,2.553476032864877,20
2022-09-12,2.589348414843885,20
2022-09-13,2.4984644172743584,20
2022-09-14,2.5426674004770584,20
2022-09-15,2.4945140162037673,20
2022-09-16,2.45796548858469,20
2022-09-19,2.4731890849474514,20
2022-09-20,2.432565942927188,20
2022-09-21,2.390147095919431,20
2022-09-22,2.3345157372299497,20
2022-09-23,2.211053280223211,20
2022-09-26,2.1649975441706175,20
2022-09-27,2.19651402301999,20
2022-09-28,2.2699533492069297,20
2022-09-29,2.232269601209721,20
2022-09-30,2.2099210661556645,20
2022-10-03,2.3045228277543983,20
2022-10-04,2.4073600493442977,20
2022-10-05,2.414848645275259,20
2022-10-06,2.424584754278882,20
2022-10-07,2.37406929714455,20
2022-10-10,2.3469895635670497,20
2022-10-11,2.3195096502135057,20
2022-10-12,2.314761566628525,20
2022-10-13,2.378826258226245,20
2022-10-14,2.2834056690414473,20
2022-10-17,2.332273000979769,20
2022-10-18,2.3619448838753336,20
2022-10-19,2.3787620466456496,20
2022-10-20,2.3704989368934735,20
2022-10-21,2.4653128204345705,20
2022-10-24,2.4820638675288116,20
2022-10-25,2.522150549518399,20
2022-10-26,2.544497876936548,20
2022-10-27,2.542312633491613,20
2022-10-28,2.576929140951381,20
2022-10-31,2.569141346339985,20
2022-11-01,2.5826823448288607,20
2022-11-02,2.483989949916798,20
2022-11-03,2.5130921170147085,20
2022-11-04,2.569879548655245,20
2022-11-07,2.598069792143556,20
2022-11-08,2.6048013588593655,20
2022-11-09,2.5032754766781564,20
2022-11-10,2.613173949603431,20
2022-11-11,2.646392130798748,20
2022-11-14,2.6203706512388725,20
2022-11-15,2.666599702660007,20
2022-11-16,2.6180564504414123,20
2022-11-17,2.6206463411381185,20
2022-11-18,2.6115173588791327,20
2022-11-21,2.5753026813543447,20
2022-11-22,2.6383593721621668,20
2022-11-23,2.627858470644521,20
2022-11-25,2.6262446451184798,20
2022-11-28,2.569112170485339,20
2022-11-29,2.59437353782588,20
2022-11-30,2.6507194505330895,20
2022-12-01,2.6335820498593434,20
2022-12-02,2.6522306966831435,20
2022-12-05,2.586555821054245,20
2022-12-06,2.535806377455952,20
2022-12-07,2.5250308777988337,20
2022-12-08,2.5133768022116474,20
2022-12-09,2.478169559939781,20
2022-12-12,2.5373248533726454,20
2022-12-13,2.5688208404835424,20
2022-12-14,2.5610162871977185,20
2022-12-15,2.518308278183902,20
2022-12-16,2.484794280602327,20
2022-12-19,2.459651032282035,20
2022-12-20,2.479046079018087,20
2022-12-21,2.5232007789464395,20
2022-12-22,2.471789881349286,20
2022-12-23,2.5228260415793127,20
2022-12-27,2.5331450761788528,20
2022-12-28,2.4658661800788404,20
2022-12-29,2.4938611668097166,20
2022-12-30,2.5015594958362266,20
2023-01-03,2.4335271049780283,20
2023-01-04,2.45965742673267,20
2023-01-05,2.43993102605664,20
2023-01-06,2.507299810361929,20
2023-01-09,2.528842523214028,20
2023-01-10,2.5523581830097273,20
2023-01-11,2.570518060615612,20
2023-01-12,2.608652421935473,20
2023-01-13,2.616239242294565,20
2023-01-17,2.6128665789569983,20
2023-01-18,2.5679026600405432,20
2023-01-19,2.548396658775277,20
2023-01-20,2.583281157594267,20
2023-01-23,2.620209363691698,20
2023-01-24,2.5968282500417823,20
2023-01-25,2.599221617952573,20
2023-01-26,2.660301194762952,20
2023-01-27,2.6615322096375578,20
2023-01-30,2.610137115710838,20
2023-01-31,2.655339428134791,20
2023-02-01,2.6544591665951156,20
2023-02-02,2.624138449878153,20
2023-02-03,2.611591408178332,20
2023-02-06,2.5991380801688897,20
2023-02-07,2.637663672144533,20
2023-02-08,2.6126352935426946,20
2023-02-09,2.589214938038974,20
2023-02-10,2.629574888486488,20
2023-02-13,2.6404686378125852,20
2023-02-14,2.6479730664885555,20
2023-02-15,2.624550944029296,20
2023-02-16,2.592146182860446,20
2023-02-17,2.548901789986785,20
2023-02-21,2.511354512922588,20
2023-02-22,2.5082797285923415,20
2023-02-23,2.521942471898792,20
2023-02-24,2.5177780384007495,20
2023-02-27,2.5328941057275047,20
2023-02-28,2.5263758761169677,20
2023-03-01,2.581917131925416,20
2023-03-02,2.6123784712780522,20
2023-03-03,2.669011152047675,20
2023-03-06,2.65269875168728,20
2023-03-07,2.617114709125159,20
2023-03-08,2.620812798080927,20
2023-03-09,2.5482541142857493,20
2023-03-10,2.483552038155493,20
2023-03-13,2.449645858637749,20
2023-03-14,2.4769029438889243,20
2023-03-15,2.3587508084481326,20
2023-03-16,2.4047553645106867,20
2023-03-17,2.3550951477951707,20
2023-03-20,2.400773925938836,20
2023-03-21,2.461754436837412,20
2023-03-22,2.4024792099927343,20
2023-03-23,2.395879062718062,20
2023-03-24,2.395670905913309,20
2023-03-27,2.416950539418304,20
2023-03-28,2.436969610186753,20
2023-03-29,2.474544974985357,20
2023-03-30,2.4813488669420978,20
2023-03-31,2.524992842569424,20
2023-04-03,2.5349777056090685,20
2023-04-04,2.4868450879268416,20
2023-04-05,2.4562590404441624,20
2023-04-06,2.4409956782976754,20
2023-04-10,2.475258212468019,20
2023-04-11,2.491883588538053,20
2023-04-12,2.48092950295739,20
2023-04-13,2.502864244017028,20
2023-04-14,2.5101447540341466,20
2023-04-17,2.5282096106113072,20
2023-04-18,2.5538686720942687,20
2023-04-19,2.5584813740882186,20
2023-04-20,2.563985610057639,20
2023-04-21,2.5578325434965596,20
2023-04-24,2.5698232608198768,20
2023-04-25,2.526536365314069,20
2023-04-26,2.478776139015933,20
2023-04-27,2.508281420521435,20
2023-04-28,2.5291122382293096,20
2023-05-01,2.5354076157812804,20
2023-05-02,2.4962927847737992,20
2023-05-03,2.466307566702564,20
2023-05-04,2.442375330076629,20
2023-05-05,2.4875930419185677,20
2023-05-08,2.4971457333016223,20
2023-05-09,2.4970378690014314,20
2023-05-10,2.495102630926296,20
2023-05-11,2.4958858714182135,20
2023-05-12,2.5394844014528384,20
2023-05-15,2.5504689876067945,20
2023-05-16,2.5204794183855923,20
2023-05-17,2.560056084286851,20
2023-05-18,2.601580873283769,20
2023-05-19,2.5845473109845885,20
2023-05-22,2.5749713100502545,20
2023-05-23,2.5133098680056714,20
2023-05-24,2.4982291123531075,20
2023-05-25,2.517495664685942,20
2023-05-26,2.554238129408239,20
2023-05-30,2.5514722060434805,20
2023-05-31,2.5234138520676526,20
2023-06-01,2.560278998591659,20
2023-06-02,2.612961337522194,20
2023-06-05,2.5978870993684033,20
2023-06-06,2.6197966848716874,20
2023-06-07,2.6077645394516655,20
2023-06-08,2.618611291242803,20
2023-06-09,2.626756974994785,20
2023-06-12,2.6671452373420053,20
2023-06-13,2.682541388504534,20
2023-06-14,2.682670912007239,20
2023-06-15,2.6984529163407793,20
2023-06-16,2.683686899658237,20
2023-06-20,2.674463942454823,20
2023-06-21,2.670397018407265,20
2023-06-22,2.6614854930129184,20
2023-06-23,2.643807010789372,20
2023-06-26,2.6367999901322916,20
2023-06-27,2.6840319089855713,20
2023-06-28,2.6888347827395664,20
2023-06-29,2.6963486150599096,20
2023-06-30,2.732979814941063,20
2023-07-03,2.728979860090719,20
2023-07-05,2.7013756821721144,20
2023-07-06,2.6635766651188337,20
2023-07-07,2.674013613864364,20
2023-07-10,2.7326798010930893,20
2023-07-11,2.7463893014356606,20
2023-07-12,2.779853338004282,20
2023-07-13,2.8074857334881522,20
2023-07-14,2.807843111069766,20
2023-07-17,2.833424664158994,20
2023-07-18,2.849340490728975,20
2023-07-19,2.8271672642183456,20
2023-07-20,2.7634677356389727,20
2023-07-21,2.764185394194038,20
2023-07-24,2.766626871599416,20
2023-07-25,2.8042921579489604,20
2023-07-26,2.795339214561334,20
2023-07-27,2.7929668842856823,20
2023-07-28,2.825583385364347,20
2023-07-31,2.8343665073790536,20
2023-08-01,2.8335182783931665,20
2023-08-02,2.7709601714141434,20
2023-08-03,2.759437237156962,20
2023-08-04,2.7639080333367825,20
2023-08-07,2.8039622925274674,20
2023-08-08,2.776616563640715,20
2023-08-09,2.742498321406546,20
2023-08-10,2.7368344055482416,20
2023-08-11,2.7128233494136715,20
2023-08-14,2.744352699654122,20
2023-08-15,2.7168982521811698,20
2023-08-16,2.671587064094759,20
2023-08-17,2.6123901540558374,20
2023-08-18,2.6141990697328215,20
2023-08-21,2.6267693068078835,20
2023-08-22,2.6335042293242545,20
2023-08-23,2.672793010618851,20
2023-08-24,2.6037708686131964,20
2023-08-25,2.614168752975848,20
2023-08-28,2.6308383187245554,20
2023-08-29,2.6860383228422187,20
2023-08-30,2.7058435648065,20
2023-08-31,2.716254388436864,20
2023-09-01,2.726476297475216,20
2023-09-05,2.694204047180165,20
2023-09-06,2.706794338799183,20
2023-09-07,2.6875588408754667,20
2023-09-08,2.6894137393023843,20
2023-09-11,2.705361671484432,20
2023-09-12,2.643886284739334,20
2023-09-13,2.622172314221715,20
2023-09-14,2.640860039618311,20
2023-09-15,2.583333697750328,20
2023-09-18,2.596931855659583,20
2023-09-19,2.5906399011692147,20
2023-09-20,2.561908850497184,20
2023-09-21,2.502621925631221,20
2023-09-22,2.5120894167606513,20
2023-09-25,2.518891926960305,20
2023-09-26,2.479781324029065,20
2023-09-27,2.5048180098928814,20
2023-09-28,2.5425384945215344,20
2023-09-29,2.5202249845533284,20
2023-10-02,2.5233652284355923,20
2023-10-03,2.465146669743204,20
2023-10-04,2.4952231426842313,20
2023-10-05,2.479322136380932,20
2023-10-06,2.523623046125054,20
2023-10-09,2.5366798204825485,20
2023-10-10,2.5539704299394734,20
2023-10-11,2.5775119280120644,20
2023-10-12,2.5478549257099115,20
2023-10-13,2.5019403654598893,20
2023-10-16,2.5320854054003386,20
2023-10-17,2.535338093457001,20
2023-10-18,2.4747638660507247,20
2023-10-19,2.4470992347529927,20
2023-10-20,2.408917898615801,20
2023-10-23,2.4249183343891145,20
2023-10-24,2.453652398669601,20
2023-10-25,2.3972402088733036,20
2023-10-26,2.3718563103643358,20
2023-10-27,2.3732891766207853,20
2023-10-30,2.3663762183420487,20
2023-10-31,2.3894505928629606,20
2023-11-01,2.450225912371011,20
2023-11-02,2.502982951824255,20
2023-11-03,2.5480135617404356,20
2023-11-06,2.547164049127438,20
2023-11-07,2.5709357978160456,20
2023-11-08,2.5880253128888078,20
2023-11-09,2.570731508585766,20
2023-11-10,2.6398115453451387,20
2023-11-13,2.6361240127778385,20
2023-11-14,2.72384420128204,20
2023-11-15,2.715054036402224,20
2023-11-16,2.719353588193065,20
2023-11-17,2.731894043099091,20
2023-11-20,2.759276947012212,20
2023-11-21,2.7335094572793115,20
2023-11-22,2.745777742327326,20
2023-11-24,2.7500412274876482,20
2023-11-27,2.742832634299963,20
2023-11-28,2.7292017184664488,20
2023-11-29,2.7355349504792037,20
2023-11-30,2.739732502815219,20
2023-12-01,2.764762729213927,20
2023-12-04,2.741829699497005,20
2023-12-05,2.733605467883316,20
2023-12-06,2.7312586472890295,20
2023-12-07,2.7704894867938057,20
2023-12-08,2.800915391347727,20
2023-12-11,2.842931870555454,20
2023-12-12,2.8592159400449706,20
2023-12-13,2.888095084422748,20
2023-12-14,2.922491838723203,20
2023-12-15,2.9301324070741,20
2023-12-18,2.9421488060998304,20
2023-12-19,2.9657993123712334,20
2023-12-20,2.905548346866486,20
2023-12-21,2.9499991000567007,20
2023-12-22,2.952528689919649,20
2023-12-26,2.9723149759008596,20
2023-12-27,2.9775261856333435,20
2023-12-28,2.9743496296760448,20
2023-12-29,2.9612619651237195,20
2024-01-02,2.869839794735855,20
2024-01-03,2.8277762130717243,20
2024-01-04,2.819695136027996,20
2024-01-05,2.834767031952899,20
2024-01-08,2.9125566959203724,20
2024-01-09,2.925274111498068,20
2024-01-10,2.958233229603976,20
2024-01-11,2.987551390271282,20
2024-01-12,2.9804853297047904,20
2024-01-16,2.988153723918198,20
2024-01-17,2.973094476020021,20
2024-01-18,3.0286610038125645,20
2024-01-19,3.101855633664383,20
2024-01-22,3.1133372455455057,20
2024-01-23,3.086997836568109,20
2024-01-24,3.1250796018867457,20
2024-01-25,3.1594846892339685,20
2024-01-26,3.125621919313292,20
2024-01-29,3.1721071110670493,20
2024-01-30,3.1554131674425734,20
2024-01-31,3.101075835183517,20
2024-02-01,3.1535652463532275,20
2024-02-02,3.232006640259691,20
2024-02-05,3.2365091722054973,20
2024-02-06,3.202920939734633,20
2024-02-07,3.253055558574099,20
2024-02-08,3.2842997223975763,20
2024-02-09,3.3283962391626476,20
2024-02-12,3.3155075105947316,20
2024-02-13,3.261567502459976,20
2024-02-14,3.3392002232243376,20
2024-02-15,3.34645756531049,20
2024-02-16,3.3090854493045176,20
2024-02-20,3.2643576332335225,20
2024-02-21,3.2041103160170783,20
2024-02-22,3.3410719547232497,20
2024-02-23,3.3319898360078746,20
2024-02-26,3.365313810438596,20
2024-02-27,3.372028898679802,20
2024-02-28,3.355457583882126,20
2024-02-29,3.411810743303549,20
2024-03-01,3.4883729855594905,20
2024-03-04,3.493901575859427,20
2024-03-05,3.4298393495792023,20
2024-03-06,3.456174598846104,20
2024-03-07,3.5112873833341047,20
2024-03-08,3.456490461376783,20
2024-03-11,3.4210900409345144,20
2024-03-12,3.484385854169799,20
2024-03-13,3.462029587401423,20
2024-03-14,3.456400766190571,20
2024-03-15,3.3705443594334734,20
2024-03-18,3.4175831483569907,20
2024-03-19,3.426506047547546,20
2024-03-20,3.4756536834764833,20
2024-03-21,3.5151160150704612,20
2024-03-22,3.5226907718806584,20
2024-03-25,3.5099559798121396,20
2024-03-26,3.490149151348249,20
2024-03-27,3.4942620965257194,20
2024-03-28,3.483299318967302,20
2024-04-01,3.5014850964009474,20
2024-04-02,3.461549861867418,20
2024-04-03,3.5101485285268197,20
2024-04-04,3.4476582604646286,20
2024-04-05,3.5381865932982386,20
2024-04-08,3.5331373989809403,20
2024-04-09,3.510907335406783,20
2024-04-10,3.4801625971044117,20
2024-04-11,3.530307063535575,20
2024-04-12,3.4536821814512746,20
2024-04-15,3.3876024629078114,20
2024-04-16,3.4160184533996993,20
2024-04-17,3.3636026758499473,20
2024-04-18,3.3286296355693024,20
2024-04-19,3.2402472555645936,20
2024-04-22,3.2646328119762216,20
2024-04-23,3.361517069758662,20
2024-04-24,3.344795089017904,20
2024-04-25,3.330529930535016,20
2024-04-26,3.3808399642577087,20
2024-04-29,3.384754880488041,20
2024-04-30,3.3082492610764027,20
2024-05-01,3.2778356266938298,20
2024-05-02,3.3235356827586173,20
2024-05-03,3.387941542158115,20
2024-05-06,3.465023850118314,20
2024-05-07,3.4589553030679316,20
2024-05-08,3.478309321102547,20
2024-05-09,3.4877764781048746,20
2024-05-10,3.5008487188188986,20
2024-05-13,3.4776804965415584,20
2024-05-14,3.5142437461225966,20
2024-05-15,3.602623433965315,20
2024-05-16,3.5594731153436534,20
2024-05-17,3.5405671027092005,20
2024-05-20,3.5857551033287565,20
2024-05-21,3.5914466281065973,20
2024-05-22,3.582893752034509,20
2024-05-23,3.569673364406636,20
2024-05-24,3.6367031819503777,20
2024-05-28,3.648522254885627,20
2024-05-29,3.613967646162659,20
2024-05-30,3.539453192979157,20
2024-05-31,3.526437373813294,20
2024-06-03,3.4898369384261936,20
2024-06-04,3.460912457171015,20
2024-06-05,3.5550020464726706,20
2024-06-06,3.514579445608764,20
2024-06-07,3.506067274496916,20
2024-06-10,3.5654382232712605,20
2024-06-11,3.5695150868965797,20
2024-06-12,3.6370563420245667,20
2024-06-13,3.6537622109214327,20
2024-06-14,3.618689636764785,20
2024-06-17,3.6817988809061704,20
2024-06-18,3.713450220936531,20
2024-06-20,3.665404084705936,20
2024-06-21,3.6257762821992983,20
2024-06-24,3.605566870052714,20
2024-06-25,3.6320466864764547,20
2024-06-26,3.6140996900655447,20
2024-06-27,3.6180412777790223,20
2024-06-28,3.6137334802082655,20
2024-07-01,3.6198563955488594,20
2024-07-02,3.648850220956971,20
2024-07-03,3.695625998808204,20
2024-07-05,3.6801907764350443,20
2024-07-08,3.724038919322634,20
2024-07-09,3.726771245732234,20
2024-07-10,3.760699524527962,20
2024-07-11,3.7113121786914847,20
2024-07-12,3.7211460134046717,20
2024-07-15,3.7148977798800966,20
2024-07-16,3.7335382341822094,20
2024-07-17,3.5166854886958867,20
2024-07-18,3.5114487509766805,20
2024-07-19,3.497170577361377,20
2024-07-22,3.585923960120749,20
2024-07-23,3.6123179152152898,20
2024-07-24,3.4435635228479446,20
2024-07-25,3.394014370068143,20
2024-07-26,3.46067602634921,20
2024-07-29,3.4495629002411405,20
2024-07-30,3.4024780796505127,20
2024-07-31,3.577534849603756,20
2024-08-01,3.4623704018429957,20
2024-08-02,3.2958632746937533,20
2024-08-05,3.251356526145824,20
2024-08-06,3.3573323513006987,20
2024-08-07,3.3266824128485015,20
2024-08-08,3.4715480430079584,20
2024-08-09,3.505316978641402,20
2024-08-12,3.506548826968592,20
2024-08-13,3.5668537466912382,20
2024-08-14,3.5728163775815887,20
2024-08-15,3.6627836984332443,20
2024-08-16,3.644641628823875,20
2024-08-19,3.681307117672129,20
2024-08-20,3.657702971797783,20
2024-08-21,3.7006071382351937,20
2024-08-22,3.666907596465556,20
2024-08-23,3.7084994296258817,20
2024-08-26,3.6685562025148917,20
2024-08-27,3.6816773733601593,20
2024-08-28,3.6415809379104322,20
2024-08-29,3.647783659278059,20
2024-08-30,3.695235133700744,20
2024-09-03,3.5168956425373725,20
2024-09-04,3.5177920415753485,20
2024-09-05,3.50016750397098,20
2024-09-06,3.409995359265035,20
2024-09-09,3.4768040158670743,20
2024-09-10,3.4830377668299284,20
2024-09-11,3.547187798076875,20
2024-09-12,3.5801389558906016,20
2024-09-13,3.6493359596922708,20
2024-09-16,3.677665981761155,20
2024-09-17,3.6971935683083603,20
2024-09-18,3.6983006099585247,20
2024-09-19,3.786413335388249,20
2024-09-20,3.891990347850953,20
2024-09-23,3.9136522174416033,20
2024-09-24,3.9155830676711814,20
2024-09-25,3.933079649154266,20
2024-09-26,3.9631738152698923,20
2024-09-27,3.9557153019030866,20
2024-09-30,3.9634089569430695,20
2024-10-01,3.9460271027742917,20
2024-10-02,3.9614815723954635,20
2024-10-03,3.976253143216025,20
2024-10-04,4.039430072838941,20
2024-10-07,3.994228479067217,20
2024-10-08,4.0236234066197225,20
2024-10-09,4.028767085907495,20
2024-10-10,4.017134061936576,20
2024-10-11,4.076081156272587,20
2024-10-14,4.109436803201277,20
2024-10-15,4.079246092103287,20
2024-10-16,4.126324666004887,20
2024-10-17,4.102445625292393,20
2024-10-18,4.1249728792539155,20
2024-10-21,4.099837693488344,20
2024-10-22,4.0337884847645356,20
2024-10-23,4.001040751041151,20
2024-10-24,4.02077330500564,20
2024-10-25,4.007024504506898,20
2024-10-28,4.032405099613988,20
2024-10-29,4.030667282565407,20
2024-10-30,4.003760150045279,20
2024-10-31,3.9512607544420977,20
2024-11-01,3.9204377934156867,20
2024-11-04,3.8816329162054695,20
2024-11-05,3.9635097675021953,20
2024-11-06,4.164519504065685,20
2024-11-07,4.167417916788679,20
2024-11-08,4.199797084045668,20
2024-11-11,4.230921540348556,20
2024-11-12,4.187914190477287,20
2024-11-13,4.174012661329709,20
2024-11-14,4.1681406953721245,20
2024-11-15,4.137791472153794,20
2024-11-18,4.154401214945088,20
2024-11-19,4.188322825512477,20
2024-11-20,4.206399182526097,20
2024-11-21,4.281710403092186,20
2024-11-22,4.315802284363302,20
2024-11-25,4.32093385973675,20
2024-11-26,4.392877283932922,20
2024-11-27,4.345961296256888,20
2024-11-29,4.392204403852433,20
2024-12-02,4.3786162823395705,20
2024-12-03,4.361487940263841,20
2024-12-04,4.398174652632137,20
2024-12-05,4.396047047166251,20
2024-12-06,4.395501884217779,20
2024-12-09,4.277300999336563,20
2024-12-10,4.260098222857365,20
2024-12-11,4.313263322489526,20
2024-12-12,4.268938917642353,20
2024-12-13,4.263405232488819,20
2024-12-16,4.269923516969166,20
2024-12-17,4.208961550225345,20
2024-12-18,4.041568612923156,20
2024-12-19,4.083486435439688,20
2024-12-20,4.152734072591199,20
2024-12-23,4.175598931128918,20
2024-12-24,4.233939775778686,20
2024-12-26,4.238187301327586,20
2024-12-27,4.188923280166241,20
2024-12-30,4.1587813918621155,20
2024-12-31,4.132655273964746,20
2025-01-02,4.154573840141568,20
2025-01-03,4.224707999013042,20
2025-01-06,4.271038392262633,20
2025-01-07,4.22153424158498,20
2025-01-08,4.228529258115353,20
2025-01-10,4.218947164474129,20
2025-01-13,4.187258152752498,20
2025-01-14,4.258437393282192,20
2025-01-15,4.361508056964327,20
2025-01-16,4.40006214677818,20
2025-01-17,4.444456592893655,20
2025-01-21,4.563020231346397,20
2025-01-22,4.607917300401622,20
2025-01-23,4.6688349440384505,20
2025-01-24,4.672317578830437,20
2025-01-27,4.4969656777389115,20
2025-01-28,4.53129932756606,20
2025-01-29,4.559809579230141,20
2025-01-30,4.6252410751489705,20
2025-01-31,4.585594807888911,20
2025-02-03,4.555095807695571,20
2025-02-04,4.542170020575278,20
2025-02-05,4.6018135615948665,20
2025-02-06,4.650533314773787,20
2025-02-07,4.610845841590529,20
2025-02-10,4.594525132395422,20
2025-02-11,4.558356015342711,20
2025-02-12,4.565848874351158,20
2025-02-13,4.572623865447263,20
2025-02-14,4.644634898228705,20
2025-02-18,4.6645895737245375,20
2025-02-19,4.671458212082413,20
2025-02-20,4.554471353221399,20
2025-02-21,4.376574098908938,20
2025-02-24,4.348926817544338,20
2025-02-25,4.3173282796742605,20
2025-02-26,4.406068067796337,20
2025-02-27,4.3006483266602915,20
2025-02-28,4.382578182286573,20
2025-03-03,4.257685093171846,20
2025-03-04,4.100940192177707,20
2025-03-05,4.1570478304503675,20
2025-03-06,3.9523077210218682,20
2025-03-07,3.9134872720655745,20
2025-03-10,3.74934647901479,20
2025-03-11,3.766237750589137,20
2025-03-12,3.8242378282155536,20
2025-03-13,3.733352005351092,20
2025-03-14,3.8495685472172765,20
2025-03-17,3.9215635784586476,20
2025-03-18,3.8641838245420654,20
2025-03-19,3.9794323273247536,20
2025-03-20,3.9726124154619944,20
2025-03-21,3.97745747861387,20
2025-03-24,4.104410716618398,20
2025-03-25,4.104935285961782,20
2025-03-26,4.007740622140492,20
2025-03-27,3.938699286905963,20
2025-03-28,3.8178463737184445,20
2025-03-31,3.8190394579958236,20
2025-04-01,3.8522659977472906,20
2025-04-02,3.9340493709047775,20
2025-04-03,3.5678563261720937,20
2025-04-04,3.299594974795277,20
2025-04-07,3.3551874748796964,20
2025-04-08,3.3242697268207237,20
2025-04-09,3.7761206575267097,20
2025-04-10,3.569842503055716,20
2025-04-11,3.587236288510092,20
2025-04-14,3.618573859688166,20
2025-04-15,3.6472713163604626,20
2025-04-16,3.5969484091809703,20
2025-04-17,3.616832247408266,20
2025-04-21,3.524573657084536,20
2025-04-22,3.663217770235366,20
2025-04-23,3.764561967247876,20
2025-04-24,3.8871964709493345,20
2025-04-25,3.9084805096749347,20
2025-04-28,3.9354105725290767,20
2025-04-29,3.955306808714321,20
2025-04-30,3.9465127224795498,20
2025-05-01,3.9845242501119142,20
2025-05-02,4.104240729469492,20
2025-05-05,4.091874404932739,20
2025-05-06,4.055981118012543,20
2025-05-07,4.075942294742209,20
2025-05-08,4.108092694533476,20
2025-05-09,4.109114062689406,20
2025-05-12,4.318329856040106,20
2025-05-13,4.400852697445581,20
2025-05-14,4.3941735046294825,20
2025-05-15,4.403370837699696,20
2025-05-16,4.452450324475902,20
2025-05-19,4.46814719996296,20
2025-05-20,4.434399484789004,20
2025-05-21,4.341298706039363,20
2025-05-22,4.34805978480612,20
2025-05-23,4.350634210316365,20
2025-05-27,4.447311874324081,20
2025-05-28,4.421843797067996,20
2025-05-29,4.400810988704947,20
2025-05-30,4.411617630765812,20
2025-06-02,4.458468384797176,20
2025-06-03,4.490572679960696,20
2025-06-04,4.499286866371157,20
2025-06-05,4.519683917076056,20
2025-06-06,4.542364892054828,20
2025-06-09,4.49956327954381,20
2025-06-10,4.469294342170627,20
2025-06-11,4.502135151274105,20
2025-06-12,4.49561237441046,20
2025-06-13,4.427451524379955,20
2025-06-16,4.509021991167076,20
2025-06-17,4.466707850573707,20
2025-06-18,4.487677742351713,20
2025-06-20,4.506195501485134,20
2025-06-23,4.576896474117013,20
2025-06-24,4.6495735366585,20
2025-06-25,4.621216811083428,20
2025-06-26,4.709999439914403,20
2025-06-27,4.773637041403641,20
2025-06-30,4.817192318331863,20
2025-07-01,4.714258771390677,20
2025-07-02,4.726858085770006,20
2025-07-03,4.796747518500266,20
2025-07-07,4.807493447148712,20
2025-07-08,4.762768875102252,20
2025-07-09,4.800151687071744,20
2025-07-10,4.814212051595693,20
2025-07-11,4.806545297303895,20
2025-07-14,4.8968737112206675,20
2025-07-15,4.863658526712889,20
2025-07-16,4.862002665323985,20
2025-07-17,4.921620340026387,20
2025-07-18,4.93346997472956,20
2025-07-21,4.918196553657024,20
2025-07-22,4.8810923228549,20
2025-07-23,4.977010248324865,20
2025-07-24,4.965200061308164,20
2025-07-25,4.999735687062277,20
2025-07-28,5.0129142388198575,20
2025-07-29,4.988435831995726,20
2025-07-30,5.040455769948271,20
2025-07-31,4.984983437694999,20
2025-08-01,4.929682384001017,20
2025-08-04,5.030278604258366,20
2025-08-05,4.969417316170811,20
2025-08-06,4.965879322339454,20
2025-08-07,4.8916595155119165,20
2025-08-08,4.893523004299005,20
2025-08-11,4.889093721154698,20
2025-08-12,5.011980472007862,20
2025-08-13,4.9758147967804875,20
2025-08-14,4.898895726573803,20
2025-08-15,4.884783116747568,20
2025-08-18,4.915426338474769,20
2025-08-19,4.849282900600632,20
2025-08-20,4.845584773662973,20
2025-08-21,4.825799916695257,20
2025-08-22,4.9048935518116545,20
2025-08-25,4.889737819406892,20
2025-08-26,4.971064743587794,20
2025-08-27,4.974057221827025,20
2025-08-28,5.031592755439212,20
2025-08-29,4.956285618701185,20
2025-09-02,4.917968034104541,20
2025-09-03,4.935855674670886,20
2025-09-04,5.001335603613882,20
2025-09-05,4.979170630199907,20
2025-09-08,5.022890906920292,20
2025-09-09,5.041006729677762,20
2025-09-10,5.229966607256735,20
2025-09-11,5.212844373557323,20
2025-09-12,5.190776883372617,20
2025-09-15,5.230956991221501,20
2025-09-16,5.202651581296548,20
2025-09-17,5.18656231689578,20
2025-09-18,5.254067923628204,20
2025-09-19,5.2780413258719925,20
2025-09-22,5.324514291526064,20
2025-09-23,5.29217687502424,20
2025-09-24,5.235567417948719,20
2025-09-25,5.164820273045814,20
2025-09-26,5.198530071576234,20
2025-09-29,5.201776470304355,20
2025-09-30,5.194042437214191,20
2025-10-01,5.183849767316431,20
2025-10-02,5.201508947412458,20
2025-10-03,5.171432253949757,20
2025-10-06,5.186628564313654,20
2025-10-07,5.161603992408371,20
2025-10-08,5.22114957667482,20
2025-10-09,5.204065926413389,20
2025-10-10,5.028551575381713,20
2025-10-13,5.197341023204426,20
2025-10-14,5.2011121246362295,20
2025-10-15,5.226591797653426,20
2025-10-16,5.158672074470056,20
2025-10-17,5.15124809084464,20
2025-10-20,5.1834765121553,20
2025-10-21,5.190705737415486,20
2025-10-22,5.101310257418729,20
2025-10-23,5.185944462541745,20
2025-10-24,5.2336851748390565,20
2025-10-27,5.272457588665282,20
2025-10-28,5.216722670114345,20
2025-10-29,5.283683822665915,20
2025-10-30,5.232782304536471,20
2025-10-31,5.247379983270414,20
2025-11-03,5.254349473314198,20
2025-11-04,5.126453149654709,20
2025-11-05,5.249167977787883,20
2025-11-06,5.140214650358756,20
2025-11-07,5.186990140636807,20
2025-11-10,5.278129988490747,20
2025-11-11,5.2054441212267815,20
2025-11-12,5.202627556342551,20
2025-11-13,5.028494344036388,20
2025-11-14,5.046535582963606,20
2025-11-17,5.012177899067692,20
2025-11-18,4.989909477912941,20
2025-11-19,5.056446114043657,20
2025-11-20,4.8480599122486145,20
2025-11-21,4.8346774506137224,20
2025-11-24,4.994021322525966,20
2025-11-25,5.023605307199831,20
2025-11-26,5.119743285266213,20
2025-11-28,5.160353338025638,20
2025-12-01,5.091006387282803,20
2025-12-02,5.136020134402641,20
2025-12-03,5.160723256284945,20
2025-12-04,5.200231759559054,20
2025-12-05,5.237934880169377,20
2025-12-08,5.2926674305337675,20
2025-12-09,5.327774724728645,20
2025-12-10,5.447411390746883,20
2025-12-11,5.471497259975579,20
2025-12-12,5.2898260108109145,20
2025-12-15,5.263833874374823,20
2025-12-16,5.255539755841876,20
2025-12-17,5.072574475981827,20
2025-12-18,5.207250672458122,20
2025-12-19,5.316053496612927,20
2025-12-22,5.367240193077492,20
2025-12-23,5.392050898852784,20
2025-12-24,5.4266530623122895,20
2025-12-26,5.431899933236727,20
2025-12-29,5.390953647418672,20
2025-12-30,5.367086344890208,20
2025-12-31,5.301564166086699,20
2026-01-02,5.4675843808948255,20
2026-01-05,5.5191339592921365,20
2026-01-06,5.651985992965263,20
2026-01-07,5.552586962509151,20
2026-01-08,5.436565885153708,20
2026-01-09,5.606813706206108,20
2026-01-12,5.663583432681085,20
2026-01-13,5.707792318263083,20
2026-01-14,5.660600364101167,20
2026-01-15,5.764301657810523,20
2026-01-16,5.778895615801682,20
2026-01-20,5.680232449407994,20
2026-01-21,5.825338884490519,20
2026-01-22,5.770601341625981,20
2026-01-23,5.676025295984185,20
2026-01-26,5.706534481355588,20
2026-01-27,5.875087277621815,20
2026-01-28,5.949257187162093,20
2026-01-29,5.9874134466366336,20
2026-01-30,5.811091681928699,20
2026-02-02,5.95349246826731,20
2026-02-03,5.97203658595561,20
2026-02-04,5.8114149878924515,20
2026-02-05,5.813366782716915,20
2026-02-06,6.139305430305725,20
2026-02-09,6.207898152058064,20
2026-02-10,6.104097369798051,20
2026-02-11,6.211165899772821,20
2026-02-12,6.1778579815487005,20
2026-02-13,6.198449689328161,20
2026-02-17,6.222703414091562,20
2026-02-18,6.262959325020112,20
2026-02-19,6.221521666306104,20
2026-02-20,6.31345928354508,20
2026-02-23,6.260319073480407,20
2026-02-24,6.350102694915916,20
2026-02-25,6.481914163549455,20
2026-02-26,6.388416848266003,20
2026-02-27,6.32189215598311,20
2026-03-02,6.302969765465772,20
2026-03-03,6.042257769421947,20
2026-03-04,6.138874523505805,20
2026-03-05,5.980407673216341,20
2026-03-06,5.754744600068139,20
2026-03-09,5.978423420065447,20
2026-03-10,6.070285392359446,20
2026-03-11,6.069198175727468,20
2026-03-12,5.90883990927465,20
2026-03-13,5.890762255897529,20
2026-03-16,6.020070094898042,20
2026-03-17,6.115236643347166,20
2026-03-18,6.075954608066905,20
2026-03-19,6.1878512487996025,20
2026-03-20,5.998083774256198,20
2026-03-23,6.141664384015637,20
2026-03-24,6.276736764135998,20
2026-03-25,6.311379428118832,20
2026-03-26,5.963786217524086,20
2026-03-27,5.920123487464,20
2026-03-30,5.6957836367555785,20
2026-03-31,6.000704759212278,20
2026-04-01,6.228742600497561,20
2026-04-02,6.244010997697531,20
2026-04-06,6.289942474562816,20
2026-04-07,6.362459282590611,20
2026-04-08,6.7779086804141295,20
2026-04-09,6.867999650796439,20
2026-04-10,6.909788608180198,20
2026-04-13,7.0056939578595765,20
2026-04-14,7.061543413897788,20
2026-04-15,7.021620956257725,20
2026-04-16,7.098913043357098,20
2026-04-17,7.222347341925906,20
2026-04-20,7.161480992416057,20
2026-04-21,7.158988784791603,20
2026-04-22,7.24677598530443,20
2026-04-23,7.3525840665720645,20
2026-04-24,7.503436451272266,20
2026-04-27,7.4723090557396326,20
2026-04-28,7.249169481132916,20
2026-04-29,7.319971678143185,20
2026-04-30,7.573406358388382,20
2026-05-01,7.486835958420719,20
2026-05-04,7.422450541183081,20
2026-05-05,7.526752295646614,20
2026-05-06,7.764948759745044,20
2026-05-07,7.640214587433714,20
2026-05-08,7.782781944877364,20
2026-05-11,7.820639767541575,20
2026-05-12,7.764844866265564,20
2026-05-13,7.753201716797996,20
2026-05-14,7.779426019275231,20
2026-05-15,7.581021139965498,20
2026-05-18,7.508784300173318,20
2026-05-19,7.4144273723961165,20
2026-05-20,7.579565164308859,20
2026-05-21,7.610348331951494,20
2026-05-22,7.720114239337604,20
2026-05-26,7.872251764962392,20
2026-05-27,7.813031218888042,20
2026-05-28,7.838806273009504,20
2026-05-29,8.026484334642122,20
2026-06-01,8.055517170208176,20
2026-06-02,8.142417822636643,20
2026-06-03,8.104866889471234,20
2026-06-04,8.205965228951898,20
2026-06-05,7.891198936892946,20
2026-06-08,7.947339018998296,20
2026-06-09,7.959252834921061,20
2026-06-10,7.689596898950801,20
2026-06-11,8.002550878995033,20
2026-06-12,8.13713054728952,20
2026-06-15,8.307685377357622,20
2026-06-16,8.303286788703604,20
2026-06-17,8.350587225142188,20
2026-06-18,8.389863012619424,20
2026-06-22,8.479629568720982,20
2026-06-23,8.303591973737028,20
2026-06-24,8.2905627621422,20
2026-06-25,8.280013042400737,20
2026-06-26,8.159440685555898,20
2026-06-29,8.296244974215698,20
2026-06-30,8.383188336371827,20
2026-07-01,8.31291973200683,20
2026-07-02,8.244739210613307,20
2026-07-06,8.386696329236399,20
2026-07-07,8.311180872625952,20
2026-07-08,8.288904546984135,20
2026-07-09,8.495481205136835,20
2026-07-10,8.382876374534806,20
2026-07-13,8.240173975319808,20
2026-07-14,8.361398353431904,20
2026-07-15,8.279993319505921,20
2026-07-16,8.060748762617349,20
2026-07-17,8.00711874987946,20
2026-07-20,7.917778279893922,20
2026-07-21,8.097621722749263,20
2026-07-22,8.194365173766705,20
2026-07-23,8.07071762175516,20
2026-07-24,8.026540725952831,20
2026-07-27,8.059359497928615,20
2026-07-28,7.938372274196654,20
2026-07-29,7.763462506066447,20
2026-07-30,8.057965797258383,20
2026-07-31,8.06673940430453,20
2026-08-03,8.251753112910949,20
2026-08-04,8.544141399293807,20
2026-08-05,8.525823631898106,20
2026-08-06,8.33370175506237,20
2026-08-07,8.452586902853538,20
2026-08-10,8.586433731906643,20
2026-08-11,8.554434020810712,20
2026-08-12,8.674512739947108,20
2026-08-13,8.702097998729405,20
2026-08-14,8.65703967146419,20
2026-08-17,8.607018665782107,20
2026-08-18,8.426480339334333,20
2026-08-19,9.26242272459174,20
2026-08-20,8.776005806320553,20
2026-08-21,8.996338233691244,20
2026-08-24,8.887764687078317,20
2026-08-25,9.065697446354722,20
2026-08-26,9.02108247539077,20
2026-08-27,9.144056428979896,20
2026-08-28,8.965291631173272,20
2026-08-31,8.987596471051125,20
2026-09-01,8.943815688759182,20
2026-09-02,8.821189849670658,20
2026-09-03,8.955869173766,20
2026-09-04,8.919940326351997,20
2026-09-08,8.840364796262623,20
2026-09-09,8.82865767484243,20
