date,value,n
2007-01-31,0.9989999999999999,20
2007-02-01,1.007273625251293,20
2007-02-02,1.0139024568129307,20
2007-02-05,1.0168427575615993,20
2007-02-06,1.0176136316631794,20
2007-02-07,1.022433031804633,20
2007-02-08,1.0192379297651535,20
2007-02-09,1.0087626897432775,20
2007-02-12,1.0024359254911457,20
2007-02-13,1.0065644040720678,20
2007-02-14,1.0264466260651557,20
2007-02-15,1.0300570248496759,20
2007-02-16,1.0282165496207305,20
2007-02-20,1.0339368375818636,20
2007-02-21,1.0336699943626109,20
2007-02-22,1.0275557655353,20
2007-02-23,1.0237168090789233,20
2007-02-26,1.0151047783607121,20
2007-02-27,0.9698512766390148,20
2007-02-28,0.9782351282766568,20
2007-03-01,0.9766555718997321,20
2007-03-02,0.9615238057617538,20
2007-03-05,0.9543365017927231,20
2007-03-06,0.9747565874164253,20
2007-03-07,0.9747845354210164,20
2007-03-08,0.983363454973018,20
2007-03-09,0.9875028953966882,20
2007-03-12,0.9924749393896577,20
2007-03-13,0.966544871618005,20
2007-03-14,0.9777836571856318,20
2007-03-15,0.9778428774629392,20
2007-03-16,0.9737532943324713,20
2007-03-19,0.989440064617062,20
2007-03-20,0.9960865757155216,20
2007-03-21,1.0188603125556455,20
2007-03-22,1.0160025695387926,20
2007-03-23,1.0150833929993175,20
2007-03-26,1.0147028233507986,20
2007-03-27,1.0083065515470653,20
2007-03-28,0.995457823242638,20
2007-03-29,1.0009905556748577,20
2007-03-30,0.9997262326660287,20
2007-04-02,0.9979535594700766,20
2007-04-03,1.0122703480841093,20
2007-04-04,1.013223276503993,20
2007-04-05,1.0157811123433487,20
2007-04-09,1.0147846619291152,20
2007-04-10,1.0160087430716187,20
2007-04-11,1.0088038093147433,20
2007-04-12,1.014578186611411,20
2007-04-13,1.017455775957145,20
2007-04-16,1.0303287213688253,20
2007-04-17,1.030494444734583,20
2007-04-18,1.034122853984415,20
2007-04-19,1.0295994160438278,20
2007-04-20,1.0444730323424767,20
2007-04-23,1.0482297168560357,20
2007-04-24,1.0473030109803099,20
2007-04-25,1.0562486855471656,20
2007-04-26,1.058679861030597,20
2007-04-27,1.0681709117370886,20
2007-04-30,1.0497675856772102,20
2007-05-01,1.0482909476005542,20
2007-05-02,1.0554203306117595,20
2007-05-03,1.0626929077371208,20
2007-05-04,1.0669541225303216,20
2007-05-07,1.064595008061872,20
2007-05-08,1.064391249475231,20
2007-05-09,1.066614303951153,20
2007-05-10,1.05097702521085,20
2007-05-11,1.0702412709721325,20
2007-05-14,1.0657230120359558,20
2007-05-15,1.0612173124058346,20
2007-05-16,1.0681036317522805,20
2007-05-17,1.0662557802294843,20
2007-05-18,1.0727183995263692,20
2007-05-21,1.0782319231464694,20
2007-05-22,1.0788515348559498,20
2007-05-23,1.072375366638667,20
2007-05-24,1.060019450722113,20
2007-05-25,1.0683089942751924,20
2007-05-29,1.0764821405406313,20
2007-05-30,1.0922223043058268,20
2007-05-31,1.094184711075114,20
2007-06-01,1.0968443545826145,20
2007-06-04,1.0992151208484557,20
2007-06-05,1.1008266577580954,20
2007-06-06,1.0860223637526938,20
2007-06-07,1.063154205002648,20
2007-06-08,1.076478643190795,20
2007-06-11,1.0788637240650516,20
2007-06-12,1.0668589757946996,20
2007-06-13,1.0869121166237181,20
2007-06-14,1.0918560554833499,20
2007-06-15,1.0980080216282453,20
2007-06-18,1.0954164382161649,20
2007-06-19,1.1014738061224048,20
2007-06-20,1.085064064093501,20
2007-06-21,1.0919895321495683,20
2007-06-22,1.075416152899142,20
2007-06-25,1.070600606924672,20
2007-06-26,1.0646417652020714,20
2007-06-27,1.0791079942076187,20
2007-06-28,1.0793807950366903,20
2007-06-29,1.0749603508297503,20
2007-07-02,1.0915572435640681,20
2007-07-03,1.1002099919162835,20
2007-07-05,1.1029027238594304,20
2007-07-06,1.1118277098054024,20
2007-07-09,1.1218124218554633,20
2007-07-10,1.1017117546597197,20
2007-07-11,1.1115541850460715,20
2007-07-12,1.1372396159241076,20
2007-07-13,1.1409572232554548,20
2007-07-16,1.136455825570119,20
2007-07-17,1.1384882442138704,20
2007-07-18,1.1397231312639036,20
2007-07-19,1.1546105403179383,20
2007-07-20,1.1396302197464063,20
2007-07-23,1.1423472528362737,20
2007-07-24,1.1203875029321049,20
2007-07-25,1.1177743122882011,20
2007-07-26,1.0906441095732275,20
2007-07-27,1.0737624026151624,20
2007-07-30,1.0943254064095118,20
2007-07-31,1.0771153557918431,20
2007-08-01,1.0787332760595554,20
2007-08-02,1.0923361968251004,20
2007-08-03,1.0571742376849904,20
2007-08-06,1.0727891283265092,20
2007-08-07,1.0738114996201278,20
2007-08-08,1.0756652843383816,20
2007-08-09,1.0341857216046777,20
2007-08-10,1.0520492954777014,20
2007-08-13,1.06219237213113,20
2007-08-14,1.0307646761920894,20
2007-08-15,1.0048424891480505,20
2007-08-16,0.9974756790334344,20
2007-08-17,1.0202546367073284,20
2007-08-20,1.0306592580702836,20
2007-08-21,1.034667989677302,20
2007-08-22,1.0578455106593232,20
2007-08-23,1.0528974730242653,20
2007-08-24,1.0693358042859733,20
2007-08-27,1.0588712773268343,20
2007-08-28,1.0309491693039319,20
2007-08-29,1.0605442023129903,20
2007-08-30,1.0581057319223428,20
2007-08-31,1.077529809522301,20
2007-09-04,1.0909981896318575,20
2007-09-05,1.0756778124072424,20
2007-09-06,1.0831975718642481,20
2007-09-07,1.0577232114448425,20
2007-09-10,1.0511206642568145,20
2007-09-11,1.0702118122087516,20
2007-09-12,1.0734133073574073,20
2007-09-13,1.0893428690947442,20
2007-09-14,1.0907068393719872,20
2007-09-17,1.0844103569746677,20
2007-09-18,1.1283786847747976,20
2007-09-19,1.1405135491266134,20
2007-09-20,1.1329374606836082,20
2007-09-21,1.1388210734016477,20
2007-09-24,1.128320451044441,20
2007-09-25,1.126109153988242,20
2007-09-26,1.1343887499960867,20
2007-09-27,1.1422441934106922,20
2007-09-28,1.1345736407866465,20
2007-10-01,1.1547999803795144,20
2007-10-02,1.1537868742592141,20
2007-10-03,1.1456085635247035,20
2007-10-04,1.151917949884026,20
2007-10-05,1.1705467722978316,20
2007-10-08,1.1664256070288006,20
2007-10-09,1.1810069273354855,20
2007-10-10,1.1825038651789253,20
2007-10-11,1.1684690620944993,20
2007-10-12,1.1794300133455073,20
2007-10-15,1.170629626870213,20
2007-10-16,1.1654693958805402,20
2007-10-17,1.1663701542688671,20
2007-10-18,1.178751666290673,20
2007-10-19,1.1370755667173362,20
2007-10-22,1.1385256045914574,20
2007-10-23,1.159248539222033,20
2007-10-24,1.165563437125861,20
2007-10-25,1.1537665657898881,20
2007-10-26,1.1675785272575665,20
2007-10-29,1.180651543906855,20
2007-10-30,1.1667434715307008,20
2007-10-31,1.1865361231048241,20
2007-11-01,1.159659965926431,20
2007-11-02,1.1717379715390324,20
2007-11-05,1.1744252930184287,20
2007-11-06,1.1982846144385952,20
2007-11-07,1.160069602745634,20
2007-11-08,1.162513889071569,20
2007-11-09,1.1360700875389782,20
2007-11-12,1.1052729216564658,20
2007-11-13,1.1325086945437006,20
2007-11-14,1.1332154633932239,20
2007-11-15,1.1118260253636059,20
2007-11-16,1.1165782458540165,20
2007-11-19,1.0959671525222179,20
2007-11-20,1.1096368350502686,20
2007-11-21,1.0956037415378308,20
2007-11-23,1.11376994152721,20
2007-11-26,1.0881652137688067,20
2007-11-27,1.0979529575195677,20
2007-11-28,1.1323629490289002,20
2007-11-29,1.1316288920194348,20
2007-11-30,1.1443409574671506,20
2007-12-03,1.1429235324350058,20
2007-12-04,1.139839311663966,20
2007-12-05,1.1673220273912828,20
2007-12-06,1.1875768322969231,20
2007-12-07,1.1855825087357013,20
2007-12-10,1.192430508340557,20
2007-12-11,1.1549584534722885,20
2007-12-12,1.174194958131464,20
2007-12-13,1.1761141162386435,20
2007-12-14,1.1583095477360914,20
2007-12-17,1.120994247117514,20
2007-12-18,1.1317509925217335,20
2007-12-19,1.1380831891422165,20
2007-12-20,1.1531166107626525,20
2007-12-21,1.1771928065319448,20
2007-12-24,1.1882626274444545,20
2007-12-26,1.1988859548728577,20
2007-12-27,1.1811922094518899,20
2007-12-28,1.1908981089051083,20
2007-12-31,1.1815883203263728,20
2008-01-02,1.1629023888881578,20
2008-01-03,1.1709799502381313,20
2008-01-04,1.1364608578190025,20
2008-01-07,1.1242307686116473,20
2008-01-08,1.1083981612130673,20
2008-01-09,1.118010444477179,20
2008-01-10,1.1235836243808635,20
2008-01-11,1.1029686317004175,20
2008-01-14,1.1227076373179115,20
2008-01-15,1.0825187268463725,20
2008-01-16,1.059954663516714,20
2008-01-17,1.0082184279513262,20
2008-01-18,1.0045176313078508,20
2008-01-22,0.9925385086749985,20
2008-01-23,1.0008324326642333,20
2008-01-24,1.011188679459426,20
2008-01-25,1.0092144124890416,20
2008-01-28,1.0185746494742702,20
2008-01-29,1.0243913573152776,20
2008-01-30,1.0199924762892294,20
2008-01-31,1.0345570339106411,20
2008-02-01,1.0449742412339207,20
2008-02-04,1.0444397741264444,20
2008-02-05,1.0021807486073095,20
2008-02-06,0.9913572945738289,20
2008-02-07,1.005600319626031,20
2008-02-08,1.0109428459135248,20
2008-02-11,1.0279729029776192,20
2008-02-12,1.0333706696673084,20
2008-02-13,1.055192717616663,20
2008-02-14,1.045743535784556,20
2008-02-15,1.0436196913749336,20
2008-02-19,1.0489746092297096,20
2008-02-20,1.0625739246510317,20
2008-02-21,1.0470031231368115,20
2008-02-22,1.0565321841730853,20
2008-02-25,1.076336785740569,20
2008-02-26,1.0861053575340467,20
2008-02-27,1.0820407208001803,20
2008-02-28,1.0871258103564394,20
2008-02-29,1.0538259874951066,20
2008-03-03,1.062831815298401,20
2008-03-04,1.051411057807871,20
2008-03-05,1.070739260948547,20
2008-03-06,1.0503185525855603,20
2008-03-07,1.0324542433433248,20
2008-03-10,1.0138906190468242,20
2008-03-11,1.0593273794624225,20
2008-03-12,1.050671811015439,20
2008-03-13,1.0632921834535067,20
2008-03-14,1.0434861614347726,20
2008-03-17,1.015942358682603,20
2008-03-18,1.0582587949013813,20
2008-03-19,1.0092568952994843,20
2008-03-20,1.0173881624226109,20
2008-03-24,1.032515091520559,20
2008-03-25,1.0479200241469735,20
2008-03-26,1.0525972050960826,20
2008-03-27,1.035327633593549,20
2008-03-28,1.0331857017636834,20
2008-03-31,1.0437042733810515,20
2008-04-01,1.0716076751178718,20
2008-04-02,1.0733885472426006,20
2008-04-03,1.0821344777314967,20
2008-04-04,1.0909296048097579,20
2008-04-07,1.0924148350397294,20
2008-04-08,1.0956938397743556,20
2008-04-09,1.0953441160934634,20
2008-04-10,1.0987271286596114,20
2008-04-11,1.0824264221419162,20
2008-04-14,1.0870497380273059,20
2008-04-15,1.0955217153529626,20
2008-04-16,1.1258295833797407,20
2008-04-17,1.126676824032655,20
2008-04-18,1.1543097612553963,20
2008-04-21,1.1569674815221496,20
2008-04-22,1.1555890660714394,20
2008-04-23,1.1512907944951223,20
2008-04-24,1.143447916613627,20
2008-04-25,1.1621563482606676,20
2008-04-28,1.1625173830635023,20
2008-04-29,1.1442632713391263,20
2008-04-30,1.1491976856514863,20
2008-05-01,1.149804818260236,20
2008-05-02,1.1605496939218087,20
2008-05-05,1.1696855330914304,20
2008-05-06,1.1909161683970193,20
2008-05-07,1.1686644065503529,20
2008-05-08,1.179749870714588,20
2008-05-09,1.170832090406731,20
2008-05-12,1.1816819469883502,20
2008-05-13,1.1934027876074402,20
2008-05-14,1.1834867903050663,20
2008-05-15,1.202054666230141,20
2008-05-16,1.2165259669664061,20
2008-05-19,1.2185791323008008,20
2008-05-20,1.2209081514026123,20
2008-05-21,1.2027525042264255,20
2008-05-22,1.2003444913240537,20
2008-05-23,1.1809232062839694,20
2008-05-27,1.1837840308419776,20
2008-05-28,1.2019695698484918,20
2008-05-29,1.1893179146331587,20
2008-05-30,1.1947769933849168,20
2008-06-02,1.1890275032399658,20
2008-06-03,1.180290314017748,20
2008-06-04,1.1708546865437985,20
2008-06-05,1.2148714693203992,20
2008-06-06,1.1853338086173637,20
2008-06-09,1.1989396352260433,20
2008-06-10,1.1848755223555059,20
2008-06-11,1.1734342542267717,20
2008-06-12,1.1726415880262917,20
2008-06-13,1.1964536509967814,20
2008-06-16,1.2023042818367096,20
2008-06-17,1.1992814967043044,20
2008-06-18,1.1988795070621365,20
2008-06-19,1.1969183052202712,20
2008-06-20,1.1783014526156692,20
2008-06-23,1.1941778208691487,20
2008-06-24,1.1777374288749047,20
2008-06-25,1.176990767580547,20
2008-06-26,1.1470660017379208,20
2008-06-27,1.1515733962999983,20
2008-06-30,1.162597051295532,20
2008-07-01,1.1636613932620146,20
2008-07-02,1.116149822990956,20
2008-07-03,1.1116633483405631,20
2008-07-07,1.0991325874247746,20
2008-07-08,1.1043388178827958,20
2008-07-09,1.0785266839460332,20
2008-07-10,1.0980402682243016,20
2008-07-11,1.0942557255875842,20
2008-07-14,1.094739713526517,20
2008-07-15,1.0626992822838024,20
2008-07-16,1.0754556907303123,20
2008-07-17,1.0725865709556988,20
2008-07-18,1.0792043971843233,20
2008-07-21,1.094602035647866,20
2008-07-22,1.091385735764094,20
2008-07-23,1.0814490255136358,20
2008-07-24,1.051717893067098,20
2008-07-25,1.0610067108748504,20
2008-07-28,1.048277403453868,20
2008-07-29,1.0659539372385551,20
2008-07-30,1.1015351124027457,20
2008-07-31,1.076353079078463,20
2008-08-01,1.0656621251768748,20
2008-08-04,1.0296679011394156,20
2008-08-05,1.0508332912785399,20
2008-08-06,1.071100327679868,20
2008-08-07,1.055407565051181,20
2008-08-08,1.0631883248782084,20
2008-08-11,1.0626900281514728,20
2008-08-12,1.054134035904124,20
2008-08-13,1.0697663947692615,20
2008-08-14,1.0651234391575999,20
2008-08-15,1.0544727179066973,20
2008-08-18,1.0415366323308786,20
2008-08-19,1.0505872173214839,20
2008-08-20,1.0745540225825998,20
2008-08-21,1.08160720082496,20
2008-08-22,1.0782617856254453,20
2008-08-25,1.0595795821334584,20
2008-08-26,1.069601326458517,20
2008-08-27,1.0848170270797464,20
2008-08-28,1.0905301633948217,20
2008-08-29,1.078478608990498,20
2008-09-02,1.0475483809080202,20
2008-09-03,1.0349229055006794,20
2008-09-04,0.9928990548924855,20
2008-09-05,0.9995166587546193,20
2008-09-08,0.9931019442557423,20
2008-09-09,0.9418741611407687,20
2008-09-10,0.9700600817434435,20
2008-09-11,0.9942096076609457,20
2008-09-12,1.0084369519071845,20
2008-09-15,0.958385485743151,20
2008-09-16,0.9824978454549448,20
2008-09-17,0.9388353315455531,20
2008-09-18,0.975797768062971,20
2008-09-19,1.0223467801611668,20
2008-09-22,0.9918044680330045,20
2008-09-23,0.9718975070800538,20
2008-09-24,0.965365844144237,20
2008-09-25,0.9743169618806286,20
2008-09-26,0.9616588173350007,20
2008-09-29,0.8600961510490457,20
2008-09-30,0.9063375360157215,20
2008-10-01,0.8851112084250836,20
2008-10-02,0.8128283103313675,20
2008-10-03,0.8032162856195274,20
2008-10-06,0.7729701164085051,20
2008-10-07,0.726909519120505,20
2008-10-08,0.7365732555451872,20
2008-10-09,0.6738474312936388,20
2008-10-10,0.6745958291125644,20
2008-10-13,0.7632423304760962,20
2008-10-14,0.7501005455172555,20
2008-10-15,0.6601574087680624,20
2008-10-16,0.7032052533349067,20
2008-10-17,0.6967081604980166,20
2008-10-20,0.7333050430589574,20
2008-10-21,0.7067541937759265,20
2008-10-22,0.653318659618625,20
2008-10-23,0.6541532697888537,20
2008-10-24,0.6354672082652805,20
2008-10-27,0.611873733939479,20
2008-10-28,0.6810451812389179,20
2008-10-29,0.6873201256885048,20
2008-10-30,0.7159487877394172,20
2008-10-31,0.7272913957527688,20
2008-11-03,0.7151422200533373,20
2008-11-04,0.7604490926402163,20
2008-11-05,0.7107896436751263,20
2008-11-06,0.6730339524880716,20
2008-11-07,0.68844117428332,20
2008-11-10,0.6796935276808178,20
2008-11-11,0.661584008507301,20
2008-11-12,0.6269274667362804,20
2008-11-13,0.680747901272411,20
2008-11-14,0.6442528755678216,20
2008-11-17,0.626492168222335,20
2008-11-18,0.6319577571595361,20
2008-11-19,0.5828865484245266,20
2008-11-20,0.5350637628784847,20
2008-11-21,0.573518599939666,20
2008-11-24,0.6234151242400069,20
2008-11-25,0.6333298341553906,20
2008-11-26,0.6596352909349941,20
2008-11-28,0.6591363219739345,20
2008-12-01,0.579507276160168,20
2008-12-02,0.6047676419397716,20
2008-12-03,0.6251552757021649,20
2008-12-04,0.6059662286253539,20
2008-12-05,0.6356362935948446,20
2008-12-08,0.6703953708782302,20
2008-12-09,0.6473287966785032,20
2008-12-10,0.6609454584225288,20
2008-12-11,0.6215080511262542,20
2008-12-12,0.6229457918666048,20
2008-12-15,0.6118641883417837,20
2008-12-16,0.6550596732910455,20
2008-12-17,0.6496468225102877,20
2008-12-18,0.6311816098047309,20
2008-12-19,0.6396898523844557,20
2008-12-22,0.622524752011287,20
2008-12-23,0.6163403718227773,20
2008-12-24,0.6193837695720937,20
2008-12-26,0.6246444902217353,20
2008-12-29,0.6223403826487263,20
2008-12-30,0.6385138209040722,20
2008-12-31,0.6549826957866963,20
2009-01-02,0.6702901328059034,20
2009-01-05,0.6609071039585737,20
2009-01-06,0.667010191240522,20
2009-01-07,0.6431879070302244,20
2009-01-08,0.6408114383790633,20
2009-01-09,0.6257512416106779,20
2009-01-12,0.6052953078515817,20
2009-01-13,0.6129508769782718,20
2009-01-14,0.5882536244232115,20
2009-01-15,0.5864466146806268,20
2009-01-16,0.5828474155864627,20
2009-01-20,0.5318387346186277,20
2009-01-21,0.5688167069706795,20
2009-01-22,0.5563642312088911,20
2009-01-23,0.5633656383342937,20
2009-01-26,0.5662868478995366,20
2009-01-27,0.5714470168664759,20
2009-01-28,0.6057181746565693,20
2009-01-29,0.5759447888297616,20
2009-01-30,0.5672125345615457,20
2009-02-02,0.5627387063523835,20
2009-02-03,0.5677959361872449,20
2009-02-04,0.5676447710768178,20
2009-02-05,0.5761416309019821,20
2009-02-06,0.596195834246071,20
2009-02-09,0.5992138340366069,20
2009-02-10,0.5642480285237623,20
2009-02-11,0.5675257929949188,20
2009-02-12,0.564060074898477,20
2009-02-13,0.5554610987240463,20
2009-02-17,0.5246713164192374,20
2009-02-18,0.5222010732848336,20
2009-02-19,0.515161400632646,20
2009-02-20,0.5096411215901602,20
2009-02-23,0.48869293510651024,20
2009-02-24,0.5174685963924087,20
2009-02-25,0.5096819250659426,20
2009-02-26,0.5058860369323428,20
2009-02-27,0.49555479085928983,20
2009-03-02,0.4727771308556437,20
2009-03-03,0.4687247617440942,20
2009-03-04,0.4799191312103914,20
2009-03-05,0.4584586645856496,20
2009-03-06,0.4594819977163441,20
2009-03-09,0.45461991570234134,20
2009-03-10,0.4882913122236618,20
2009-03-11,0.490009088679674,20
2009-03-12,0.5100872539914187,20
2009-03-13,0.5120905918051506,20
2009-03-16,0.5081045667509823,20
2009-03-17,0.529545075160993,20
2009-03-18,0.5452831124622647,20
2009-03-19,0.5371076862657703,20
2009-03-20,0.5271738375631148,20
2009-03-23,0.5660493710899934,20
2009-03-24,0.5501041639887394,20
2009-03-25,0.5546176465374781,20
2009-03-26,0.5701194688608203,20
2009-03-27,0.5553677731679468,20
2009-03-30,0.5375974078528597,20
2009-03-31,0.548925906520981,20
2009-04-01,0.5550322827172756,20
2009-04-02,0.5730242226405944,20
2009-04-03,0.5832744906811701,20
2009-04-06,0.5742635038048612,20
2009-04-07,0.5578371765265092,20
2009-04-08,0.5679213740687894,20
2009-04-09,0.5904260537791243,20
2009-04-13,0.5908832904979513,20
2009-04-14,0.5766109933874797,20
2009-04-15,0.5883884586346008,20
2009-04-16,0.5948025368635974,20
2009-04-17,0.5960043735457066,20
2009-04-20,0.5716565320090836,20
2009-04-21,0.5865557171823853,20
2009-04-22,0.5799457874538329,20
2009-04-23,0.5889510338493135,20
2009-04-24,0.5916581295739594,20
2009-04-27,0.5851700782298488,20
2009-04-28,0.5824066949884437,20
2009-04-29,0.5951514280579713,20
2009-04-30,0.5888235844218194,20
2009-05-01,0.5852039689975645,20
2009-05-04,0.6018012241692572,20
2009-05-05,0.5976750657073875,20
2009-05-06,0.6007279012356865,20
2009-05-07,0.5873516799512861,20
2009-05-08,0.5926660659153111,20
2009-05-11,0.5819955664189655,20
2009-05-12,0.5807772010612756,20
2009-05-13,0.5665117559731706,20
2009-05-14,0.5751346726130028,20
2009-05-15,0.5666186035894604,20
2009-05-18,0.5859835049800886,20
2009-05-19,0.5816437875731321,20
2009-05-20,0.5806025347690889,20
2009-05-21,0.5729233342121379,20
2009-05-22,0.5744358822359052,20
2009-05-26,0.5939550667547515,20
2009-05-27,0.5811376775061998,20
2009-05-28,0.588168624658289,20
2009-05-29,0.5987173604173371,20
2009-06-01,0.6150288289870797,20
2009-06-02,0.6143024351767267,20
2009-06-03,0.6105059759375021,20
2009-06-04,0.6145975750010007,20
2009-06-05,0.6119039408936581,20
2009-06-08,0.6130547839287479,20
2009-06-09,0.618802228370258,20
2009-06-10,0.6129823338894705,20
2009-06-11,0.6102677111320038,20
2009-06-12,0.6123512226915516,20
2009-06-15,0.5995135728029802,20
2009-06-16,0.5867770120710598,20
2009-06-17,0.5887320965206865,20
2009-06-18,0.5908371740928805,20
2009-06-19,0.5960707357646888,20
2009-06-22,0.5800523738992927,20
2009-06-23,0.5790781485243223,20
2009-06-24,0.586015128606377,20
2009-06-25,0.5981020473300958,20
2009-06-26,0.5942162307933389,20
2009-06-29,0.6001288121907262,20
2009-06-30,0.595121926988147,20
2009-07-01,0.5960703554477617,20
2009-07-02,0.5755581911197482,20
2009-07-06,0.5791202474634354,20
2009-07-07,0.5673809453427278,20
2009-07-08,0.5672230222184577,20
2009-07-09,0.5699222947850306,20
2009-07-10,0.5650920716808433,20
2009-07-13,0.5823546049085103,20
2009-07-14,0.5853794465209868,20
2009-07-15,0.6014866184660367,20
2009-07-16,0.6029524968597176,20
2009-07-17,0.6028065033951828,20
2009-07-20,0.6062934493445856,20
2009-07-21,0.6042396076816666,20
2009-07-22,0.6050437814302229,20
2009-07-23,0.6149086187336069,20
2009-07-24,0.6144972505103403,20
2009-07-27,0.6166015165028789,20
2009-07-28,0.620656818200737,20
2009-07-29,0.6195649406918664,20
2009-07-30,0.6215917828465959,20
2009-07-31,0.6221730174079275,20
2009-08-03,0.6328542389641744,20
2009-08-04,0.6353098942413627,20
2009-08-05,0.6379123122220896,20
2009-08-06,0.6319425096302657,20
2009-08-07,0.643885485152964,20
2009-08-10,0.6385754786027333,20
2009-08-11,0.6296550168131047,20
2009-08-12,0.637254991009256,20
2009-08-13,0.6394356073182663,20
2009-08-14,0.6335830329856967,20
2009-08-17,0.6170684264630443,20
2009-08-18,0.6265622151485875,20
2009-08-19,0.6318623326550155,20
2009-08-20,0.6401147230084607,20
2009-08-21,0.6493373708353026,20
2009-08-24,0.6465688722099618,20
2009-08-25,0.6515628858122643,20
2009-08-26,0.6532644608507513,20
2009-08-27,0.654933310611108,20
2009-08-28,0.6527735133325457,20
2009-08-31,0.6470669346314764,20
2009-09-01,0.6346004115127913,20
2009-09-02,0.6312572148576092,20
2009-09-03,0.6382631293722552,20
2009-09-04,0.6473933253505196,20
2009-09-08,0.6518598373303457,20
2009-09-09,0.6596002471377588,20
2009-09-10,0.6633375889453627,20
2009-09-11,0.660594750818568,20
2009-09-14,0.665615484015936,20
2009-09-15,0.6661054389217304,20
2009-09-16,0.678944175814356,20
2009-09-17,0.677563216213816,20
2009-09-18,0.6795615503003624,20
2009-09-21,0.6763346403664481,20
2009-09-22,0.6801611386449529,20
2009-09-23,0.6725461351601848,20
2009-09-24,0.6656183390492152,20
2009-09-25,0.65998839833607,20
2009-09-28,0.6746919489164472,20
2009-09-29,0.6716061994670498,20
2009-09-30,0.6703467711809941,20
2009-10-01,0.6496922659336432,20
2009-10-02,0.6437109707018459,20
2009-10-05,0.6540122515188658,20
2009-10-06,0.6581698703771969,20
2009-10-07,0.6632229340679082,20
2009-10-08,0.6629250521651662,20
2009-10-09,0.6704631391364934,20
2009-10-12,0.6749338659127423,20
2009-10-13,0.6745633087246368,20
2009-10-14,0.6869019382325499,20
2009-10-15,0.684452698778449,20
2009-10-16,0.6823182336331376,20
2009-10-19,0.691868950975632,20
2009-10-20,0.6880767499093655,20
2009-10-21,0.6818793449628204,20
2009-10-22,0.6898393017931077,20
2009-10-23,0.6801503594918664,20
2009-10-26,0.6747331954164505,20
2009-10-27,0.6666311197814737,20
2009-10-28,0.6498704486987322,20
2009-10-29,0.6693362306204504,20
2009-10-30,0.6461127305057237,20
2009-11-02,0.6534390163279025,20
2009-11-03,0.6599696773196996,20
2009-11-04,0.6624577825600285,20
2009-11-05,0.6828684269508393,20
2009-11-06,0.681817837505483,20
2009-11-09,0.7000724823810464,20
2009-11-10,0.6988518736309236,20
2009-11-11,0.7022301529575147,20
2009-11-12,0.6947809470298073,20
2009-11-13,0.7013390730302432,20
2009-11-16,0.7107599215149701,20
2009-11-17,0.7122193453634853,20
2009-11-18,0.708864789987394,20
2009-11-19,0.7003931289504151,20
2009-11-20,0.6963490400273981,20
2009-11-23,0.7062410556493147,20
2009-11-24,0.7068164532265573,20
2009-11-25,0.7134808517207792,20
2009-11-27,0.6999925316129255,20
2009-11-30,0.6998276654438021,20
2009-12-01,0.7117989667186208,20
2009-12-02,0.7131276933883005,20
2009-12-03,0.7041405335682527,20
2009-12-04,0.7115599408634994,20
2009-12-07,0.7113527460421186,20
2009-12-08,0.7094208553637992,20
2009-12-09,0.7153982106900297,20
2009-12-10,0.7171037174640215,20
2009-12-11,0.7154624098136412,20
2009-12-14,0.7214832079332746,20
2009-12-15,0.7141059871725941,20
2009-12-16,0.721965319883777,20
2009-12-17,0.7142604355973021,20
2009-12-18,0.7239158212579069,20
2009-12-21,0.7319582120482537,20
2009-12-22,0.7390080380811022,20
2009-12-23,0.7444890064750784,20
2009-12-24,0.7486940606995742,20
2009-12-28,0.7468477972549071,20
2009-12-29,0.7457579758378051,20
2009-12-30,0.7458630646237042,20
2009-12-31,0.7395446373712177,20
2010-01-04,0.7518472856493253,20
2010-01-05,0.755529616176585,20
2010-01-06,0.7552549608835879,20
2010-01-07,0.7548069249789349,20
2010-01-08,0.7563115619221493,20
2010-01-11,0.7533735192250006,20
2010-01-12,0.7372483191144199,20
2010-01-13,0.7444679216944532,20
2010-01-14,0.7471102123818402,20
2010-01-15,0.7348511221391658,20
2010-01-19,0.743903708495289,20
2010-01-20,0.732704254385764,20
2010-01-21,0.7192993608281769,20
2010-01-22,0.6980245719955173,20
2010-01-25,0.6993871072752779,20
2010-01-26,0.6943403726126317,20
2010-01-27,0.6980906588994115,20
2010-01-28,0.6803395128033705,20
2010-01-29,0.666175353683048,20
2010-02-01,0.683662686974046,20
2010-02-02,0.6964183959760842,20
2010-02-03,0.6966031480909152,20
2010-02-04,0.6648064662137014,20
2010-02-05,0.6723152081758507,20
2010-02-08,0.6703036448948021,20
2010-02-09,0.6826431887799941,20
2010-02-10,0.6807321379714167,20
2010-02-11,0.6939731113006404,20
2010-02-12,0.6966221925453406,20
2010-02-16,0.7119779774040428,20
2010-02-17,0.7111419231836262,20
2010-02-18,0.7144854891424728,20
2010-02-19,0.716015324550432,20
2010-02-22,0.7132915463674243,20
2010-02-23,0.7016514465648639,20
2010-02-24,0.7065723219815477,20
2010-02-25,0.7081683026321963,20
2010-02-26,0.7112146157145491,20
2010-03-01,0.7281659535881572,20
2010-03-02,0.7315700483964659,20
2010-03-03,0.7312793303153804,20
2010-03-04,0.732665124508819,20
2010-03-05,0.7455158588102796,20
2010-03-08,0.74458361651803,20
2010-03-09,0.7463626236759462,20
2010-03-10,0.7508503436236429,20
2010-03-11,0.7512558371419401,20
2010-03-12,0.7513631524609965,20
2010-03-15,0.7494452291008902,20
2010-03-16,0.755558004863456,20
2010-03-17,0.7586219577859252,20
2010-03-18,0.7586620249133813,20
2010-03-19,0.7507843153126614,20
2010-03-22,0.7630515535260133,20
2010-03-23,0.771558462983612,20
2010-03-24,0.7637781978759269,20
2010-03-25,0.7591732714895121,20
2010-03-26,0.7595326859557484,20
2010-03-29,0.7685067219323274,20
2010-03-30,0.7699739654490595,20
2010-03-31,0.7643697224806131,20
2010-04-01,0.7708793658695925,20
2010-04-05,0.7811879674532958,20
2010-04-06,0.7839939067243903,20
2010-04-07,0.7781666648178759,20
2010-04-08,0.778769627249734,20
2010-04-09,0.7870516900453718,20
2010-04-12,0.7900060741389158,20
2010-04-13,0.7901297847256775,20
2010-04-14,0.8069108380224398,20
2010-04-15,0.809300198405611,20
2010-04-16,0.7942928749071625,20
2010-04-19,0.7933910649043605,20
2010-04-20,0.8011234293142353,20
2010-04-21,0.8025385133951914,20
2010-04-22,0.8114558788665968,20
2010-04-23,0.8213282140039397,20
2010-04-26,0.8190119871378891,20
2010-04-27,0.7914349023976709,20
2010-04-28,0.7961784005731044,20
2010-04-29,0.8070182656815529,20
2010-04-30,0.7823063229072591,20
2010-05-03,0.799580411145337,20
2010-05-04,0.775190093864565,20
2010-05-05,0.7702191990831668,20
2010-05-06,0.7417445593522969,20
2010-05-07,0.7188142357612819,20
2010-05-10,0.7682090810382823,20
2010-05-11,0.7668752707185461,20
2010-05-12,0.7855303316100855,20
2010-05-13,0.7727879207825006,20
2010-05-14,0.7505657892737447,20
2010-05-17,0.7519282262643333,20
2010-05-18,0.7346765024776661,20
2010-05-19,0.7268633298172796,20
2010-05-20,0.6949200279348213,20
2010-05-21,0.7134130248872627,20
2010-05-24,0.7041438330511651,20
2010-05-25,0.704092581404242,20
2010-05-26,0.7053794011668154,20
2010-05-27,0.7412515580099911,20
2010-05-28,0.7271496025415952,20
2010-06-01,0.7104890893183993,20
2010-06-02,0.7359773431363071,20
2010-06-03,0.7433672085979114,20
2010-06-04,0.704481702103306,20
2010-06-07,0.6873872111144683,20
2010-06-08,0.6962848607092783,20
2010-06-09,0.6969584710501964,20
2010-06-10,0.7225140210269664,20
2010-06-11,0.7334896386840999,20
2010-06-14,0.7329944393895323,20
2010-06-15,0.7585975899642499,20
2010-06-16,0.7574026491576308,20
2010-06-17,0.759141326518598,20
2010-06-18,0.7606191134838727,20
2010-06-21,0.7572448371434225,20
2010-06-22,0.7386898432320306,20
2010-06-23,0.7420070066156261,20
2010-06-24,0.7234173766121098,20
2010-06-25,0.7324413230977169,20
2010-06-28,0.7260744817724154,20
2010-06-29,0.6893839026797399,20
2010-06-30,0.6812713696120775,20
2010-07-01,0.6795912042541234,20
2010-07-02,0.6724317651918913,20
2010-07-06,0.6717476609481683,20
2010-07-07,0.7003611287576107,20
2010-07-08,0.7053557038955044,20
2010-07-09,0.7138821524427682,20
2010-07-12,0.71110027016103,20
2010-07-13,0.7297654633467383,20
2010-07-14,0.7300996159247757,20
2010-07-15,0.7287751037983714,20
2010-07-16,0.7013399180555292,20
2010-07-19,0.7062884696109296,20
2010-07-20,0.7191601476404438,20
2010-07-21,0.714913558742386,20
2010-07-22,0.739377089792977,20
2010-07-23,0.7566264408586104,20
2010-07-26,0.7672304643771689,20
2010-07-27,0.7602729794622098,20
2010-07-28,0.7541424389126253,20
2010-07-29,0.756350434372705,20
2010-07-30,0.7600975981087459,20
2010-08-02,0.7785785438373269,20
2010-08-03,0.7726176383569245,20
2010-08-04,0.78317636596915,20
2010-08-05,0.7788969275046962,20
2010-08-06,0.773500159429823,20
2010-08-09,0.7798268450872525,20
2010-08-10,0.7725951360920084,20
2010-08-11,0.7458874353277993,20
2010-08-12,0.7357806277732281,20
2010-08-13,0.7322176964906459,20
2010-08-16,0.7313579379332513,20
2010-08-17,0.7484473548056562,20
2010-08-18,0.7519922296682297,20
2010-08-19,0.7356230659681835,20
2010-08-20,0.7355822235898398,20
2010-08-23,0.7261210748984995,20
2010-08-24,0.7126189608956782,20
2010-08-25,0.7141892419568439,20
2010-08-26,0.7085860611404327,20
2010-08-27,0.7257279061590525,20
2010-08-30,0.7123923816225123,20
2010-08-31,0.7112016632065378,20
2010-09-01,0.7401167952137416,20
2010-09-02,0.7524104004035846,20
2010-09-03,0.7634911703296255,20
2010-09-07,0.7549334482692026,20
2010-09-08,0.7631283386704858,20
2010-09-09,0.7601418226716343,20
2010-09-10,0.7625205354252382,20
2010-09-13,0.7753787143099584,20
2010-09-14,0.7748310997917183,20
2010-09-15,0.7763204669804558,20
2010-09-16,0.7763002198155597,20
2010-09-17,0.7826267984552189,20
2010-09-20,0.7984962757638049,20
2010-09-21,0.7963707059064863,20
2010-09-22,0.788572655894997,20
2010-09-23,0.7811453398083624,20
2010-09-24,0.8023722106861958,20
2010-09-27,0.7945659722235626,20
2010-09-28,0.8017015993274865,20
2010-09-29,0.7990641149933482,20
2010-09-30,0.7909593693805571,20
2010-10-01,0.7919673530814472,20
2010-10-04,0.7834530279770493,20
2010-10-05,0.802556018281539,20
2010-10-06,0.7973909714579971,20
2010-10-07,0.7987179099766035,20
2010-10-08,0.8044011738664075,20
2010-10-11,0.8007114160801604,20
2010-10-12,0.805042859828719,20
2010-10-13,0.8171240101159266,20
2010-10-14,0.8156601913113036,20
2010-10-15,0.8134632173987744,20
2010-10-18,0.8130208641351815,20
2010-10-19,0.8008677042954514,20
2010-10-20,0.8162560999132203,20
2010-10-21,0.8173496707807443,20
2010-10-22,0.8224310517396769,20
2010-10-25,0.825762688385713,20
2010-10-26,0.8230295555544266,20
2010-10-27,0.8193010464426309,20
2010-10-28,0.8234318474259424,20
2010-10-29,0.8229570597182129,20
2010-11-01,0.8264883369903074,20
2010-11-02,0.834726193240455,20
2010-11-03,0.8365933638222085,20
2010-11-04,0.855073145671829,20
2010-11-05,0.8579296147255386,20
2010-11-08,0.8588064865794299,20
2010-11-09,0.848922254068569,20
2010-11-10,0.8558493891570855,20
2010-11-11,0.8525552227200351,20
2010-11-12,0.841154478526497,20
2010-11-15,0.8396513988866867,20
2010-11-16,0.8211668754090445,20
2010-11-17,0.8214532822029548,20
2010-11-18,0.8398613499711979,20
2010-11-19,0.8456124163969813,20
2010-11-22,0.8501386994306623,20
2010-11-23,0.8392174741470534,20
2010-11-24,0.8567592882009748,20
2010-11-26,0.8521532445150195,20
2010-11-29,0.8478026164769655,20
2010-11-30,0.842147803590239,20
2010-12-01,0.8608480629863995,20
2010-12-02,0.8746239337595282,20
2010-12-03,0.8768772768161271,20
2010-12-06,0.8772703726466088,20
2010-12-07,0.8786179987555257,20
2010-12-08,0.8801451273055119,20
2010-12-09,0.8791081791391856,20
2010-12-10,0.8835095601692561,20
2010-12-13,0.8819745291378721,20
2010-12-14,0.8782955050624608,20
2010-12-15,0.8729986555163515,20
2010-12-16,0.8806316214516733,20
2010-12-17,0.8798244200213792,20
2010-12-20,0.8857809713989251,20
2010-12-21,0.8974459639301904,20
2010-12-22,0.896802450552904,20
2010-12-23,0.8924209138742952,20
2010-12-27,0.8928462779577673,20
2010-12-28,0.8912969859424398,20
2010-12-29,0.8936144328228326,20
2010-12-30,0.89262952597767,20
2010-12-31,0.8901408442448224,20
2011-01-03,0.905979633051897,20
2011-01-04,0.8975720064216242,20
2011-01-05,0.9113338120960394,20
2011-01-06,0.9031385987802542,20
2011-01-07,0.9007044250289102,20
2011-01-10,0.9068317325998061,20
2011-01-11,0.9084649787211034,20
2011-01-12,0.9128081502216675,20
2011-01-13,0.9143104637031578,20
2011-01-14,0.9206207210239029,20
2011-01-18,0.9238419882771035,20
2011-01-19,0.910134360652847,20
2011-01-20,0.886675782880539,20
2011-01-21,0.8877591400025024,20
2011-01-24,0.8879131812824703,20
2011-01-25,0.8861070144294134,20
2011-01-26,0.8983312965385455,20
2011-01-27,0.9024358152200498,20
2011-01-28,0.8884569233310379,20
2011-01-31,0.9014339752647489,20
2011-02-01,0.9152400293898613,20
2011-02-02,0.9200277898404708,20
2011-02-03,0.92264504447016,20
2011-02-04,0.9294217989490401,20
2011-02-07,0.9325646154486903,20
2011-02-08,0.9384405560015355,20
2011-02-09,0.9335428399838058,20
2011-02-10,0.9429174790563506,20
2011-02-11,0.9517895913224013,20
2011-02-14,0.9555222696627698,20
2011-02-15,0.9483034365913663,20
2011-02-16,0.9541383625598017,20
2011-02-17,0.9476305814429179,20
2011-02-18,0.9521820807686436,20
2011-02-22,0.9220405747917207,20
2011-02-23,0.9030169099465639,20
2011-02-24,0.9098512663893866,20
2011-02-25,0.9285941106657166,20
2011-02-28,0.9304674552245022,20
2011-03-01,0.9089740077406534,20
2011-03-02,0.9131433182665444,20
2011-03-03,0.9361224288178035,20
2011-03-04,0.9275777320674939,20
2011-03-07,0.911086394534834,20
2011-03-08,0.9221271270045921,20
2011-03-09,0.9161794849636979,20
2011-03-10,0.8977243269380718,20
2011-03-11,0.9061270884744803,20
2011-03-14,0.8991162299418295,20
2011-03-15,0.8931502568014216,20
2011-03-16,0.877962982775991,20
2011-03-17,0.890494586255885,20
2011-03-18,0.8933144741193688,20
2011-03-21,0.9141610053872417,20
2011-03-22,0.9059808657332078,20
2011-03-23,0.9102092675066829,20
2011-03-24,0.9275589104726908,20
2011-03-25,0.9294500875605926,20
2011-03-28,0.9234225860936037,20
2011-03-29,0.9351951744250872,20
2011-03-30,0.947351547438551,20
2011-03-31,0.9496512714108046,20
2011-04-01,0.9518426562299689,20
2011-04-04,0.9509003590694719,20
2011-04-05,0.9531636039248094,20
2011-04-06,0.947778346051774,20
2011-04-07,0.9461355053669158,20
2011-04-08,0.9411611909295431,20
2011-04-11,0.935735933533101,20
2011-04-12,0.9237390650509253,20
2011-04-13,0.9311778342990953,20
2011-04-14,0.9331575263918502,20
2011-04-15,0.9329325832949293,20
2011-04-18,0.923500604159858,20
2011-04-19,0.9321421786262548,20
2011-04-20,0.9599328899110198,20
2011-04-21,0.9726452665581548,20
2011-04-25,0.9680772551448475,20
2011-04-26,0.9765658052982233,20
2011-04-27,0.9778086650468466,20
2011-04-28,0.9665446836390781,20
2011-04-29,0.9711844126439654,20
2011-05-02,0.9601501701057386,20
2011-05-03,0.9497368112649113,20
2011-05-04,0.9387883074235513,20
2011-05-05,0.9348129881556557,20
2011-05-06,0.943007586913671,20
2011-05-09,0.9549961779822556,20
2011-05-10,0.9658585596310381,20
2011-05-11,0.9453233062016626,20
2011-05-12,0.9476567619717485,20
2011-05-13,0.9361416487148427,20
2011-05-16,0.9274537072357014,20
2011-05-17,0.9193157226518933,20
2011-05-18,0.9394007423287912,20
2011-05-19,0.9432958978720934,20
2011-05-20,0.9379310272911371,20
2011-05-23,0.9243118280236241,20
2011-05-24,0.9240557641875352,20
2011-05-25,0.938149516247006,20
2011-05-26,0.9492779357947855,20
2011-05-27,0.9556799433091162,20
2011-05-31,0.9607805678711281,20
2011-06-01,0.9350170427113329,20
2011-06-02,0.944070245320603,20
2011-06-03,0.9319775297759744,20
2011-06-06,0.9176464218654653,20
2011-06-07,0.9191696800819065,20
2011-06-08,0.909157960259632,20
2011-06-09,0.9243932700728683,20
2011-06-10,0.9077523276291349,20
2011-06-13,0.897886076106294,20
2011-06-14,0.915544310759698,20
2011-06-15,0.892022245448654,20
2011-06-16,0.883889775773797,20
2011-06-17,0.8845436662754649,20
2011-06-20,0.8909103198489602,20
2011-06-21,0.9174985788187878,20
2011-06-22,0.9108738832631046,20
2011-06-23,0.9134927189591733,20
2011-06-24,0.8995897393064592,20
2011-06-27,0.9074779837219432,20
2011-06-28,0.9286749440650099,20
2011-06-29,0.934835170947581,20
2011-06-30,0.9439868447500307,20
2011-07-01,0.9600000783572267,20
2011-07-05,0.9611149336346974,20
2011-07-06,0.9637951091912373,20
2011-07-07,0.9750408803113098,20
2011-07-08,0.9657588242258932,20
2011-07-11,0.9412758615279623,20
2011-07-12,0.9315772928092526,20
2011-07-13,0.9393751796359384,20
2011-07-14,0.9300847874007522,20
2011-07-15,0.9407661372344474,20
2011-07-18,0.9309026658290449,20
2011-07-19,0.9528037205885538,20
2011-07-20,0.9472548904208057,20
2011-07-21,0.953532742632659,20
2011-07-22,0.9552063812922198,20
2011-07-25,0.9515920157836688,20
2011-07-26,0.949235777086075,20
2011-07-27,0.926049884492756,20
2011-07-28,0.9217844052379348,20
2011-07-29,0.9160637331355421,20
2011-08-01,0.9107959060281388,20
2011-08-02,0.8655056112905911,20
2011-08-03,0.8748518888064141,20
2011-08-04,0.8198370690329719,20
2011-08-05,0.8197666184394132,20
2011-08-08,0.7475749962898661,20
2011-08-09,0.7960777224465226,20
2011-08-10,0.7636371724306903,20
2011-08-11,0.8023314862717869,20
2011-08-12,0.8120028939496057,20
2011-08-15,0.8312448632815386,20
2011-08-16,0.8152436537974185,20
2011-08-17,0.8107167673421171,20
2011-08-18,0.7517200517283406,20
2011-08-19,0.734213511791645,20
2011-08-22,0.7356572616060003,20
2011-08-23,0.7738127028816713,20
2011-08-24,0.7842557167852834,20
2011-08-25,0.7700393839235676,20
2011-08-26,0.7906540248769991,20
2011-08-29,0.8187364375330228,20
2011-08-30,0.8249520864729796,20
2011-08-31,0.8304351594743866,20
2011-09-01,0.8210364357277957,20
2011-09-02,0.7976868245913223,20
2011-09-06,0.7944487900166661,20
2011-09-07,0.8215842756946564,20
2011-09-08,0.8145993603555681,20
2011-09-09,0.7856724880133318,20
2011-09-12,0.7893409096738522,20
2011-09-13,0.8030534487339708,20
2011-09-14,0.815144870614873,20
2011-09-15,0.8303004024250262,20
2011-09-16,0.8331933066608885,20
2011-09-19,0.8250462631646707,20
2011-09-20,0.8155623174072861,20
2011-09-21,0.782742193867099,20
2011-09-22,0.7470130304676674,20
2011-09-23,0.7481894321733858,20
2011-09-26,0.7683292596609443,20
2011-09-27,0.7793775462817252,20
2011-09-28,0.7562763633518602,20
2011-09-29,0.752672730920122,20
2011-09-30,0.7283776111166045,20
2011-10-03,0.704032661305673,20
2011-10-04,0.7226964568758724,20
2011-10-05,0.7397592527083526,20
2011-10-06,0.7593364580343402,20
2011-10-07,0.7488776871781898,20
2011-10-10,0.7796802338992771,20
2011-10-11,0.7846369515338706,20
2011-10-12,0.7901489123236154,20
2011-10-13,0.7916200067401723,20
2011-10-14,0.814317436805427,20
2011-10-17,0.7964723034584671,20
2011-10-18,0.8075412681988244,20
2011-10-19,0.7948808518023626,20
2011-10-20,0.7982944260530621,20
2011-10-21,0.811005586927474,20
2011-10-24,0.8301630839937271,20
2011-10-25,0.8141041996804377,20
2011-10-26,0.8192162073999,20
2011-10-27,0.8506087414492363,20
2011-10-28,0.8542083760634157,20
2011-10-31,0.8338252001924434,20
2011-11-01,0.8089855306616804,20
2011-11-02,0.8234935609887044,20
2011-11-03,0.8406451913364552,20
2011-11-04,0.8375610690795078,20
2011-11-07,0.838606502201846,20
2011-11-08,0.8489742310507975,20
2011-11-09,0.8205508791727981,20
2011-11-10,0.8268014888511958,20
2011-11-11,0.8452578321810045,20
2011-11-14,0.8370872284166663,20
2011-11-15,0.8447231180943253,20
2011-11-16,0.8264284372745827,20
2011-11-17,0.8152818510176092,20
2011-11-18,0.81088549305727,20
2011-11-21,0.8013018030991872,20
2011-11-22,0.8014412630901119,20
2011-11-23,0.7787787608921353,20
2011-11-25,0.7756965633669224,20
2011-11-28,0.8019238045816478,20
2011-11-29,0.8021406306070972,20
2011-11-30,0.8371441389012277,20
2011-12-01,0.8384452033004706,20
2011-12-02,0.8373295177648801,20
2011-12-05,0.8427350030906483,20
2011-12-06,0.8406429567123069,20
2011-12-07,0.8400830000393206,20
2011-12-08,0.8210527474033733,20
2011-12-09,0.8352808971886838,20
2011-12-12,0.8240647657252992,20
2011-12-13,0.8151531903150131,20
2011-12-14,0.8029455851882285,20
2011-12-15,0.804196725642418,20
2011-12-16,0.8061013531886466,20
2011-12-19,0.7991392734996196,20
2011-12-20,0.8244315338788281,20
2011-12-21,0.8265063625626147,20
2011-12-22,0.8338761318279061,20
2011-12-23,0.8438049953586194,20
2011-12-27,0.8469020025611447,20
2011-12-28,0.8331985866212244,20
2011-12-29,0.8430100486829978,20
2011-12-30,0.8381033894744275,20
2012-01-03,0.8468096516141388,20
2012-01-04,0.8463915433734093,20
2012-01-05,0.8500017107544862,20
2012-01-06,0.8470595031242438,20
2012-01-09,0.8479885651579585,20
2012-01-10,0.8550131353887656,20
2012-01-11,0.848246338028565,20
2012-01-12,0.848392392243084,20
2012-01-13,0.8455065847002967,20
2012-01-17,0.8503690483639635,20
2012-01-18,0.8601847967833495,20
2012-01-19,0.861719609276451,20
2012-01-20,0.856564819296661,20
2012-01-23,0.8578889241260734,20
2012-01-24,0.8603495970523511,20
2012-01-25,0.8673897935900964,20
2012-01-26,0.8592980817555222,20
2012-01-27,0.8574886487106983,20
2012-01-30,0.8547931349436234,20
2012-01-31,0.8597404575502643,20
2012-02-01,0.8670599637366079,20
2012-02-02,0.8709859347555926,20
2012-02-03,0.8833967506110602,20
2012-02-06,0.8816119570317767,20
2012-02-07,0.8844001352044777,20
2012-02-08,0.8835250801671835,20
2012-02-09,0.8863155110126387,20
2012-02-10,0.8828021464012167,20
2012-02-13,0.8889366145437271,20
2012-02-14,0.8912741305763989,20
2012-02-15,0.8867566384626795,20
2012-02-16,0.8899858569707794,20
2012-02-17,0.897534734629444,20
2012-02-21,0.8991749875725789,20
2012-02-22,0.9000452168442212,20
2012-02-23,0.904062191639271,20
2012-02-24,0.9093814135821493,20
2012-02-27,0.9138881993089745,20
2012-02-28,0.9124981910605154,20
2012-02-29,0.9070191419245026,20
2012-03-01,0.9143206387561115,20
2012-03-02,0.9087002386319419,20
2012-03-05,0.9053294900389958,20
2012-03-06,0.8881059243899966,20
2012-03-07,0.8970976169002371,20
2012-03-08,0.9115875034397526,20
2012-03-09,0.9169559875271631,20
2012-03-12,0.9150025417096901,20
2012-03-13,0.9270001914722921,20
2012-03-14,0.9251720374603745,20
2012-03-15,0.9317440485591152,20
2012-03-16,0.9313952204692727,20
2012-03-19,0.9317739832390823,20
2012-03-20,0.9293655800943477,20
2012-03-21,0.9301722780432792,20
2012-03-22,0.9275445232856385,20
2012-03-23,0.9289064792606535,20
2012-03-26,0.9425900091013784,20
2012-03-27,0.9428522875741697,20
2012-03-28,0.9387179815932356,20
2012-03-29,0.9371878853608083,20
2012-03-30,0.9369413336082956,20
2012-04-02,0.9447272540835137,20
2012-04-03,0.9418259835905314,20
2012-04-04,0.9316876965233274,20
2012-04-05,0.9358080850121148,20
2012-04-09,0.9267691270984669,20
2012-04-10,0.9074806209727269,20
2012-04-11,0.9190232738965056,20
2012-04-12,0.9357103522104384,20
2012-04-13,0.9302508868020692,20
2012-04-16,0.9272045099690286,20
2012-04-17,0.9398163650741339,20
2012-04-18,0.939080477283606,20
2012-04-19,0.9332197069359919,20
2012-04-20,0.9415255522717233,20
2012-04-23,0.9315211541183182,20
2012-04-24,0.9297619696697217,20
2012-04-25,0.9506307931971208,20
2012-04-26,0.9599910741877199,20
2012-04-27,0.9657548660429023,20
2012-04-30,0.9598670106406189,20
2012-05-01,0.965428929393422,20
2012-05-02,0.9680087415057497,20
2012-05-03,0.9553170599421316,20
2012-05-04,0.9363225068838105,20
2012-05-07,0.9338759916075912,20
2012-05-08,0.9265826964505397,20
2012-05-09,0.9197558621621063,20
2012-05-10,0.9140925201107046,20
2012-05-11,0.9143832735040239,20
2012-05-14,0.9016938562210354,20
2012-05-15,0.8993425790383487,20
2012-05-16,0.8917797516876693,20
2012-05-17,0.8704191282627374,20
2012-05-18,0.8644356958712577,20
2012-05-21,0.8864902211443946,20
2012-05-22,0.8907794368256258,20
2012-05-23,0.8936362626461066,20
2012-05-24,0.893776648489011,20
2012-05-25,0.8907997328320844,20
2012-05-29,0.904493828514934,20
2012-05-30,0.8900477064665128,20
2012-05-31,0.8855156087773134,20
2012-06-01,0.8521841738640838,20
2012-06-04,0.8541037867535269,20
2012-06-05,0.8650769833254363,20
2012-06-06,0.8847700911265994,20
2012-06-07,0.8836825995871032,20
2012-06-08,0.8927544236701687,20
2012-06-11,0.8779602643782282,20
2012-06-12,0.8888429742102373,20
2012-06-13,0.8743013181241807,20
2012-06-14,0.8796658257194531,20
2012-06-15,0.8914877410676392,20
2012-06-18,0.8977519574780974,20
2012-06-19,0.9108456755656266,20
2012-06-20,0.9127637019205334,20
2012-06-21,0.8884737112480593,20
2012-06-22,0.9001528318619028,20
2012-06-25,0.8820586364643876,20
2012-06-26,0.8902176100816984,20
2012-06-27,0.8961853907340822,20
2012-06-28,0.8886374399451904,20
2012-06-29,0.9089036977948028,20
2012-07-02,0.9133050069061047,20
2012-07-03,0.9155313797403977,20
2012-07-05,0.9183478634076642,20
2012-07-06,0.909063891558406,20
2012-07-09,0.9083590416072899,20
2012-07-10,0.8955376839280852,20
2012-07-11,0.8932335544887225,20
2012-07-12,0.8891408973195274,20
2012-07-13,0.9058721715187567,20
2012-07-16,0.9062969606712326,20
2012-07-17,0.9115671900137782,20
2012-07-18,0.9178706238970091,20
2012-07-19,0.9244124170938929,20
2012-07-20,0.9168913108092125,20
2012-07-23,0.9060088827308547,20
2012-07-24,0.8954900213652441,20
2012-07-25,0.8913594273949389,20
2012-07-26,0.9077438261902312,20
2012-07-27,0.9243829382908467,20
2012-07-30,0.9217468151253967,20
2012-07-31,0.9049592281224533,20
2012-08-01,0.9010861203995304,20
2012-08-02,0.9020793435224523,20
2012-08-03,0.9193643740735925,20
2012-08-06,0.9193087544952249,20
2012-08-07,0.9246467993990045,20
2012-08-08,0.9270528436974068,20
2012-08-09,0.9273748415285817,20
2012-08-10,0.9281585319002106,20
2012-08-13,0.9298352657235883,20
2012-08-14,0.9330367969808889,20
2012-08-15,0.9375708049076747,20
2012-08-16,0.9484527860359346,20
2012-08-17,0.9505168355121937,20
2012-08-20,0.9442455145189685,20
2012-08-21,0.9401660233995807,20
2012-08-22,0.9452269569668129,20
2012-08-23,0.9359800277287518,20
2012-08-24,0.9416059336364836,20
2012-08-27,0.9409153517049856,20
2012-08-28,0.9402299205911293,20
2012-08-29,0.9421949816304249,20
2012-08-30,0.9334448935567125,20
2012-08-31,0.9396293119033937,20
2012-09-04,0.9400057794314325,20
2012-09-05,0.9352344534188728,20
2012-09-06,0.9574372586218968,20
2012-09-07,0.9589054114768272,20
2012-09-10,0.9513432267217006,20
2012-09-11,0.9564431058641609,20
2012-09-12,0.9613849447646855,20
2012-09-13,0.9792647525060363,20
2012-09-14,0.9861907844034876,20
2012-09-17,0.9783439157573068,20
2012-09-18,0.9753169978021085,20
2012-09-19,0.9797559677081663,20
2012-09-20,0.9813914789480143,20
2012-09-21,0.9852543540762416,20
2012-09-24,0.982553315853954,20
2012-09-25,0.9725565092310761,20
2012-09-26,0.958520657524138,20
2012-09-27,0.9735727168073826,20
2012-09-28,0.9676628315712329,20
2012-10-01,0.970377411534412,20
2012-10-02,0.9721556149188866,20
2012-10-03,0.9851450831644275,20
2012-10-04,0.9909497522619337,20
2012-10-05,0.9909323395612626,20
2012-10-08,0.9854246313425967,20
2012-10-09,0.9677415310747057,20
2012-10-10,0.9651464639915489,20
2012-10-11,0.9645285422173002,20
2012-10-12,0.9604882740951546,20
2012-10-15,0.9713197857326414,20
2012-10-16,0.9819242081103021,20
2012-10-17,0.986765154431796,20
2012-10-18,0.9884258409620059,20
2012-10-19,0.9765524417381208,20
2012-10-22,0.9800877213476666,20
2012-10-23,0.9637427127660416,20
2012-10-24,0.9597253067940844,20
2012-10-25,0.9614531542026363,20
2012-10-26,0.9611993677044327,20
2012-10-31,0.9601754831359552,20
2012-11-01,0.9745705177535838,20
2012-11-02,0.9619027327240589,20
2012-11-05,0.967383809223962,20
2012-11-06,0.9790723578921541,20
2012-11-07,0.9546995769492097,20
2012-11-08,0.9441484043297108,20
2012-11-09,0.9452909995270911,20
2012-11-12,0.9384263680951983,20
2012-11-13,0.9355140936088495,20
2012-11-14,0.915989170799801,20
2012-11-15,0.9153572547529972,20
2012-11-16,0.9283968269129536,20
2012-11-19,0.9468699898542671,20
2012-11-20,0.947601177948937,20
2012-11-21,0.9493135130512278,20
2012-11-23,0.9623757326963617,20
2012-11-26,0.9628950452660464,20
2012-11-27,0.9563953946811269,20
2012-11-28,0.960758270603079,20
2012-11-29,0.9637265843779064,20
2012-11-30,0.9653548424477065,20
2012-12-03,0.9597622877710459,20
2012-12-04,0.9544036157632034,20
2012-12-05,0.9591333169033492,20
2012-12-06,0.966292056496014,20
2012-12-07,0.9672285384611814,20
2012-12-10,0.9648932366749957,20
2012-12-11,0.9693596723538875,20
2012-12-12,0.9667865852718244,20
2012-12-13,0.9595674833901969,20
2012-12-14,0.9562845615805705,20
2012-12-17,0.9719091851771255,20
2012-12-18,0.9852458769635568,20
2012-12-19,0.9815801390029613,20
2012-12-20,0.9892277925452814,20
2012-12-21,0.9786920274496793,20
2012-12-24,0.9765326682088508,20
2012-12-26,0.9708154649296856,20
2012-12-27,0.9715459296693846,20
2012-12-28,0.9622317014862463,20
2012-12-31,0.9825849171559634,20
2013-01-02,1.0105604896657057,20
2013-01-03,1.0042874815756044,20
2013-01-04,1.0121088448444568,20
2013-01-07,1.0113471332133621,20
2013-01-08,1.0098278460119068,20
2013-01-09,1.0189539698054189,20
2013-01-10,1.0232208937844287,20
2013-01-11,1.021699454398308,20
2013-01-14,1.0215411306070776,20
2013-01-15,1.021213895049515,20
2013-01-16,1.019331896861102,20
2013-01-17,1.0292265991536464,20
2013-01-18,1.0302221950180108,20
2013-01-22,1.0364414051376298,20
2013-01-23,1.0403343697094007,20
2013-01-24,1.041290277302365,20
2013-01-25,1.0507274456183189,20
2013-01-28,1.0478199633247807,20
2013-01-29,1.0535763746697133,20
2013-01-30,1.0523506171415158,20
2013-01-31,1.0502710268607518,20
2013-02-01,1.0595814083516786,20
2013-02-04,1.0453478248952301,20
2013-02-05,1.0543495727229404,20
2013-02-06,1.0556197057030263,20
2013-02-07,1.051603078827678,20
2013-02-08,1.058272569112491,20
2013-02-11,1.0536239033706514,20
2013-02-12,1.0578105703440086,20
2013-02-13,1.0608521207103216,20
2013-02-14,1.081766958422891,20
2013-02-15,1.0791023353857536,20
2013-02-19,1.08176583702108,20
2013-02-20,1.0575259707798017,20
2013-02-21,1.0538824013099994,20
2013-02-22,1.0631565639054332,20
2013-02-25,1.04014313277314,20
2013-02-26,1.0517773316418828,20
2013-02-27,1.0666911927478218,20
2013-02-28,1.0669771527140102,20
2013-03-01,1.0696972277957477,20
2013-03-04,1.0809666429032123,20
2013-03-05,1.0887692056943588,20
2013-03-06,1.0852875264717528,20
2013-03-07,1.0836368321788254,20
2013-03-08,1.089964488748965,20
2013-03-11,1.0897947802370447,20
2013-03-12,1.0923255764484077,20
2013-03-13,1.0941215788673453,20
2013-03-14,1.1028439012390179,20
2013-03-15,1.0955170239362024,20
2013-03-18,1.0903308430231076,20
2013-03-19,1.0850083846319252,20
2013-03-20,1.0995250419364324,20
2013-03-21,1.0905605480299045,20
2013-03-22,1.1002963789512794,20
2013-03-25,1.0981861782442321,20
2013-03-26,1.1083069633794345,20
2013-03-27,1.1108726814298844,20
2013-03-28,1.1173079183862304,20
2013-04-01,1.1116158748078284,20
2013-04-02,1.1163101502464623,20
2013-04-03,1.0980302322785667,20
2013-04-04,1.1034286835504599,20
2013-04-05,1.098495196986445,20
2013-04-08,1.1094135379888705,20
2013-04-09,1.1110378576697046,20
2013-04-10,1.1259668752695184,20
2013-04-11,1.1316762854528242,20
2013-04-12,1.1291062524776794,20
2013-04-15,1.091185921524187,20
2013-04-16,1.1121526368720804,20
2013-04-17,1.0938772423556695,20
2013-04-18,1.0864403698091578,20
2013-04-19,1.1041172194452245,20
2013-04-22,1.1100014284451563,20
2013-04-23,1.1274134925569455,20
2013-04-24,1.1279569435044772,20
2013-04-25,1.135748682927525,20
2013-04-26,1.1274516560884535,20
2013-04-29,1.1267511606681868,20
2013-04-30,1.1257238148733524,20
2013-05-01,1.102349392725313,20
2013-05-02,1.122818510453685,20
2013-05-03,1.1405864132082666,20
2013-05-06,1.1462440562666638,20
2013-05-07,1.1464625584261563,20
2013-05-08,1.1519094593209487,20
2013-05-09,1.1489774092503688,20
2013-05-10,1.1609771934056505,20
2013-05-13,1.1643949401082294,20
2013-05-14,1.183703508462734,20
2013-05-15,1.1889357250343937,20
2013-05-16,1.1763283655418146,20
2013-05-17,1.1938874962316268,20
2013-05-20,1.1955380984305108,20
2013-05-21,1.1983668742670235,20
2013-05-22,1.1851779326261398,20
2013-05-23,1.1822019369180965,20
2013-05-24,1.185237259500429,20
2013-05-28,1.1923261562782472,20
2013-05-29,1.1829249967804623,20
2013-05-30,1.192736367553049,20
2013-05-31,1.1765373579316085,20
2013-06-03,1.170201624527979,20
2013-06-04,1.1529537919680357,20
2013-06-05,1.1327739857278247,20
2013-06-06,1.1518603685777276,20
2013-06-07,1.171728254393442,20
2013-06-10,1.1733546286495973,20
2013-06-11,1.1523214155614654,20
2013-06-12,1.1343800704329887,20
2013-06-13,1.1543421120369304,20
2013-06-14,1.1458269524420748,20
2013-06-17,1.1556866213122718,20
2013-06-18,1.1670840446462902,20
2013-06-19,1.147430842583745,20
2013-06-20,1.1070192841182083,20
2013-06-21,1.103998125667583,20
2013-06-24,1.0900718840893489,20
2013-06-25,1.1091872539269103,20
2013-06-26,1.1214519369582827,20
2013-06-27,1.1346270383702657,20
2013-06-28,1.1283062505712038,20
2013-07-01,1.137892787326604,20
2013-07-02,1.1256642581640124,20
2013-07-03,1.125100913024811,20
2013-07-05,1.1364503656184881,20
2013-07-08,1.1418398260417768,20
2013-07-09,1.1494874935535797,20
2013-07-10,1.1433908699111028,20
2013-07-11,1.1617519458101544,20
2013-07-12,1.1721743433316831,20
2013-07-15,1.1755468605044286,20
2013-07-16,1.164850626833544,20
2013-07-17,1.1699949556005487,20
2013-07-18,1.1771537422539646,20
2013-07-19,1.1809409028395461,20
2013-07-22,1.184523626240395,20
2013-07-23,1.1823886329566007,20
2013-07-24,1.1645792267473882,20
2013-07-25,1.1579886213062793,20
2013-07-26,1.1507721706098184,20
2013-07-29,1.1432526355972081,20
2013-07-30,1.1518144947433797,20
2013-07-31,1.1618259173483467,20
2013-08-01,1.1804410610107676,20
2013-08-02,1.175617325765898,20
2013-08-05,1.1750740678425864,20
2013-08-06,1.1667325996409705,20
2013-08-07,1.1464721885039382,20
2013-08-08,1.1567456509221796,20
2013-08-09,1.1540303476156961,20
2013-08-12,1.151268767979484,20
2013-08-13,1.156003777944569,20
2013-08-14,1.152266778084074,20
2013-08-15,1.1295649357075295,20
2013-08-16,1.127799168710032,20
2013-08-19,1.112666195239151,20
2013-08-20,1.1329564504816585,20
2013-08-21,1.1310220389580508,20
2013-08-22,1.1458695525041005,20
2013-08-23,1.1437892404903216,20
2013-08-26,1.1436485358060342,20
2013-08-27,1.1062358184575392,20
2013-08-28,1.1114144745201175,20
2013-08-29,1.1180836569132724,20
2013-08-30,1.1098378460933942,20
2013-09-03,1.1250803547671546,20
2013-09-04,1.139436513555998,20
2013-09-05,1.1476197731736795,20
2013-09-06,1.1453253371515886,20
2013-09-09,1.1639511124747808,20
2013-09-10,1.181668423832136,20
2013-09-11,1.1843150563581037,20
2013-09-12,1.1753061151059871,20
2013-09-13,1.1791520016721402,20
2013-09-16,1.191665502071281,20
2013-09-17,1.2013493536798816,20
2013-09-18,1.2083889361195748,20
2013-09-19,1.2066772716744238,20
2013-09-20,1.1972107149307574,20
2013-09-23,1.184676134724138,20
2013-09-24,1.1886564633813812,20
2013-09-25,1.189673810079462,20
2013-09-26,1.1947873016933663,20
2013-09-27,1.1879619028820603,20
2013-09-30,1.1806390896792722,20
2013-10-01,1.1921843421728227,20
2013-10-02,1.192019915293358,20
2013-10-03,1.1860103221136977,20
2013-10-04,1.2008921111796433,20
2013-10-07,1.1874184602465376,20
2013-10-08,1.1677965166324156,20
2013-10-09,1.1758618151006077,20
2013-10-10,1.2081391241963073,20
2013-10-11,1.2126664568790122,20
2013-10-14,1.2234292999012308,20
2013-10-15,1.21760682805947,20
2013-10-16,1.2419494801725535,20
2013-10-17,1.2517209235549784,20
2013-10-18,1.2638184345085803,20
2013-10-21,1.2619528439515477,20
2013-10-22,1.266141946487549,20
2013-10-23,1.2561999078282702,20
2013-10-24,1.2639058855210736,20
2013-10-25,1.2723519713875282,20
2013-10-28,1.2670564686202956,20
2013-10-29,1.2810999599382193,20
2013-10-30,1.2765552101314748,20
2013-10-31,1.2679039666043959,20
2013-11-01,1.285032022867189,20
2013-11-04,1.2996571385180822,20
2013-11-05,1.2957369945385184,20
2013-11-06,1.292609065466904,20
2013-11-07,1.2720912076663935,20
2013-11-08,1.3044106883157949,20
2013-11-11,1.314428947698281,20
2013-11-12,1.3108749477974306,20
2013-11-13,1.3257071984079885,20
2013-11-14,1.3382050369056662,20
2013-11-15,1.3383226323385538,20
2013-11-18,1.3265662211386595,20
2013-11-19,1.3149227723013082,20
2013-11-20,1.310352241258334,20
2013-11-21,1.3331712133375895,20
2013-11-22,1.3403636919759703,20
2013-11-25,1.3358242296962515,20
2013-11-26,1.3380325821102332,20
2013-11-27,1.3447683992590402,20
2013-11-29,1.3389425159706663,20
2013-12-02,1.3424191477662115,20
2013-12-03,1.3353140518685565,20
2013-12-04,1.3293427757201124,20
2013-12-05,1.319039319121951,20
2013-12-06,1.336327606716094,20
2013-12-09,1.338480789480315,20
2013-12-10,1.3366223390178975,20
2013-12-11,1.3108931123454828,20
2013-12-12,1.3183147211111692,20
2013-12-13,1.3198888005096876,20
2013-12-16,1.3282830808573833,20
2013-12-17,1.326183447889899,20
2013-12-18,1.3414812230732533,20
2013-12-19,1.3389417454529529,20
2013-12-20,1.3535606956585073,20
2013-12-23,1.3593559457866478,20
2013-12-24,1.3609643013906643,20
2013-12-26,1.3671658022245863,20
2013-12-27,1.357302488140743,20
2013-12-30,1.357047803289375,20
2013-12-31,1.3626331959298927,20
2014-01-02,1.3567937845750386,20
2014-01-03,1.3669582612706324,20
2014-01-06,1.357208199918637,20
2014-01-07,1.3677873405181116,20
2014-01-08,1.3824427931611678,20
2014-01-09,1.3877949432658632,20
2014-01-10,1.394832203064445,20
2014-01-13,1.3691066174813584,20
2014-01-14,1.391312246131145,20
2014-01-15,1.3973681496722168,20
2014-01-16,1.3757458199418415,20
2014-01-17,1.3661792023944548,20
2014-01-21,1.372225857367597,20
2014-01-22,1.3802098290776175,20
2014-01-23,1.35766742820976,20
2014-01-24,1.3163006186429143,20
2014-01-27,1.3033888782714513,20
2014-01-28,1.3093215063393195,20
2014-01-29,1.292511421463581,20
2014-01-30,1.3104442171979742,20
2014-01-31,1.306839430593709,20
2014-02-03,1.2708821527148944,20
2014-02-04,1.27939993516029,20
2014-02-05,1.2796406816401065,20
2014-02-06,1.3009677342075596,20
2014-02-07,1.3248904543214357,20
2014-02-10,1.3297537867943316,20
2014-02-11,1.3411932638231119,20
2014-02-12,1.3433427817498,20
2014-02-13,1.3526008606255098,20
2014-02-14,1.3589645943666124,20
2014-02-18,1.3673582813890985,20
2014-02-19,1.3541954568003,20
2014-02-20,1.3664160856649907,20
2014-02-21,1.3662346818654916,20
2014-02-24,1.3799217342133066,20
2014-02-25,1.3766919498808783,20
2014-02-26,1.3742104133943298,20
2014-02-27,1.3846534712421967,20
2014-02-28,1.3893373460401999,20
2014-03-03,1.3767868430619628,20
2014-03-04,1.412118411142359,20
2014-03-05,1.4123723635769534,20
2014-03-06,1.4114363018458214,20
2014-03-07,1.4086066877634154,20
2014-03-10,1.407066498686132,20
2014-03-11,1.3955623025170594,20
2014-03-12,1.394332189826926,20
2014-03-13,1.3705545121469478,20
2014-03-14,1.3740072078674634,20
2014-03-17,1.3873217367472435,20
2014-03-18,1.3991800392477436,20
2014-03-19,1.4070242773446764,20
2014-03-20,1.421781766065648,20
2014-03-21,1.4154972211588979,20
2014-03-24,1.408518462959519,20
2014-03-25,1.4128163249636914,20
2014-03-26,1.397861042938988,20
2014-03-27,1.3913466876552685,20
2014-03-28,1.3931174551561099,20
2014-03-31,1.4161966316240833,20
2014-04-01,1.4358339868535226,20
2014-04-02,1.443660719886965,20
2014-04-03,1.4356395154771853,20
2014-04-04,1.4036460849948178,20
2014-04-07,1.3781776851474266,20
2014-04-08,1.3881036742284452,20
2014-04-09,1.4145203154471613,20
2014-04-10,1.3664231415187302,20
2014-04-11,1.3460066920583216,20
2014-04-14,1.3636689923146672,20
2014-04-15,1.3721005830418984,20
2014-04-16,1.3976571057276013,20
2014-04-17,1.4028178070676187,20
2014-04-21,1.4107380749084337,20
2014-04-22,1.4202685122102952,20
2014-04-23,1.422700003030419,20
2014-04-24,1.4197220916701987,20
2014-04-25,1.3932045526879804,20
2014-04-28,1.380912523492445,20
2014-04-29,1.3930147263147548,20
2014-04-30,1.4019327117889457,20
2014-05-01,1.3991637314201921,20
2014-05-02,1.4045604805667695,20
2014-05-05,1.4123638117471218,20
2014-05-06,1.4041442040657723,20
2014-05-07,1.3993705712797855,20
2014-05-08,1.4006538483379878,20
2014-05-09,1.4001192412626533,20
2014-05-12,1.4241388157785704,20
2014-05-13,1.4221048906927263,20
2014-05-14,1.4138083220635764,20
2014-05-15,1.3916726982451992,20
2014-05-16,1.4005736461532363,20
2014-05-19,1.4115039727045737,20
2014-05-20,1.3940777234964064,20
2014-05-21,1.4092399183956463,20
2014-05-22,1.4148039181115577,20
2014-05-23,1.4260931838932291,20
2014-05-27,1.4403875550988678,20
2014-05-28,1.4475763149180119,20
2014-05-29,1.4528360193120378,20
2014-05-30,1.4460048868772275,20
2014-06-02,1.451534387066346,20
2014-06-03,1.4571500264772967,20
2014-06-04,1.460577581458432,20
2014-06-05,1.4741173635944849,20
2014-06-06,1.4861998074955551,20
2014-06-09,1.4829525982368492,20
2014-06-10,1.4760605800295064,20
2014-06-11,1.4749386117092145,20
2014-06-12,1.4562057290516155,20
2014-06-13,1.4714723607351328,20
2014-06-16,1.4701625454783729,20
2014-06-17,1.4778849882874248,20
2014-06-18,1.496051540626917,20
2014-06-19,1.5026264875525515,20
2014-06-20,1.5095041562201026,20
2014-06-23,1.5043915379972324,20
2014-06-24,1.489566183123043,20
2014-06-25,1.4987754727340747,20
2014-06-26,1.498493421168919,20
2014-06-27,1.5026664649107038,20
2014-06-30,1.5001470400074806,20
2014-07-01,1.5179481305599705,20
2014-07-02,1.5138060423251964,20
2014-07-03,1.5211600997684567,20
2014-07-07,1.5053046758489919,20
2014-07-08,1.4915993034824566,20
2014-07-09,1.50126540446379,20
2014-07-10,1.4950390842815044,20
2014-07-11,1.4997730733650054,20
2014-07-14,1.5094833825360408,20
2014-07-15,1.5078285472572766,20
2014-07-16,1.5151197267995686,20
2014-07-17,1.4882100073128601,20
2014-07-18,1.5045293499957373,20
2014-07-21,1.4984114810575315,20
2014-07-22,1.5213117843584796,20
2014-07-23,1.5237855391226343,20
2014-07-24,1.5244493754065227,20
2014-07-25,1.5199684092543648,20
2014-07-28,1.514204262869975,20
2014-07-29,1.5014480143259854,20
2014-07-30,1.5010340873204082,20
2014-07-31,1.4715721692589554,20
2014-08-01,1.471300587076917,20
2014-08-04,1.4873557183460042,20
2014-08-05,1.4659114051636006,20
2014-08-06,1.4589769064527396,20
2014-08-07,1.4537275438913286,20
2014-08-08,1.4656484142488306,20
2014-08-11,1.4771114603063877,20
2014-08-12,1.4704456950164448,20
2014-08-13,1.4827720854254436,20
2014-08-14,1.4845254352370116,20
2014-08-15,1.4927469449819228,20
2014-08-18,1.5096605994290748,20
2014-08-19,1.5174867679628676,20
2014-08-20,1.5251774662393445,20
2014-08-21,1.5245268593135302,20
2014-08-22,1.5230231044489109,20
2014-08-25,1.5299725506980009,20
2014-08-26,1.5306805890322812,20
2014-08-27,1.5320694097404506,20
2014-08-28,1.5275270109275585,20
2014-08-29,1.5345606591068421,20
2014-09-02,1.5306067749490968,20
2014-09-03,1.5294816454937865,20
2014-09-04,1.5205916032375841,20
2014-09-05,1.5304191174166548,20
2014-09-08,1.5218450163271444,20
2014-09-09,1.5073416613320638,20
2014-09-10,1.5087401388263304,20
2014-09-11,1.5107486863861492,20
2014-09-12,1.4953550122839558,20
2014-09-15,1.4827030524566422,20
2014-09-16,1.5034592232699608,20
2014-09-17,1.4968535447997788,20
2014-09-18,1.5084872548945687,20
2014-09-19,1.4955780422385356,20
2014-09-22,1.4707679352908614,20
2014-09-23,1.4651216446918862,20
2014-09-24,1.480082839258898,20
2014-09-25,1.4535642468858312,20
2014-09-26,1.4726722990332302,20
2014-09-29,1.4719935388312892,20
2014-09-30,1.4628017356642569,20
2014-10-01,1.4318803930724187,20
2014-10-02,1.4305743522161911,20
2014-10-03,1.4466826002637314,20
2014-10-06,1.4351545555844885,20
2014-10-07,1.411622494771532,20
2014-10-08,1.4338806503448915,20
2014-10-09,1.3876862441477327,20
2014-10-10,1.3477967041081687,20
2014-10-13,1.2952214802236817,20
2014-10-14,1.3006636993342435,20
2014-10-15,1.30183565754458,20
2014-10-16,1.3202854458589084,20
2014-10-17,1.338947308047315,20
2014-10-20,1.3630729513625781,20
2014-10-21,1.402402731903428,20
2014-10-22,1.3810267087672663,20
2014-10-23,1.4012720545984625,20
2014-10-24,1.4166882774028329,20
2014-10-27,1.4117016070200104,20
2014-10-28,1.438573721494797,20
2014-10-29,1.440313654402102,20
2014-10-30,1.4381076134485415,20
2014-10-31,1.4693324750171568,20
2014-11-03,1.4709443403859424,20
2014-11-04,1.4691238539289995,20
2014-11-05,1.4769682735878091,20
2014-11-06,1.4878842694650973,20
2014-11-07,1.4749279188725612,20
2014-11-10,1.4862241592833947,20
2014-11-11,1.4908068559711325,20
2014-11-12,1.4887396921544425,20
2014-11-13,1.4872309427001131,20
2014-11-14,1.4876303539000149,20
2014-11-17,1.483779032479515,20
2014-11-18,1.4992249181280264,20
2014-11-19,1.4963817157986512,20
2014-11-20,1.4994866555460604,20
2014-11-21,1.5065428508162022,20
2014-11-24,1.5139618267984503,20
2014-11-25,1.5130601835549855,20
2014-11-26,1.520005939639997,20
2014-11-28,1.5162793649835644,20
2014-12-01,1.497278958041233,20
2014-12-02,1.5079061400424398,20
2014-12-03,1.5191526766571608,20
2014-12-04,1.5192384517483903,20
2014-12-05,1.5217932143379296,20
2014-12-08,1.5082519619970274,20
2014-12-09,1.5077497238661697,20
2014-12-10,1.4794336713721024,20
2014-12-11,1.4886914342884159,20
2014-12-12,1.4758182407011884,20
2014-12-15,1.4641262333074447,20
2014-12-16,1.4441991502975606,20
2014-12-17,1.4783193864407356,20
2014-12-18,1.5114050249442579,20
2014-12-19,1.5231568707598055,20
2014-12-22,1.5339013446658794,20
2014-12-23,1.533733383420137,20
2014-12-24,1.5364718579793921,20
2014-12-26,1.539937741580232,20
2014-12-29,1.540930084225039,20
2014-12-30,1.5324866525658907,20
2014-12-31,1.5205402552525653,20
2015-01-02,1.5193832146419288,20
2015-01-05,1.4902651666311229,20
2015-01-06,1.4699612918886953,20
2015-01-07,1.4833220320558769,20
2015-01-08,1.5206108165572576,20
2015-01-09,1.5063922753081722,20
2015-01-12,1.4858115433014178,20
2015-01-13,1.4805012726414217,20
2015-01-14,1.4741399021300607,20
2015-01-15,1.459689842802659,20
2015-01-16,1.4805122036363754,20
2015-01-20,1.4896150239425037,20
2015-01-21,1.49892618875269,20
2015-01-22,1.5336038073320448,20
2015-01-23,1.5317290326222677,20
2015-01-26,1.5317043573071567,20
2015-01-27,1.504555541367071,20
2015-01-28,1.4862719298126432,20
2015-01-29,1.502864016034967,20
2015-01-30,1.4685539340331817,20
2015-02-02,1.4745413987644727,20
2015-02-03,1.4897899764617333,20
2015-02-04,1.4897802230066344,20
2015-02-05,1.5000447177119265,20
2015-02-06,1.4944946272872064,20
2015-02-09,1.476557047907143,20
2015-02-10,1.5096703466363324,20
2015-02-11,1.5166052971278547,20
2015-02-12,1.5304674609896634,20
2015-02-13,1.5282725636731147,20
2015-02-17,1.528933696208493,20
2015-02-18,1.5355925283245995,20
2015-02-19,1.5322385202213555,20
2015-02-20,1.5458747283644616,20
2015-02-23,1.5466404644558542,20
2015-02-24,1.546461673221572,20
2015-02-25,1.538149305187899,20
2015-02-26,1.534568287116978,20
2015-02-27,1.5254726817826516,20
2015-03-02,1.5433828151815685,20
2015-03-03,1.536483951807078,20
2015-03-04,1.5314954236765757,20
2015-03-05,1.5314267006200655,20
2015-03-06,1.5097089195563809,20
2015-03-09,1.5179386187856425,20
2015-03-10,1.494640654392947,20
2015-03-11,1.4957577392467654,20
2015-03-12,1.5215223643826519,20
2015-03-13,1.5163347266510825,20
2015-03-16,1.5474503074065031,20
2015-03-17,1.5435133740105464,20
2015-03-18,1.5541028589889192,20
2015-03-19,1.5542160518864832,20
2015-03-20,1.5572400109147604,20
2015-03-23,1.5473924217352282,20
2015-03-24,1.539545766018589,20
2015-03-25,1.5033571305427735,20
2015-03-26,1.492269425326726,20
2015-03-27,1.5089510618492374,20
2015-03-30,1.5269922296711143,20
2015-03-31,1.5087812648836052,20
2015-04-01,1.497897233889611,20
2015-04-02,1.498090236778216,20
2015-04-06,1.4978575105573493,20
2015-04-07,1.4973648575384122,20
2015-04-08,1.5107656983846762,20
2015-04-09,1.5157608903153923,20
2015-04-10,1.5234690953435106,20
2015-04-13,1.5137205492356705,20
2015-04-14,1.508967641421944,20
2015-04-15,1.5101095223569316,20
2015-04-16,1.5138847207792092,20
2015-04-17,1.4943208105744283,20
2015-04-20,1.5025787696374329,20
2015-04-21,1.5108584426903315,20
2015-04-22,1.5112218948510487,20
2015-04-23,1.5146292449376657,20
2015-04-24,1.5126912775482673,20
2015-04-27,1.4935595519999947,20
2015-04-28,1.4926653358391468,20
2015-04-29,1.471618037110722,20
2015-04-30,1.4554425813699505,20
2015-05-01,1.481485333136642,20
2015-05-04,1.4865210027813762,20
2015-05-05,1.4659834657051203,20
2015-05-06,1.462491679667777,20
2015-05-07,1.4779329535479775,20
2015-05-08,1.5027210279768368,20
2015-05-11,1.503133224233951,20
2015-05-12,1.495484523838495,20
2015-05-13,1.490200713463579,20
2015-05-14,1.507780240849376,20
2015-05-15,1.512218905525107,20
2015-05-18,1.5222710707213751,20
2015-05-19,1.524523464985696,20
2015-05-20,1.5102522052237177,20
2015-05-21,1.5167164703609401,20
2015-05-22,1.5183579851509321,20
2015-05-26,1.5018889447009782,20
2015-05-27,1.5182084564261877,20
2015-05-28,1.5127199857199731,20
2015-05-29,1.506287028126097,20
2015-06-01,1.5116572112211357,20
2015-06-02,1.5118481207396697,20
2015-06-03,1.5177237711184561,20
2015-06-04,1.501355299561509,20
2015-06-05,1.4990324303058666,20
2015-06-08,1.486493319890241,20
2015-06-09,1.4837212115012073,20
2015-06-10,1.5006095702337607,20
2015-06-11,1.5047558150035842,20
2015-06-12,1.4930853928261265,20
2015-06-15,1.4891311522658413,20
2015-06-16,1.4960128200813994,20
2015-06-17,1.4964481533696827,20
2015-06-18,1.5171553232133739,20
2015-06-19,1.5143344801976932,20
2015-06-22,1.523285814614281,20
2015-06-23,1.5212207457607991,20
2015-06-24,1.5068163706130777,20
2015-06-25,1.5172537783347972,20
2015-06-26,1.5070755659484079,20
2015-06-29,1.4699904789774196,20
2015-06-30,1.47612701127022,20
2015-07-01,1.4895904463864122,20
2015-07-02,1.4834951647294172,20
2015-07-06,1.4812116313987302,20
2015-07-07,1.482788773667899,20
2015-07-08,1.4521043971548495,20
2015-07-09,1.4562840422273586,20
2015-07-10,1.4849957114088455,20
2015-07-13,1.4960031357038706,20
2015-07-14,1.5063350336225247,20
2015-07-15,1.5051018517808872,20
2015-07-16,1.5171664061952683,20
2015-07-17,1.5209281295090655,20
2015-07-20,1.5185181599599162,20
2015-07-21,1.509431764513706,20
2015-07-22,1.5117338430922065,20
2015-07-23,1.508122460440094,20
2015-07-24,1.4828378634187154,20
2015-07-27,1.4706211381315062,20
2015-07-28,1.4865557899827195,20
2015-07-29,1.4904094374643329,20
2015-07-30,1.4903439421327496,20
2015-07-31,1.5009557568914527,20
2015-08-03,1.4901101794469471,20
2015-08-04,1.4968941090423302,20
2015-08-05,1.512898280564263,20
2015-08-06,1.5001180290437761,20
2015-08-07,1.488155559423062,20
2015-08-10,1.5020190014002175,20
2015-08-11,1.4887478810957648,20
2015-08-12,1.489673311634119,20
2015-08-13,1.4979501868847007,20
2015-08-14,1.5056350864173096,20
2015-08-17,1.519813432710501,20
2015-08-18,1.526493193328521,20
2015-08-19,1.5189671478324052,20
2015-08-20,1.4850967099518664,20
2015-08-21,1.4261968418905784,20
2015-08-24,1.36968858261814,20
2015-08-25,1.360756792786474,20
2015-08-26,1.4161743963901123,20
2015-08-27,1.4472209815768307,20
2015-08-28,1.4439136226851177,20
2015-08-31,1.4314945672793762,20
2015-09-01,1.3846125152949518,20
2015-09-02,1.4102996168667323,20
2015-09-03,1.4095134079621712,20
2015-09-04,1.3905298467225666,20
2015-09-08,1.4247264656350394,20
2015-09-09,1.4090147598230618,20
2015-09-10,1.412818309627527,20
2015-09-11,1.4253013938803714,20
2015-09-14,1.4135156808755454,20
2015-09-15,1.4287447442771122,20
2015-09-16,1.4456312743535498,20
2015-09-17,1.4580544894190985,20
2015-09-18,1.4406223865379162,20
2015-09-21,1.4423699694870058,20
2015-09-22,1.4240374569990333,20
2015-09-23,1.4290372802455522,20
2015-09-24,1.4225801300942273,20
2015-09-25,1.4206258127653302,20
2015-09-28,1.3729738702375809,20
2015-09-29,1.3693410271499986,20
2015-09-30,1.4010847522800933,20
2015-10-01,1.415050500867396,20
2015-10-02,1.4325049386281792,20
2015-10-05,1.45375650810278,20
2015-10-06,1.4224116632827,20
2015-10-07,1.432946038204224,20
2015-10-08,1.4440153297490572,20
2015-10-09,1.4504342534081602,20
2015-10-12,1.4530290313287617,20
2015-10-13,1.4408431559006758,20
2015-10-14,1.4202717442155077,20
2015-10-15,1.436581342106022,20
2015-10-16,1.4472583870692388,20
2015-10-19,1.454714411865092,20
2015-10-20,1.4468380795719546,20
2015-10-21,1.4365150640445405,20
2015-10-22,1.441473372384805,20
2015-10-23,1.4552305298351451,20
2015-10-26,1.4646315594514923,20
2015-10-27,1.4671541434507676,20
2015-10-28,1.486523845042453,20
2015-10-29,1.4851210238873422,20
2015-10-30,1.4867236325016466,20
2015-11-02,1.495839147386692,20
2015-11-03,1.4992912696961873,20
2015-11-04,1.499480379269333,20
2015-11-05,1.5064701813346197,20
2015-11-06,1.504133636424318,20
2015-11-09,1.483810937194352,20
2015-11-10,1.5038222534579193,20
2015-11-11,1.5001946296259363,20
2015-11-12,1.478787653979617,20
2015-11-13,1.4465160418331071,20
2015-11-16,1.466922527677038,20
2015-11-17,1.4723090720671224,20
2015-11-18,1.4975863444931643,20
2015-11-19,1.4968414898465074,20
2015-11-20,1.5208360485203682,20
2015-11-23,1.5257479311951139,20
2015-11-24,1.5231143956943411,20
2015-11-25,1.5289055943743068,20
2015-11-27,1.530293967689044,20
2015-11-30,1.5144742530686839,20
2015-12-01,1.5390442917909968,20
2015-12-02,1.5313036896078793,20
2015-12-03,1.4970123585539759,20
2015-12-04,1.5362895737144537,20
2015-12-07,1.5222197968248696,20
2015-12-08,1.5266372972496027,20
2015-12-09,1.5031602889351643,20
2015-12-10,1.5074818376693888,20
2015-12-11,1.4798190682223686,20
2015-12-14,1.4967090230647009,20
2015-12-15,1.5093144081583028,20
2015-12-16,1.5346396370726512,20
2015-12-17,1.5112463512186598,20
2015-12-18,1.489620389039168,20
2015-12-21,1.502994240027764,20
2015-12-22,1.5150926292665525,20
2015-12-23,1.5215776126923182,20
2015-12-24,1.5183474815267715,20
2015-12-28,1.5224793661344358,20
2015-12-29,1.54029743095277,20
2015-12-30,1.53190970698583,20
2015-12-31,1.5111727438002163,20
2016-01-04,1.4752803565802521,20
2016-01-05,1.4779630902833132,20
2016-01-06,1.4690924694767669,20
2016-01-07,1.435923871885223,20
2016-01-08,1.4108259090901236,20
2016-01-11,1.420414310857866,20
2016-01-12,1.4446652675060014,20
2016-01-13,1.391709023186893,20
2016-01-14,1.4189687558660855,20
2016-01-15,1.3890462316885608,20
2016-01-19,1.4018773442125747,20
2016-01-20,1.392581020957741,20
2016-01-21,1.388457349903987,20
2016-01-22,1.4200995477150773,20
2016-01-25,1.399747441007833,20
2016-01-26,1.4103193973021622,20
2016-01-27,1.3853872927480781,20
2016-01-28,1.3911592677490887,20
2016-01-29,1.4291155140399057,20
2016-02-01,1.4359006660472222,20
2016-02-02,1.3931896288695511,20
2016-02-03,1.3819251359151024,20
2016-02-04,1.3803011060209518,20
2016-02-05,1.3176905656232198,20
2016-02-08,1.2780472410313928,20
2016-02-09,1.2932728789471573,20
2016-02-10,1.3024990105277792,20
2016-02-11,1.2917376977104698,20
2016-02-12,1.3127463302331923,20
2016-02-16,1.343968940877174,20
2016-02-17,1.3765232133565715,20
2016-02-18,1.355343029423518,20
2016-02-19,1.3640405538999276,20
2016-02-22,1.3863557449700987,20
2016-02-23,1.372470422879675,20
2016-02-24,1.387340938115204,20
2016-02-25,1.413644502850123,20
2016-02-26,1.4079634108841899,20
2016-02-29,1.3956906332142252,20
2016-03-01,1.4305909076307648,20
2016-03-02,1.4309130638998464,20
2016-03-03,1.4336184923858162,20
2016-03-04,1.4351011463614747,20
2016-03-07,1.4193824272872293,20
2016-03-08,1.4096522997565768,20
2016-03-09,1.4198501892415278,20
2016-03-10,1.421289453202142,20
2016-03-11,1.4514318565408877,20
2016-03-14,1.4556213561165685,20
2016-03-15,1.4571322084958485,20
2016-03-16,1.4666116155921605,20
2016-03-17,1.4694005704346718,20
2016-03-18,1.474218626468758,20
2016-03-21,1.4775251749810554,20
2016-03-22,1.4789159381446524,20
2016-03-23,1.4664989090393792,20
2016-03-24,1.4710684665462683,20
2016-03-28,1.4710722551390127,20
2016-03-29,1.486808379953316,20
2016-03-30,1.4977744441978258,20
2016-03-31,1.4948095829187535,20
2016-04-01,1.504857704940481,20
2016-04-04,1.4927508338348516,20
2016-04-05,1.4767623607663456,20
2016-04-06,1.489438366950502,20
2016-04-07,1.4697539013493148,20
2016-04-08,1.4730593662279055,20
2016-04-11,1.4649872419068515,20
2016-04-12,1.478696031976882,20
2016-04-13,1.4995314976617427,20
2016-04-14,1.4978836490046321,20
2016-04-15,1.4987361828035695,20
2016-04-18,1.5064898786051304,20
2016-04-19,1.4892490831846636,20
2016-04-20,1.493390570746146,20
2016-04-21,1.4830316493420586,20
2016-04-22,1.4685005380777103,20
2016-04-25,1.4637434244931276,20
2016-04-26,1.4622247999631224,20
2016-04-27,1.4650141809807335,20
2016-04-28,1.4398399488669862,20
2016-04-29,1.4396222080529886,20
2016-05-02,1.4571208229475978,20
2016-05-03,1.4403619958450722,20
2016-05-04,1.430177941547855,20
2016-05-05,1.428127484599097,20
2016-05-06,1.4379170837744437,20
2016-05-09,1.4419945757252475,20
2016-05-10,1.4601963515203102,20
2016-05-11,1.4431719519217898,20
2016-05-12,1.4430007640343794,20
2016-05-13,1.429718611746941,20
2016-05-16,1.4456425991178032,20
2016-05-17,1.4332287027449393,20
2016-05-18,1.4362838579661013,20
2016-05-19,1.4275518342009825,20
2016-05-20,1.4402562740584097,20
2016-05-23,1.4354845069833027,20
2016-05-24,1.4664971471712152,20
2016-05-25,1.4649930158552718,20
2016-05-26,1.4565402347475183,20
2016-05-27,1.467592494195201,20
2016-05-31,1.4646954584933924,20
2016-06-01,1.4653738001574028,20
2016-06-02,1.4666257416950446,20
2016-06-03,1.4540290041766257,20
2016-06-06,1.4533149031080237,20
2016-06-07,1.459589780180813,20
2016-06-08,1.467985898468776,20
2016-06-09,1.4688962006875614,20
2016-06-10,1.4516063110695911,20
2016-06-13,1.435443159559388,20
2016-06-14,1.4296950748696602,20
2016-06-15,1.4306493544824874,20
2016-06-16,1.4333494714804353,20
2016-06-17,1.4264917195339832,20
2016-06-20,1.4395263480049667,20
2016-06-21,1.4475023359284254,20
2016-06-22,1.438347565565011,20
2016-06-23,1.4501869108350487,20
2016-06-24,1.3979264680440078,20
2016-06-27,1.3698061852219212,20
2016-06-28,1.399369958192493,20
2016-06-29,1.4299044218554462,20
2016-06-30,1.4453395957805646,20
2016-07-01,1.4495953097186713,20
2016-07-05,1.4420914230066841,20
2016-07-06,1.4516427537602394,20
2016-07-07,1.4559055196509318,20
2016-07-08,1.4842882655026686,20
2016-07-11,1.4911999829081994,20
2016-07-12,1.503916136334762,20
2016-07-13,1.501751858711566,20
2016-07-14,1.5091089968980174,20
2016-07-15,1.5081435917217094,20
2016-07-18,1.5143311544181726,20
2016-07-19,1.513105554101013,20
2016-07-20,1.5238520860803806,20
2016-07-21,1.5003750752735212,20
2016-07-22,1.5082595737041042,20
2016-07-25,1.5065138157487745,20
2016-07-26,1.5227379299138388,20
2016-07-27,1.52057759469017,20
2016-07-28,1.524196902440853,20
2016-07-29,1.5215171215463756,20
2016-08-01,1.5161286298143049,20
2016-08-02,1.505531452493815,20
2016-08-03,1.5146777911109313,20
2016-08-04,1.5152135208574968,20
2016-08-05,1.5260125742744288,20
2016-08-08,1.5226121106140158,20
2016-08-09,1.5211599684916937,20
2016-08-10,1.517938454464647,20
2016-08-11,1.5267830240524023,20
2016-08-12,1.5256449075025376,20
2016-08-15,1.5307514058558531,20
2016-08-16,1.518406727809296,20
2016-08-17,1.5228784286032517,20
2016-08-18,1.5319545130196794,20
2016-08-19,1.5402038126981938,20
2016-08-22,1.5356184807177156,20
2016-08-23,1.544018311040829,20
2016-08-24,1.5320287836672304,20
2016-08-25,1.524949998886563,20
2016-08-26,1.5244772085939222,20
2016-08-29,1.5305046937936517,20
2016-08-30,1.5243933499829354,20
2016-08-31,1.5135992991072427,20
2016-09-01,1.5191108586956246,20
2016-09-02,1.5197684790378525,20
2016-09-06,1.522482892629576,20
2016-09-07,1.5217032949894906,20
2016-09-08,1.5158207150360874,20
2016-09-09,1.4698807792324822,20
2016-09-12,1.4906933045107416,20
2016-09-13,1.46492543115602,20
2016-09-14,1.4618619901814676,20
2016-09-15,1.4804136479175063,20
2016-09-16,1.4732102080826062,20
2016-09-19,1.4778343541787349,20
2016-09-20,1.4786127890017264,20
2016-09-21,1.5039111092212338,20
2016-09-22,1.513907122249789,20
2016-09-23,1.505125249738111,20
2016-09-26,1.496981551181892,20
2016-09-27,1.5121113581997017,20
2016-09-28,1.5233275789890206,20
2016-09-29,1.5147342658632257,20
2016-09-30,1.5264054746879592,20
2016-10-03,1.5183901735614762,20
2016-10-04,1.504803613706572,20
2016-10-05,1.5178347048117102,20
2016-10-06,1.5203709977075808,20
2016-10-07,1.5096439945933082,20
2016-10-10,1.5119440912379216,20
2016-10-11,1.4906746695721742,20
2016-10-12,1.4933392985432492,20
2016-10-13,1.4804418781215871,20
2016-10-14,1.4858159802238893,20
2016-10-17,1.4778361434211391,20
2016-10-18,1.4859945614428813,20
2016-10-19,1.4921464299928202,20
2016-10-20,1.4896766373091324,20
2016-10-21,1.4890434021446632,20
2016-10-24,1.5015446691751262,20
2016-10-25,1.4792392213996826,20
2016-10-26,1.4760315535826183,20
2016-10-27,1.4623731396028827,20
2016-10-28,1.4642796984159374,20
2016-10-31,1.4743180141407428,20
2016-11-01,1.4619956953228226,20
2016-11-02,1.456104907848786,20
2016-11-03,1.4469389730975504,20
2016-11-04,1.4514275754675277,20
2016-11-07,1.4847482741205147,20
2016-11-08,1.4969392648822233,20
2016-11-09,1.5252410484489143,20
2016-11-10,1.5339696684698154,20
2016-11-11,1.5293705653989318,20
2016-11-14,1.5272041410022352,20
2016-11-15,1.5446117923437406,20
2016-11-16,1.5425245587650362,20
2016-11-17,1.5517413334900458,20
2016-11-18,1.5557605488334803,20
2016-11-21,1.5701349594452287,20
2016-11-22,1.5824546497477097,20
2016-11-23,1.5907934374023431,20
2016-11-25,1.5950198399632531,20
2016-11-28,1.575764901353654,20
2016-11-29,1.5768631820978922,20
2016-11-30,1.5774260238992455,20
2016-12-01,1.5601059760173757,20
2016-12-02,1.56619443993825,20
2016-12-05,1.578517178486169,20
2016-12-06,1.585078830617664,20
2016-12-07,1.609213310016218,20
2016-12-08,1.6098078517421428,20
2016-12-09,1.6127885229018695,20
2016-12-12,1.6062720354781737,20
2016-12-13,1.614199258842953,20
2016-12-14,1.600475685369658,20
2016-12-15,1.6047289358342993,20
2016-12-16,1.596801182997692,20
2016-12-19,1.5981713678210538,20
2016-12-20,1.6092210935163458,20
2016-12-21,1.6068654585394462,20
2016-12-22,1.602066210724836,20
2016-12-23,1.6008375912295931,20
2016-12-27,1.6058650182444416,20
2016-12-28,1.5895391367035407,20
2016-12-29,1.5882395830616494,20
2016-12-30,1.572712324444172,20
2017-01-03,1.5882693228405889,20
2017-01-04,1.5982672183576634,20
2017-01-05,1.590914842028918,20
2017-01-06,1.5963907330408003,20
2017-01-09,1.5852388597602984,20
2017-01-10,1.5945180434169577,20
2017-01-11,1.6061487316757594,20
2017-01-12,1.6037090229046376,20
2017-01-13,1.6102991602204961,20
2017-01-17,1.5931013700442131,20
2017-01-18,1.5976473424849473,20
2017-01-19,1.608677952723369,20
2017-01-20,1.611118716712353,20
2017-01-23,1.59722299228834,20
2017-01-24,1.6286623871541293,20
2017-01-25,1.647796970347252,20
2017-01-26,1.6489223068550916,20
2017-01-27,1.6410535950883778,20
2017-01-30,1.6226712265522245,20
2017-01-31,1.6147550689140329,20
2017-02-01,1.6145368543849696,20
2017-02-02,1.6074197627959173,20
2017-02-03,1.6296922886598781,20
2017-02-06,1.6208765785507846,20
2017-02-07,1.617695301734502,20
2017-02-08,1.615298677161968,20
2017-02-09,1.6353733925350502,20
2017-02-10,1.640232815317459,20
2017-02-13,1.6539642022335308,20
2017-02-14,1.6625118739567317,20
2017-02-15,1.6698808071442286,20
2017-02-16,1.667982008898385,20
2017-02-17,1.6672739893971533,20
2017-02-21,1.6826910308658696,20
2017-02-22,1.6711242833004367,20
2017-02-23,1.6566803055643076,20
2017-02-24,1.6516647854875663,20
2017-02-27,1.6637390662056737,20
2017-02-28,1.6533592673227804,20
2017-03-01,1.690974284873861,20
2017-03-02,1.665920908441725,20
2017-03-03,1.6785145642509551,20
2017-03-06,1.6757057810251847,20
2017-03-07,1.663307923172354,20
2017-03-08,1.6465114506499516,20
2017-03-09,1.648705660733615,20
2017-03-10,1.6584883625991507,20
2017-03-13,1.661074808534733,20
2017-03-14,1.6503420401387539,20
2017-03-15,1.6709796454620411,20
2017-03-16,1.6645660674428762,20
2017-03-17,1.658178035203096,20
2017-03-20,1.6563133884048644,20
2017-03-21,1.6027248019675906,20
2017-03-22,1.610267597102176,20
2017-03-23,1.6084428984769197,20
2017-03-24,1.6098510490587885,20
2017-03-27,1.5994082646888166,20
2017-03-28,1.6176652398305214,20
2017-03-29,1.6317579049533,20
2017-03-30,1.6395780164910987,20
2017-03-31,1.6298637337234354,20
2017-04-03,1.6317104714285355,20
2017-04-04,1.638067678335099,20
2017-04-05,1.6230523204013625,20
2017-04-06,1.6327162632866328,20
2017-04-07,1.6342795902513305,20
2017-04-10,1.6306072861759138,20
2017-04-11,1.626950579816003,20
2017-04-12,1.6077159157795509,20
2017-04-13,1.594990103040837,20
2017-04-17,1.6043828842166883,20
2017-04-18,1.5962650919557264,20
2017-04-19,1.5963079314241604,20
2017-04-20,1.621523717557226,20
2017-04-21,1.6138808822781665,20
2017-04-24,1.6384927769678714,20
2017-04-25,1.6550308861079823,20
2017-04-26,1.652203527138395,20
2017-04-27,1.6471641792702427,20
2017-04-28,1.635526776841421,20
2017-05-01,1.6495572546739565,20
2017-05-02,1.647256419979895,20
2017-05-03,1.652287668051275,20
2017-05-04,1.6462209720909355,20
2017-05-05,1.6543687691786997,20
2017-05-08,1.6525575423675911,20
2017-05-09,1.6536552602542671,20
2017-05-10,1.661978337897892,20
2017-05-11,1.6585115463508748,20
2017-05-12,1.6568890940094512,20
2017-05-15,1.6711756865564187,20
2017-05-16,1.676354031717523,20
2017-05-17,1.6189619546291547,20
2017-05-18,1.6349705926477913,20
2017-05-19,1.654259332858621,20
2017-05-22,1.666016671965212,20
2017-05-23,1.675621173713008,20
2017-05-24,1.6796613945892753,20
2017-05-25,1.7054889481576863,20
2017-05-26,1.6996368351063142,20
2017-05-30,1.6870096583861125,20
2017-05-31,1.6769292984929927,20
2017-06-01,1.6843679724530802,20
2017-06-02,1.6949130803946424,20
2017-06-05,1.6869271058424848,20
2017-06-06,1.6836226527832803,20
2017-06-07,1.6918553244381163,20
2017-06-08,1.7056537455247252,20
2017-06-09,1.6887443550680488,20
2017-06-12,1.6775539859606385,20
2017-06-13,1.6877705255986941,20
2017-06-14,1.6783275202045227,20
2017-06-15,1.6696405938015848,20
2017-06-16,1.6665620000987604,20
2017-06-19,1.6897490220101152,20
2017-06-20,1.6746261496946075,20
2017-06-21,1.6778034033240963,20
2017-06-22,1.675042744816329,20
2017-06-23,1.682222370139172,20
2017-06-26,1.6824718789151003,20
2017-06-27,1.666435966563452,20
2017-06-28,1.6968425632664084,20
2017-06-29,1.6838872813979369,20
2017-06-30,1.6834173612527208,20
2017-07-03,1.6811226198749454,20
2017-07-05,1.7005331666134156,20
2017-07-06,1.690063011573906,20
2017-07-07,1.7111585125443216,20
2017-07-10,1.7171717760139005,20
2017-07-11,1.7261715390409582,20
2017-07-12,1.7395720408328226,20
2017-07-13,1.7463218006569885,20
2017-07-14,1.762224749596213,20
2017-07-17,1.7606578363412766,20
2017-07-18,1.7703237130428842,20
2017-07-19,1.772214622275276,20
2017-07-20,1.7641523444195506,20
2017-07-21,1.76390967306142,20
2017-07-24,1.768325646295029,20
2017-07-25,1.7721320239733573,20
2017-07-26,1.780983658061167,20
2017-07-27,1.7629597894925066,20
2017-07-28,1.7510421351951755,20
2017-07-31,1.7411294750640005,20
2017-08-01,1.7480000500310955,20
2017-08-02,1.7463546184239274,20
2017-08-03,1.7402873363841378,20
2017-08-04,1.7472980380072924,20
2017-08-07,1.7595156242551904,20
2017-08-08,1.7598619198900343,20
2017-08-09,1.7506445458472297,20
2017-08-10,1.703913496579764,20
2017-08-11,1.714411894393615,20
2017-08-14,1.7458675179827956,20
2017-08-15,1.7465305451774193,20
2017-08-16,1.7534687630320591,20
2017-08-17,1.707368656822443,20
2017-08-18,1.7083285449586014,20
2017-08-21,1.7022618187205323,20
2017-08-22,1.730038336337113,20
2017-08-23,1.7225706130929117,20
2017-08-24,1.7158910753302685,20
2017-08-25,1.716912838757268,20
2017-08-28,1.7201298882452642,20
2017-08-29,1.710332091389934,20
2017-08-30,1.7217772711806736,20
2017-08-31,1.7238836991486173,20
2017-09-01,1.7337135639985195,20
2017-09-05,1.706669704067588,20
2017-09-06,1.7141021330231967,20
2017-09-07,1.7103891383975611,20
2017-09-08,1.7021444971038888,20
2017-09-11,1.7348631813333342,20
2017-09-12,1.752844591314006,20
2017-09-13,1.7597896982620618,20
2017-09-14,1.7623001167626373,20
2017-09-15,1.7707232031650189,20
2017-09-18,1.7806758099243387,20
2017-09-19,1.7820180112099402,20
2017-09-20,1.780325135492153,20
2017-09-21,1.7847940466786194,20
2017-09-22,1.7886151799782555,20
2017-09-25,1.76912056611968,20
2017-09-26,1.7683221717076587,20
2017-09-27,1.8079294932851622,20
2017-09-28,1.815496039213418,20
2017-09-29,1.8266618536830064,20
2017-10-02,1.8260004706716626,20
2017-10-03,1.830491097608806,20
2017-10-04,1.83142362199269,20
2017-10-05,1.8481864391959386,20
2017-10-06,1.8565653945066434,20
2017-10-09,1.854502273206346,20
2017-10-10,1.8547618961679952,20
2017-10-11,1.8568917619189909,20
2017-10-12,1.855725646092284,20
2017-10-13,1.860957598887678,20
2017-10-16,1.8722556580885925,20
2017-10-17,1.863070496749073,20
2017-10-18,1.8740667655927972,20
2017-10-19,1.8684002910151998,20
2017-10-20,1.8929349998023959,20
2017-10-23,1.8866850948258773,20
2017-10-24,1.9022117337978466,20
2017-10-25,1.883295389061194,20
2017-10-26,1.891995754613439,20
2017-10-27,1.9001519828063436,20
2017-10-30,1.8957862007487567,20
2017-10-31,1.9006620473484432,20
2017-11-01,1.895825425656519,20
2017-11-02,1.9157660088215689,20
2017-11-03,1.9302521014596539,20
2017-11-06,1.9418801955349114,20
2017-11-07,1.9255295738070441,20
2017-11-08,1.9292340199216211,20
2017-11-09,1.9066900423868007,20
2017-11-10,1.9132339850164424,20
2017-11-13,1.9212789482674124,20
2017-11-14,1.9218639533286674,20
2017-11-15,1.9155315618012287,20
2017-11-16,1.9414790196447442,20
2017-11-17,1.933579786828775,20
2017-11-20,1.9436160388939416,20
2017-11-21,1.9629469171198035,20
2017-11-22,1.9629248230244651,20
2017-11-24,1.9686601524192475,20
2017-11-27,1.9538257725329793,20
2017-11-28,1.9769495116653542,20
2017-11-29,1.9526594982754495,20
2017-11-30,1.970396371841412,20
2017-12-01,1.9582503599011376,20
2017-12-04,1.9176870984976337,20
2017-12-05,1.9148970650185182,20
2017-12-06,1.9253499812737538,20
2017-12-07,1.9502947421662087,20
2017-12-08,1.9596193367720656,20
2017-12-11,1.9623838752566283,20
2017-12-12,1.9590069350858144,20
2017-12-13,1.9707724120445635,20
2017-12-14,1.963549766052084,20
2017-12-15,1.9728564057755473,20
2017-12-18,1.9891991611072073,20
2017-12-19,1.9811958480648264,20
2017-12-20,1.9806170212917131,20
2017-12-21,1.9730776788679456,20
2017-12-22,1.978899349678528,20
2017-12-26,1.9768424791678116,20
2017-12-27,1.9811576242320885,20
2017-12-28,1.987637053158609,20
2017-12-29,1.9741545907841023,20
2018-01-02,2.0052740632949724,20
2018-01-03,2.0348996536645156,20
2018-01-04,2.038733799714162,20
2018-01-05,2.068332142369683,20
2018-01-08,2.086994249504594,20
2018-01-09,2.093894794922108,20
2018-01-10,2.0890896004632857,20
2018-01-11,2.110147332251792,20
2018-01-12,2.1290521342102617,20
2018-01-16,2.1120408429183857,20
2018-01-17,2.141495844110759,20
2018-01-18,2.1399839852448372,20
2018-01-19,2.1472737039984238,20
2018-01-22,2.1612561071624556,20
2018-01-23,2.1784239429260075,20
2018-01-24,2.1738227435368995,20
2018-01-25,2.1722621325624445,20
2018-01-26,2.191279774372787,20
2018-01-29,2.164789575213041,20
2018-01-30,2.1433859282199306,20
2018-01-31,2.1516729305584907,20
2018-02-01,2.1280169300097476,20
2018-02-02,2.0865386929723004,20
2018-02-05,2.0034765640615944,20
2018-02-06,2.0625227597544424,20
2018-02-07,2.0421963004406356,20
2018-02-08,1.9540927372732524,20
2018-02-09,1.982473618418909,20
2018-02-12,2.023696186375077,20
2018-02-13,2.0316073556167065,20
2018-02-14,2.0728116546062516,20
2018-02-15,2.1008999694807913,20
2018-02-16,2.099753229361502,20
2018-02-20,2.0994127584718467,20
2018-02-21,2.0839287510981612,20
2018-02-22,2.0917085999480114,20
2018-02-23,2.134556441176537,20
2018-02-26,2.1574284396979104,20
2018-02-27,2.1386473459682676,20
2018-02-28,2.1230040881669012,20
2018-03-01,2.107371071215646,20
2018-03-02,2.124062505378651,20
2018-03-05,2.1664598082173474,20
2018-03-06,2.1942628701557094,20
2018-03-07,2.1936134638042795,20
2018-03-08,2.205062108278672,20
2018-03-09,2.2486347077338262,20
2018-03-12,2.246422650606261,20
2018-03-13,2.2355390988996198,20
2018-03-14,2.227467367435876,20
2018-03-15,2.2206130110479725,20
2018-03-16,2.232221940951837,20
2018-03-19,2.200595235518634,20
2018-03-20,2.223282192548475,20
2018-03-21,2.2266397000539793,20
2018-03-22,2.1614457378385135,20
2018-03-23,2.1070004851478803,20
2018-03-26,2.185121825122069,20
2018-03-27,2.11856373928293,20
2018-03-28,2.0889857353082095,20
2018-03-29,2.130526901089748,20
2018-04-02,2.0718691195440946,20
2018-04-03,2.1008882838802974,20
2018-04-04,2.1246008548054247,20
2018-04-05,2.138808607101749,20
2018-04-06,2.081488245328047,20
2018-04-09,2.090958585273547,20
2018-04-10,2.150255883869915,20
2018-04-11,2.1390799810267485,20
2018-04-12,2.1717895248342844,20
2018-04-13,2.162688021768814,20
2018-04-16,2.182317122354408,20
2018-04-17,2.229681152452806,20
2018-04-18,2.252990619909049,20
2018-04-19,2.231439211993553,20
2018-04-20,2.20965926226792,20
2018-04-23,2.1933116672794095,20
2018-04-24,2.1262608319663294,20
2018-04-25,2.132332204769632,20
2018-04-26,2.1693899085990003,20
2018-04-27,2.161025647856661,20
2018-04-30,2.1426813425614095,20
2018-05-01,2.1449856969884893,20
2018-05-02,2.1313405046116536,20
2018-05-03,2.1504146746005106,20
2018-05-04,2.1829031780833357,20
2018-05-07,2.2052237535488723,20
2018-05-08,2.210857975046673,20
2018-05-09,2.244047010713281,20
2018-05-10,2.2717361789924775,20
2018-05-11,2.2727035561545215,20
2018-05-14,2.2743977276683016,20
2018-05-15,2.2546023534001542,20
2018-05-16,2.2760873218385207,20
2018-05-17,2.2715304692088867,20
2018-05-18,2.269365334424624,20
2018-05-21,2.293502748944671,20
2018-05-22,2.285828516177316,20
2018-05-23,2.3078855112023153,20
2018-05-24,2.3166939703644434,20
2018-05-25,2.30023352375496,20
2018-05-29,2.2883177991697865,20
2018-05-30,2.3170017789469473,20
2018-05-31,2.2838418229036566,20
2018-06-01,2.3205009745363694,20
2018-06-04,2.331817985681045,20
2018-06-05,2.345837421330049,20
2018-06-06,2.368592038085772,20
2018-06-07,2.3443702656656242,20
2018-06-08,2.3530052556912944,20
2018-06-11,2.3607802298405374,20
2018-06-12,2.365419597496357,20
2018-06-13,2.3692034458138553,20
2018-06-14,2.3798113994334806,20
2018-06-15,2.3578535041665027,20
2018-06-18,2.3665655414667586,20
2018-06-19,2.3481867525010856,20
2018-06-20,2.3560973946172195,20
2018-06-21,2.3385364395960173,20
2018-06-22,2.3271322464155313,20
2018-06-25,2.2641935888223124,20
2018-06-26,2.284793082592355,20
2018-06-27,2.2549541596807674,20
2018-06-28,2.280085051755461,20
2018-06-29,2.2831620945854785,20
2018-07-02,2.298146770008555,20
2018-07-03,2.2746773824636253,20
2018-07-05,2.293169300760749,20
2018-07-06,2.3134946121591407,20
2018-07-09,2.3368326555300185,20
2018-07-10,2.3452253840325863,20
2018-07-11,2.324465512370913,20
2018-07-12,2.3742897598451727,20
2018-07-13,2.37115883439838,20
2018-07-16,2.3618572227808476,20
2018-07-17,2.3702850185762347,20
2018-07-18,2.3763434584474643,20
2018-07-19,2.355186683920929,20
2018-07-20,2.348172553717425,20
2018-07-23,2.3479699285996314,20
2018-07-24,2.3467770798197214,20
2018-07-25,2.383066306165629,20
2018-07-26,2.385292043138107,20
2018-07-27,2.350744942066186,20
2018-07-30,2.301382410258247,20
2018-07-31,2.313820196483864,20
2018-08-01,2.317566256838494,20
2018-08-02,2.365263018338982,20
2018-08-03,2.3641190720242062,20
2018-08-06,2.378067671947635,20
2018-08-07,2.3944431989039763,20
2018-08-08,2.399148017820152,20
2018-08-09,2.391879595247041,20
2018-08-10,2.3767010432732487,20
2018-08-13,2.363486256536868,20
2018-08-14,2.384925578711063,20
2018-08-15,2.3398436950042765,20
2018-08-16,2.3500889330540984,20
2018-08-17,2.3546234326775255,20
2018-08-20,2.3772909765332595,20
2018-08-21,2.3898885488749375,20
2018-08-22,2.4064949390882604,20
2018-08-23,2.4150578032273073,20
2018-08-24,2.4467344796489523,20
2018-08-27,2.4660921595243686,20
2018-08-28,2.4729431701568196,20
2018-08-29,2.4963592979414697,20
2018-08-30,2.482346255364994,20
2018-08-31,2.4860287289898153,20
2018-09-04,2.484759180769981,20
2018-09-05,2.427141902242775,20
2018-09-06,2.416684816853547,20
2018-09-07,2.4109632054234225,20
2018-09-10,2.4205917856441803,20
2018-09-11,2.432461121626069,20
2018-09-12,2.4422460221078888,20
2018-09-13,2.453218270060657,20
2018-09-14,2.456920059266239,20
2018-09-17,2.422714027021691,20
2018-09-18,2.4576342297527156,20
2018-09-19,2.4262848750483363,20
2018-09-20,2.448785975608843,20
2018-09-21,2.4447677976189057,20
2018-09-24,2.4538996300813034,20
2018-09-25,2.462713022662016,20
2018-09-26,2.4595253076311776,20
2018-09-27,2.463075461503934,20
2018-09-28,2.4638467186764843,20
2018-10-01,2.480539457350907,20
2018-10-02,2.457923111750416,20
2018-10-03,2.472370664546132,20
2018-10-04,2.4250902815414612,20
2018-10-05,2.404579448848775,20
2018-10-08,2.3682982074788685,20
2018-10-09,2.3689800550299576,20
2018-10-10,2.2496016731194017,20
2018-10-11,2.2208334934359275,20
2018-10-12,2.2864097669945855,20
2018-10-15,2.252487504834904,20
2018-10-16,2.329894685870724,20
2018-10-17,2.325100843541812,20
2018-10-18,2.2789289406505406,20
2018-10-19,2.2469456984344687,20
2018-10-22,2.266924673648714,20
2018-10-23,2.2418169453461587,20
2018-10-24,2.1330658234108166,20
2018-10-25,2.1906700083359687,20
2018-10-26,2.118664157835228,20
2018-10-29,2.077246881575481,20
2018-10-30,2.1167094992487825,20
2018-10-31,2.172086831255452,20
2018-11-01,2.219544014758016,20
2018-11-02,2.188009606942271,20
2018-11-05,2.1955458250408735,20
2018-11-06,2.207571436337687,20
2018-11-07,2.2851814831166233,20
2018-11-08,2.2678906803588528,20
2018-11-09,2.230706032767476,20
2018-11-12,2.1629975725862494,20
2018-11-13,2.1517079163789194,20
2018-11-14,2.1278557531114335,20
2018-11-15,2.1413352691326137,20
2018-11-16,2.1394090842022164,20
2018-11-19,2.0426811992044724,20
2018-11-20,2.000251267925084,20
2018-11-21,2.018771633925337,20
2018-11-23,2.0005634466063227,20
2018-11-26,2.050044925669691,20
2018-11-27,2.0606620014536854,20
2018-11-28,2.143862291060108,20
2018-11-29,2.1432557488053927,20
2018-11-30,2.152693651616389,20
2018-12-03,2.211378592468307,20
2018-12-04,2.118964345331881,20
2018-12-06,2.1306283071078878,20
2018-12-07,2.0449764002376543,20
2018-12-10,2.0726077423394855,20
2018-12-11,2.073244777367395,20
2018-12-12,2.0992312967000184,20
2018-12-13,2.089616448079114,20
2018-12-14,2.038914797814896,20
2018-12-17,1.97237356596193,20
2018-12-18,1.9986227461990176,20
2018-12-19,1.9603731044994137,20
2018-12-20,1.919546723588201,20
2018-12-21,1.875192116898104,20
2018-12-24,1.8263735254976177,20
2018-12-26,1.9488401261861952,20
2018-12-27,1.9694292846044357,20
2018-12-28,1.9649897849074711,20
2018-12-31,1.9968286262518742,20
2019-01-02,1.9913598512951045,20
2019-01-03,1.920580294173172,20
2019-01-04,2.0079147720794635,20
2019-01-07,2.0501895398158405,20
2019-01-08,2.0738186293531014,20
2019-01-09,2.1007332287777625,20
2019-01-10,2.105180883686696,20
2019-01-11,2.103390323703918,20
2019-01-14,2.0887277710169254,20
2019-01-15,2.1342810033247552,20
2019-01-16,2.1291992543131637,20
2019-01-17,2.1501652571036804,20
2019-01-18,2.169220406236409,20
2019-01-22,2.128108720203953,20
2019-01-23,2.1245069469785154,20
2019-01-24,2.1399272143357284,20
2019-01-25,2.1704396430693165,20
2019-01-28,2.138702687631136,20
2019-01-29,2.121338326884885,20
2019-01-30,2.1844795174992453,20
2019-01-31,2.211879260120348,20
2019-02-01,2.2186345464363693,20
2019-02-04,2.2344876087911842,20
2019-02-05,2.243906188226443,20
2019-02-06,2.2460528830891526,20
2019-02-07,2.2326037392730655,20
2019-02-08,2.249968775087802,20
2019-02-11,2.2706971000915828,20
2019-02-12,2.2972773134980313,20
2019-02-13,2.2976879889202935,20
2019-02-14,2.309968022250827,20
2019-02-15,2.3325112819644254,20
2019-02-19,2.3312006798703995,20
2019-02-20,2.330689978465942,20
2019-02-21,2.331559325397849,20
2019-02-22,2.3514268836924566,20
2019-02-25,2.354453219334005,20
2019-02-26,2.356659216652066,20
2019-02-27,2.359017117852806,20
2019-02-28,2.3564334232088937,20
2019-03-01,2.371520522196599,20
2019-03-04,2.351703182208178,20
2019-03-05,2.343692262204166,20
2019-03-06,2.3307890420619906,20
2019-03-07,2.3149942347449115,20
2019-03-08,2.2957987208987647,20
2019-03-11,2.3268628651727914,20
2019-03-12,2.329973680650474,20
2019-03-13,2.3499999528287083,20
2019-03-14,2.348484881936286,20
2019-03-15,2.348074244736357,20
2019-03-18,2.353891771496939,20
2019-03-19,2.356008302011983,20
2019-03-20,2.350003677249621,20
2019-03-21,2.3859708981207643,20
2019-03-22,2.329452898084376,20
2019-03-25,2.3370033831789696,20
2019-03-26,2.351894060546295,20
2019-03-27,2.339966323160401,20
2019-03-28,2.355621047792028,20
2019-03-29,2.3758420134128873,20
2019-04-01,2.4073191268090235,20
2019-04-02,2.404947091493425,20
2019-04-03,2.408526082767928,20
2019-04-04,2.4017935317160797,20
2019-04-05,2.411822759155423,20
2019-04-08,2.4113151241916517,20
2019-04-09,2.4003399051801138,20
2019-04-10,2.41425175492729,20
2019-04-11,2.4191132656965744,20
2019-04-12,2.4391151132092737,20
2019-04-15,2.4361246496180664,20
2019-04-16,2.428833281127321,20
2019-04-17,2.4191735797469605,20
2019-04-18,2.4221733671652603,20
2019-04-22,2.4128160246558936,20
2019-04-23,2.4336348574490585,20
2019-04-24,2.435549002051477,20
2019-04-25,2.4501667194031294,20
2019-04-26,2.464921164363858,20
2019-04-29,2.4639076807107343,20
2019-04-30,2.4624085729488416,20
2019-05-01,2.4291750009841877,20
2019-05-02,2.421427182320978,20
2019-05-03,2.4395461782658527,20
2019-05-06,2.41971569925379,20
2019-05-07,2.375312749510065,20
2019-05-08,2.3738036634833386,20
2019-05-09,2.3769606442699387,20
2019-05-10,2.390156560312194,20
2019-05-13,2.325905876821525,20
2019-05-14,2.3646408546039948,20
2019-05-15,2.373138890946013,20
2019-05-16,2.4024016315235586,20
2019-05-17,2.383681323864954,20
2019-05-20,2.35605703030803,20
2019-05-21,2.3769663409963497,20
2019-05-22,2.371871722778369,20
2019-05-23,2.3245395506713105,20
2019-05-24,2.327580300194896,20
2019-05-28,2.317156643852981,20
2019-05-29,2.2976680968354355,20
2019-05-30,2.3165820261181382,20
2019-05-31,2.2835064715386686,20
2019-06-03,2.2627439987672764,20
2019-06-04,2.3261149117807642,20
2019-06-05,2.359712430319686,20
2019-06-06,2.376600064032758,20
2019-06-07,2.4072199952430218,20
2019-06-10,2.416829117166478,20
2019-06-11,2.418137386632056,20
2019-06-12,2.4130305994151735,20
2019-06-13,2.4154598456991474,20
2019-06-14,2.391937936790842,20
2019-06-17,2.3885826555899325,20
2019-06-18,2.4262843775561835,20
2019-06-19,2.4447073301418265,20
2019-06-20,2.476337096521096,20
2019-06-21,2.4668589982405282,20
2019-06-24,2.460406077731259,20
2019-06-25,2.4229517610044335,20
2019-06-26,2.428577548487616,20
2019-06-27,2.4398601461439604,20
2019-06-28,2.455305752883252,20
2019-07-01,2.480981812096531,20
2019-07-02,2.489399830260928,20
2019-07-03,2.5069442201302463,20
2019-07-05,2.5030150226377623,20
2019-07-08,2.4941925122801787,20
2019-07-09,2.504373063442509,20
2019-07-10,2.510346841300596,20
2019-07-11,2.5276346600782924,20
2019-07-12,2.53990432056949,20
2019-07-15,2.5406650269077313,20
2019-07-16,2.53371082471806,20
2019-07-17,2.501762342789032,20
2019-07-18,2.518018783935274,20
2019-07-19,2.5056362474597225,20
2019-07-22,2.5182338172331065,20
2019-07-23,2.524707075141625,20
2019-07-24,2.540427130300168,20
2019-07-25,2.520387402038014,20
2019-07-26,2.526509698864726,20
2019-07-29,2.516783469153591,20
2019-07-30,2.51212336435774,20
2019-07-31,2.476736813901988,20
2019-08-01,2.458662642158534,20
2019-08-02,2.440855669834687,20
2019-08-05,2.349828374624328,20
2019-08-06,2.3897768987427526,20
2019-08-07,2.396251429226376,20
2019-08-08,2.4451052331586265,20
2019-08-09,2.4388991523470134,20
2019-08-12,2.397787074162645,20
2019-08-13,2.445748294878413,20
2019-08-14,2.365286881200287,20
2019-08-15,2.3631133456794267,20
2019-08-16,2.39850304740222,20
2019-08-19,2.428324776252122,20
2019-08-20,2.411687394349111,20
2019-08-21,2.441404440260066,20
2019-08-22,2.430156416489307,20
2019-08-23,2.3496303909911798,20
2019-08-26,2.377023519199586,20
2019-08-27,2.378783902527598,20
2019-08-28,2.3821944560426735,20
2019-08-29,2.4188913039104016,20
2019-08-30,2.4152662643345244,20
2019-09-03,2.388733043498741,20
2019-09-04,2.422948016009067,20
2019-09-05,2.475358618013285,20
2019-09-06,2.4749646492055284,20
2019-09-09,2.4427446495211487,20
2019-09-10,2.418912552196115,20
2019-09-11,2.424907656390401,20
2019-09-12,2.4388926460751144,20
2019-09-13,2.423689379377098,20
2019-09-16,2.4190916697158555,20
2019-09-17,2.434324365088746,20
2019-09-18,2.428766942214064,20
2019-09-19,2.4300258408745767,20
2019-09-20,2.417436523018475,20
2019-09-23,2.4211477237844345,20
2019-09-24,2.4023240247714277,20
2019-09-25,2.4171875076292046,20
2019-09-26,2.4173416696640664,20
2019-09-27,2.3839927626796658,20
2019-09-30,2.398804440078155,20
2019-10-01,2.3765198229720275,20
2019-10-02,2.3385426577078583,20
2019-10-03,2.365218209902813,20
2019-10-04,2.403728660471093,20
2019-10-07,2.386457259586047,20
2019-10-08,2.3479935949039854,20
2019-10-09,2.3816963787459393,20
2019-10-10,2.388455726388107,20
2019-10-11,2.4107076270099808,20
2019-10-14,2.408350798547759,20
2019-10-15,2.4349363400743305,20
2019-10-16,2.4143547806250503,20
2019-10-17,2.4199956824715825,20
2019-10-18,2.4027164243785752,20
2019-10-21,2.4200900208669185,20
2019-10-22,2.389173522082556,20
2019-10-23,2.383223515893379,20
2019-10-24,2.448011367033857,20
2019-10-25,2.4605260671229296,20
2019-10-28,2.4834502065697532,20
2019-10-29,2.4684436385320527,20
2019-10-30,2.4814804479075634,20
2019-10-31,2.456863289331035,20
2019-11-01,2.4810113189332,20
2019-11-04,2.479820484145609,20
2019-11-05,2.477071838166527,20
2019-11-06,2.471831734985504,20
2019-11-07,2.473610484210423,20
2019-11-08,2.4768815476592514,20
2019-11-11,2.4820190561433226,20
2019-11-12,2.481359622028411,20
2019-11-13,2.4845852237528403,20
2019-11-14,2.49561342193641,20
2019-11-15,2.520936892390148,20
2019-11-18,2.5154221139325696,20
2019-11-19,2.511467080020273,20
2019-11-20,2.5173701355720657,20
2019-11-21,2.4966426548011182,20
2019-11-22,2.492108570941529,20
2019-11-25,2.5175348684063064,20
2019-11-26,2.5237389368332876,20
2019-11-27,2.543522156691048,20
2019-11-29,2.5274894645911727,20
2019-12-02,2.4909501682399795,20
2019-12-03,2.468780500831566,20
2019-12-04,2.4782545228878523,20
2019-12-05,2.487605494683257,20
2019-12-06,2.5097706508831554,20
2019-12-09,2.4977387453031126,20
2019-12-10,2.5026400125142856,20
2019-12-11,2.533162514102033,20
2019-12-12,2.5694344095351913,20
2019-12-13,2.5704761662307263,20
2019-12-16,2.595537216589433,20
2019-12-17,2.6056711740167233,20
2019-12-18,2.6030873330057753,20
2019-12-19,2.6177739353706246,20
2019-12-20,2.6485539084595944,20
2019-12-23,2.646905740417902,20
2019-12-24,2.65006181840625,20
2019-12-26,2.658771200061631,20
2019-12-27,2.656382118350645,20
2019-12-30,2.6436536524120013,20
2019-12-31,2.6469648520691824,20
2020-01-02,2.694412380909307,20
2020-01-03,2.671762067436786,20
2020-01-06,2.667180281940385,20
2020-01-07,2.6727370200728653,20
2020-01-08,2.694393908638858,20
2020-01-09,2.719849322444712,20
2020-01-10,2.7155800035289133,20
2020-01-13,2.750262184591702,20
2020-01-14,2.7476800940753305,20
2020-01-15,2.753514009493669,20
2020-01-16,2.7896300117466533,20
2020-01-17,2.801804513417107,20
2020-01-21,2.801199246289733,20
2020-01-22,2.802378734537539,20
2020-01-23,2.814650004277675,20
2020-01-24,2.776078281780982,20
2020-01-27,2.713065078270875,20
2020-01-28,2.7599317278418307,20
2020-01-29,2.7662283791182074,20
2020-01-30,2.7973905940796717,20
2020-01-31,2.720915289654005,20
2020-02-03,2.7607541027554174,20
2020-02-04,2.8340528306059176,20
2020-02-05,2.827375261574769,20
2020-02-06,2.8445565999983344,20
2020-02-07,2.809981984411634,20
2020-02-10,2.84703417628253,20
2020-02-11,2.8505915501826764,20
2020-02-12,2.877181274450032,20
2020-02-13,2.8928243035004946,20
2020-02-14,2.892204856794639,20
2020-02-18,2.8704851754632448,20
2020-02-19,2.9020692438856295,20
2020-02-20,2.872607556229266,20
2020-02-21,2.8147694231094764,20
2020-02-24,2.7100791490854865,20
2020-02-25,2.616409606637554,20
2020-02-26,2.6275561584654286,20
2020-02-27,2.5207523240258802,20
2020-02-28,2.525802842587922,20
2020-03-02,2.6502346494681523,20
2020-03-03,2.5653713617733716,20
2020-03-04,2.6767284725039415,20
2020-03-05,2.58925017276475,20
2020-03-06,2.5216628698988375,20
2020-03-09,2.3148130736375236,20
2020-03-10,2.462682031557752,20
2020-03-11,2.3413507977338135,20
2020-03-12,2.11151009994216,20
2020-03-13,2.3381464721485323,20
2020-03-16,2.025083739059868,20
2020-03-17,2.1527210266607635,20
2020-03-18,1.9993249700955742,20
2020-03-19,2.023525172888711,20
2020-03-20,1.9217728799641998,20
2020-03-23,1.8955029865564224,20
2020-03-24,2.1220456337126405,20
2020-03-25,2.1677692323585327,20
2020-03-26,2.294236614299996,20
2020-03-27,2.1870943935555793,20
2020-03-30,2.2609742997370037,20
2020-03-31,2.205340951916463,20
2020-04-01,2.0914835960339277,20
2020-04-02,2.1118270677878535,20
2020-04-03,2.05875253418764,20
2020-04-06,2.2565661829934047,20
2020-04-07,2.26371682967258,20
2020-04-08,2.345775897025307,20
2020-04-09,2.3468566845975496,20
2020-04-13,2.32719890928388,20
2020-04-14,2.426628475582295,20
2020-04-15,2.354273329897602,20
2020-04-16,2.3820929601449237,20
2020-04-17,2.4434178954067964,20
2020-04-20,2.3768737407430094,20
2020-04-21,2.2830743788989802,20
2020-04-22,2.3793797964962953,20
2020-04-23,2.3567511123752434,20
2020-04-24,2.4083837285494996,20
2020-04-27,2.448004600453396,20
2020-04-28,2.4352401694722854,20
2020-04-29,2.5297955709573468,20
2020-04-30,2.4765567006882447,20
2020-05-01,2.399937710435955,20
2020-05-04,2.431452083575167,20
2020-05-05,2.481536956888577,20
2020-05-06,2.471008617373942,20
2020-05-07,2.5227837604645074,20
2020-05-08,2.5698487905844596,20
2020-05-11,2.590998712839856,20
2020-05-12,2.544257307472464,20
2020-05-13,2.5105799048245117,20
2020-05-14,2.561083142624328,20
2020-05-15,2.567540256533147,20
2020-05-18,2.6209775323730495,20
2020-05-19,2.615731119158934,20
2020-05-20,2.65024955545709,20
2020-05-21,2.607464564716696,20
2020-05-22,2.6226927857215077,20
2020-05-26,2.6090765268509077,20
2020-05-27,2.633280723747077,20
2020-05-28,2.649016196742948,20
2020-05-29,2.69084390872695,20
2020-06-01,2.690166765972635,20
2020-06-02,2.704554254297991,20
2020-06-03,2.7255860475772926,20
2020-06-04,2.7055501829653696,20
2020-06-05,2.7604865397384275,20
2020-06-08,2.757527687276749,20
2020-06-09,2.765127592033071,20
2020-06-10,2.7864314666928056,20
2020-06-11,2.6283121561064218,20
2020-06-12,2.6563394857036604,20
2020-06-15,2.691177231558485,20
2020-06-16,2.7447386380536605,20
2020-06-17,2.759180778437286,20
2020-06-18,2.7666976125383633,20
2020-06-19,2.7766165710354525,20
2020-06-22,2.803106980098473,20
2020-06-23,2.797139230804232,20
2020-06-24,2.7391971591449598,20
2020-06-25,2.7674666629119384,20
2020-06-26,2.720525483880627,20
2020-06-29,2.7361898486870273,20
2020-06-30,2.800783024599217,20
2020-07-01,2.815854786031614,20
2020-07-02,2.831688525461022,20
2020-07-06,2.8817827588578946,20
2020-07-07,2.861625167862094,20
2020-07-08,2.898673745292487,20
2020-07-09,2.921656764773936,20
2020-07-10,2.9164848610189886,20
2020-07-13,2.8379315086610677,20
2020-07-14,2.8743190508032987,20
2020-07-15,2.8764657030991323,20
2020-07-16,2.8614553702096983,20
2020-07-17,2.8856568776048444,20
2020-07-20,2.9654395934505957,20
2020-07-21,2.9458249189926726,20
2020-07-22,2.977336781809202,20
2020-07-23,2.924481653626282,20
2020-07-24,2.910806982894271,20
2020-07-27,2.966726138251722,20
2020-07-28,2.929167507267281,20
2020-07-29,3.001946313869808,20
2020-07-30,3.026423287703411,20
2020-07-31,3.0453424797128243,20
2020-08-03,3.0836061052043986,20
2020-08-04,3.1043130625692537,20
2020-08-05,3.1132374252844235,20
2020-08-06,3.1284958013353843,20
2020-08-07,3.105560597602021,20
2020-08-10,3.0892218090065744,20
2020-08-11,3.032969899558228,20
2020-08-12,3.116755086779002,20
2020-08-13,3.1271376627820864,20
2020-08-14,3.1299237682232777,20
2020-08-17,3.171771926846838,20
2020-08-18,3.1693313030664383,20
2020-08-19,3.154049589779918,20
2020-08-20,3.175032083323941,20
2020-08-21,3.188760131762415,20
2020-08-24,3.2069167443211444,20
2020-08-25,3.2325765978684085,20
2020-08-26,3.275523897233177,20
2020-08-27,3.239977972815052,20
2020-08-28,3.276158458812902,20
2020-08-31,3.2797761027985053,20
2020-09-01,3.3408037505919017,20
2020-09-02,3.3981505221754134,20
2020-09-03,3.208207048619331,20
2020-09-04,3.1493552999236556,20
2020-09-08,3.0181973032059846,20
2020-09-09,3.099669438024872,20
2020-09-10,3.0482332325064263,20
2020-09-11,3.031911136468546,20
2020-09-14,3.082569988348333,20
2020-09-15,3.125902199772935,20
2020-09-16,3.069479391155732,20
2020-09-17,3.0424627743440307,20
2020-09-18,3.014439016519663,20
2020-09-21,3.028289365904628,20
2020-09-22,3.0725059180890066,20
2020-09-23,2.992373198912405,20
2020-09-24,3.0201470253466045,20
2020-09-25,3.076541948018591,20
2020-09-28,3.13686706778105,20
2020-09-29,3.1365200312153783,20
2020-09-30,3.140771868640613,20
2020-10-01,3.1778877155454466,20
2020-10-02,3.1065343804448085,20
2020-10-05,3.183927856314411,20
2020-10-06,3.137524078507315,20
2020-10-07,3.2155533015826587,20
2020-10-08,3.222346967649548,20
2020-10-09,3.266383282849792,20
2020-10-12,3.3230977413046907,20
2020-10-13,3.342627135958928,20
2020-10-14,3.319491734892231,20
2020-10-15,3.3200746049652583,20
2020-10-16,3.3144823683952285,20
2020-10-19,3.2723769515245587,20
2020-10-20,3.292955293849553,20
2020-10-21,3.2851538600071013,20
2020-10-22,3.2545262121010743,20
2020-10-23,3.291280191022478,20
2020-10-26,3.2165998457231213,20
2020-10-27,3.2113087679810297,20
2020-10-28,3.0787932137992473,20
2020-10-29,3.136888851582047,20
2020-10-30,3.0608936512003466,20
2020-11-02,3.0854885830762577,20
2020-11-03,3.151158336749739,20
2020-11-04,3.2664587146358968,20
2020-11-05,3.3664271893520916,20
2020-11-06,3.3949349818559176,20
2020-11-09,3.2804698925158364,20
2020-11-10,3.2311084054077366,20
2020-11-11,3.324764840120005,20
2020-11-12,3.292248827900682,20
2020-11-13,3.3175096897952074,20
2020-11-16,3.3703026498627326,20
2020-11-17,3.3720244938622277,20
2020-11-18,3.3505180964068,20
2020-11-19,3.3816606397992217,20
2020-11-20,3.352873076501494,20
2020-11-23,3.3833977349438573,20
2020-11-24,3.392925011954127,20
2020-11-25,3.406014163150422,20
2020-11-27,3.4285600352621906,20
2020-11-30,3.444784542282576,20
2020-12-01,3.4719274488500433,20
2020-12-02,3.450051077017295,20
2020-12-03,3.460685461552302,20
2020-12-04,3.500682714083733,20
2020-12-07,3.514133274320623,20
2020-12-08,3.5208541549023917,20
2020-12-09,3.4531523226143377,20
2020-12-10,3.4605973321023984,20
2020-12-11,3.4464189394270353,20
2020-12-14,3.4629771441864414,20
2020-12-15,3.499064429981801,20
2020-12-16,3.5300983823644736,20
2020-12-17,3.557102757714803,20
2020-12-18,3.5485451267374035,20
2020-12-21,3.533407681017275,20
2020-12-22,3.5530604444733984,20
2020-12-23,3.5192022089510395,20
2020-12-24,3.5338985213392538,20
2020-12-28,3.5250691465178887,20
2020-12-29,3.5046752592682946,20
2020-12-30,3.526026869678413,20
2020-12-31,3.5235802068056614,20
2021-01-04,3.4737202140078325,20
2021-01-05,3.51604676176636,20
2021-01-06,3.4877690548148315,20
2021-01-07,3.574060779348438,20
2021-01-08,3.596343595584878,20
2021-01-11,3.5913373916080213,20
2021-01-12,3.5948358948854677,20
2021-01-13,3.5952776733088148,20
2021-01-14,3.6046625117600755,20
2021-01-15,3.565566728875802,20
2021-01-19,3.623445989983105,20
2021-01-20,3.659240899729573,20
2021-01-21,3.6864771032077406,20
2021-01-22,3.6960621250390764,20
2021-01-25,3.7062394287725735,20
2021-01-26,3.664172838672867,20
2021-01-27,3.54199033394173,20
2021-01-28,3.5926619853553747,20
2021-01-29,3.52806091215862,20
2021-02-01,3.623672519332018,20
2021-02-02,3.6970056556597424,20
2021-02-03,3.666828597676128,20
2021-02-04,3.7156684390552654,20
2021-02-05,3.7249527993951905,20
2021-02-08,3.7844900135532558,20
2021-02-09,3.7787512935950516,20
2021-02-10,3.7800250682297354,20
2021-02-11,3.8366822129969758,20
2021-02-12,3.874752896770084,20
2021-02-16,3.8771297725465796,20
2021-02-17,3.848222406730879,20
2021-02-18,3.826540931729979,20
2021-02-19,3.863526537830237,20
2021-02-22,3.7595137288191993,20
2021-02-23,3.74158312521299,20
2021-02-24,3.801522338502791,20
2021-02-25,3.6462862426492717,20
2021-02-26,3.6804692319562724,20
2021-03-01,3.8036223406762226,20
2021-03-02,3.7362096555276323,20
2021-03-03,3.6529656500612315,20
2021-03-04,3.511539426321875,20
2021-03-05,3.5706467022445,20
2021-03-08,3.4572793311316468,20
2021-03-09,3.598617956178883,20
2021-03-10,3.583214672292115,20
2021-03-11,3.7012044503890085,20
2021-03-12,3.6814948981521156,20
2021-03-15,3.7256723402110175,20
2021-03-16,3.7300634790936367,20
2021-03-17,3.763218531032691,20
2021-03-18,3.647649090888338,20
2021-03-19,3.666517864039731,20
2021-03-22,3.718994265619904,20
2021-03-23,3.647414327517112,20
2021-03-24,3.6117047538684592,20
2021-03-25,3.6234369442093626,20
2021-03-26,3.76207317143359,20
2021-03-29,3.712626852257054,20
2021-03-30,3.703918319994967,20
2021-03-31,3.7624292963418395,20
2021-04-01,3.8614418524679883,20
2021-04-05,3.8981645439009402,20
2021-04-06,3.884955123979853,20
2021-04-07,3.8844624231978595,20
2021-04-08,3.90887121255122,20
2021-04-09,3.9132038872793644,20
2021-04-12,3.8946774745376547,20
2021-04-13,3.872734210453702,20
2021-04-14,3.8970610828396968,20
2021-04-15,3.910062066016297,20
2021-04-16,3.8976836007980946,20
2021-04-19,3.855120806858294,20
2021-04-20,3.7567813619419144,20
2021-04-21,3.8235284167339496,20
2021-04-22,3.773501251214309,20
2021-04-23,3.840121056307013,20
2021-04-26,3.8913724557237153,20
2021-04-27,3.8968516177192116,20
2021-04-28,3.9374666054651484,20
2021-04-29,3.9646937598097276,20
2021-04-30,3.8996327411266805,20
2021-05-03,3.930832059394995,20
2021-05-04,3.92908507745122,20
2021-05-05,3.9915407100312112,20
2021-05-06,3.9991198312217024,20
2021-05-07,4.089253427514319,20
2021-05-10,4.007883669381411,20
2021-05-11,3.9955398803581836,20
2021-05-12,3.854413102196745,20
2021-05-13,3.923350330083424,20
2021-05-14,4.033595876919551,20
2021-05-17,4.055929321263702,20
2021-05-18,3.995477931986125,20
2021-05-19,3.96702578187717,20
2021-05-20,4.009334252823828,20
2021-05-21,4.005878881661444,20
2021-05-24,4.077709159753406,20
2021-05-25,4.058440654227613,20
2021-05-26,4.092376080114971,20
2021-05-27,4.141564705664275,20
2021-05-28,4.147629168846353,20
2021-06-01,4.216812486899974,20
2021-06-02,4.187312058209673,20
2021-06-03,4.156835032004304,20
2021-06-04,4.179624079489828,20
2021-06-07,4.167694878345295,20
2021-06-08,4.174159967615026,20
2021-06-09,4.116373291051002,20
2021-06-10,4.092550968172177,20
2021-06-11,4.115222247338576,20
2021-06-14,4.066921256948144,20
2021-06-15,4.069085218656657,20
2021-06-16,4.031867072660014,20
2021-06-17,3.9301115826894795,20
2021-06-18,3.8366024892970634,20
2021-06-21,3.9457298292895904,20
2021-06-22,3.9546900206100566,20
2021-06-23,3.9859930439222904,20
2021-06-24,4.042285455055141,20
2021-06-25,4.039074578128565,20
2021-06-28,4.007361305593125,20
2021-06-29,4.013587158351016,20
2021-06-30,4.0469604128585726,20
2021-07-01,4.05915538284758,20
2021-07-02,4.04506832785584,20
2021-07-06,3.9486856103663195,20
2021-07-07,3.9332151480501487,20
2021-07-08,3.8739284880368423,20
2021-07-09,3.9905465334196104,20
2021-07-12,4.025060889014287,20
2021-07-13,3.9736063044901027,20
2021-07-14,3.9336970972808176,20
2021-07-15,3.898690438934041,20
2021-07-16,3.794891000022897,20
2021-07-19,3.704574876251643,20
2021-07-20,3.809084811021254,20
2021-07-21,3.9024034279933235,20
2021-07-22,3.858858196439737,20
2021-07-23,3.872785873232148,20
2021-07-26,3.925257576063439,20
2021-07-27,3.870612899478017,20
2021-07-28,3.891362890958745,20
2021-07-29,3.9316280865896163,20
2021-07-30,3.9196219207195258,20
2021-08-02,3.896071940125226,20
2021-08-03,3.9405479964606043,20
2021-08-04,3.898112265983212,20
2021-08-05,3.965536122758189,20
2021-08-06,4.002907082257066,20
2021-08-09,3.9890525911385084,20
2021-08-10,4.046580552173975,20
2021-08-11,4.0916125208787735,20
2021-08-12,4.083734888753004,20
2021-08-13,4.055697010055817,20
2021-08-16,4.015799000814304,20
2021-08-17,3.9321210982659203,20
2021-08-18,3.899127516532457,20
2021-08-19,3.8391110492083995,20
2021-08-20,3.8622680370161833,20
2021-08-23,3.9528250019298135,20
2021-08-24,4.012040619621621,20
2021-08-25,4.050624650932978,20
2021-08-26,4.001630259299782,20
2021-08-27,4.099978686219426,20
2021-08-30,4.041511540195552,20
2021-08-31,4.017424951139987,20
2021-09-01,3.973160376004118,20
2021-09-02,4.0175241407438715,20
2021-09-03,4.002515612696734,20
2021-09-07,3.981976684452272,20
2021-09-08,3.9040636362163648,20
2021-09-09,3.94593012040868,20
2021-09-10,3.932881422998614,20
2021-09-13,3.9899994352732286,20
2021-09-14,3.9256774664838723,20
2021-09-15,4.0074821396527875,20
2021-09-16,4.002726787109548,20
2021-09-17,3.951401720388276,20
2021-09-20,3.826593419267586,20
2021-09-21,3.8157263991392987,20
2021-09-22,3.920457488469507,20
2021-09-23,4.051286028644514,20
2021-09-24,4.0646457654448795,20
2021-09-27,4.162897004934123,20
2021-09-28,4.0832248523091,20
2021-09-29,4.04654321019746,20
2021-09-30,3.9770328879447026,20
2021-10-01,4.067400327846776,20
2021-10-04,4.052526282090427,20
2021-10-05,4.107552588898322,20
2021-10-06,4.065598326359414,20
2021-10-07,4.1203225870349725,20
2021-10-08,4.1405394677219665,20
2021-10-11,4.13140152532372,20
2021-10-12,4.157343861210019,20
2021-10-13,4.151886775735158,20
2021-10-14,4.234260542722959,20
2021-10-15,4.272733713871937,20
2021-10-18,4.305218208304751,20
2021-10-19,4.316484182977029,20
2021-10-20,4.340882945338032,20
2021-10-21,4.300326509301845,20
2021-10-22,4.350578656609418,20
2021-10-25,4.403755068209934,20
2021-10-26,4.395998224903957,20
2021-10-27,4.2856141299684,20
2021-10-28,4.346228143188013,20
2021-10-29,4.330480071314359,20
2021-11-01,4.390642751657301,20
2021-11-02,4.379862756001192,20
2021-11-03,4.39689484201138,20
2021-11-04,4.388416623331949,20
2021-11-05,4.472662469236581,20
2021-11-08,4.5279877623262506,20
2021-11-09,4.509849389589323,20
2021-11-10,4.410894205986569,20
2021-11-11,4.468629018339321,20
2021-11-12,4.489171601927586,20
2021-11-15,4.486140077297658,20
2021-11-16,4.454506186397107,20
2021-11-17,4.376046399704762,20
2021-11-18,4.387205740440069,20
2021-11-19,4.284954333632398,20
2021-11-22,4.342430131186643,20
2021-11-23,4.434965586486696,20
2021-11-24,4.445738584019278,20
2021-11-26,4.25488305536668,20
2021-11-29,4.294734519436179,20
2021-11-30,4.165688524791923,20
2021-12-01,4.072565448783857,20
2021-12-02,4.200948606837465,20
2021-12-03,4.136997393054624,20
2021-12-06,4.186393296610224,20
2021-12-07,4.340602582499709,20
2021-12-08,4.315335450694385,20
2021-12-09,4.257909731591603,20
2021-12-10,4.2906337081821,20
2021-12-13,4.180045344758346,20
2021-12-14,4.184067352223089,20
2021-12-15,4.202966757334147,20
2021-12-16,4.217947686067045,20
2021-12-17,4.178408170378586,20
2021-12-20,4.095895681586942,20
2021-12-21,4.261431167856312,20
2021-12-22,4.314072466847315,20
2021-12-23,4.3396121315864535,20
2021-12-27,4.439792993469856,20
2021-12-28,4.40733097425057,20
2021-12-29,4.399096524975436,20
2021-12-30,4.363314504904036,20
2021-12-31,4.351021038921815,20
2022-01-03,4.407628500846712,20
2022-01-04,4.50270105426165,20
2022-01-05,4.399601096222674,20
2022-01-06,4.455794201927774,20
2022-01-07,4.451636228168425,20
2022-01-10,4.439876114585563,20
2022-01-11,4.547369782176982,20
2022-01-12,4.561802570875252,20
2022-01-13,4.483100248218764,20
2022-01-14,4.526097556088302,20
2022-01-18,4.430353745018223,20
2022-01-19,4.361882794646973,20
2022-01-20,4.295556155329931,20
2022-01-21,4.180855191853804,20
2022-01-24,4.227294429908168,20
2022-01-25,4.269199517844191,20
2022-01-26,4.2734985781037675,20
2022-01-27,4.277175701245337,20
2022-01-28,4.340627783760991,20
2022-01-31,4.390310851156916,20
2022-02-01,4.489440889270097,20
2022-02-02,4.547185798129019,20
2022-02-03,4.470402231521017,20
2022-02-04,4.516634025616345,20
2022-02-07,4.5160376443985015,20
2022-02-08,4.534557932449016,20
2022-02-09,4.623483837670961,20
2022-02-10,4.571294913274332,20
2022-02-11,4.510597896119968,20
2022-02-14,4.435235500971448,20
2022-02-15,4.499153986981911,20
2022-02-16,4.515256395700964,20
2022-02-17,4.456984230672641,20
2022-02-18,4.413915153193442,20
2022-02-22,4.333625303751986,20
2022-02-23,4.267152928521631,20
2022-02-24,4.3373512746037814,20
2022-02-25,4.463744610746338,20
2022-02-28,4.520663025285355,20
2022-03-01,4.44671459250936,20
2022-03-02,4.569753846870869,20
2022-03-03,4.566587897993097,20
2022-03-04,4.573658260456945,20
2022-03-07,4.506593584878842,20
2022-03-08,4.458335276126935,20
2022-03-09,4.505320292591724,20
2022-03-10,4.57256420793461,20
2022-03-11,4.5232409203007755,20
2022-03-14,4.449896807108785,20
2022-03-15,4.477731198286561,20
2022-03-16,4.521398326486344,20
2022-03-17,4.6371156123024555,20
2022-03-18,4.694816818852773,20
2022-03-21,4.749047436235238,20
2022-03-22,4.785494296046575,20
2022-03-23,4.770475858102054,20
2022-03-24,4.832411092773183,20
2022-03-25,4.878487876672535,20
2022-03-28,4.8202538003789135,20
2022-03-29,4.847304460779584,20
2022-03-30,4.814790984161171,20
2022-03-31,4.748840025515187,20
2022-04-01,4.752752683009318,20
2022-04-04,4.802279684268203,20
2022-04-05,4.6963480320945505,20
2022-04-06,4.601625540785995,20
2022-04-07,4.6182817348847935,20
2022-04-08,4.627158480841567,20
2022-04-11,4.54396978903821,20
2022-04-12,4.552608306265198,20
2022-04-13,4.6441678443694565,20
2022-04-14,4.57455081293604,20
2022-04-18,4.596834737451369,20
2022-04-19,4.6618883356852505,20
2022-04-20,4.6797767204668785,20
2022-04-21,4.557501361535297,20
2022-04-22,4.39053391340071,20
2022-04-25,4.403378725932297,20
2022-04-26,4.276352178272289,20
2022-04-27,4.306993202002459,20
2022-04-28,4.428442088258701,20
2022-04-29,4.256163712968305,20
2022-05-02,4.297676556571123,20
2022-05-03,4.343786144994124,20
2022-05-04,4.49990404991012,20
2022-05-05,4.3101375026813775,20
2022-05-06,4.284083587046934,20
2022-05-09,4.03281182492866,20
2022-05-10,4.092015769640545,20
2022-05-11,4.032688925035667,20
2022-05-12,4.000626016211,20
2022-05-13,4.159636937527552,20
2022-05-16,4.150348523459779,20
2022-05-17,4.267594142156649,20
2022-05-18,4.047244514590618,20
2022-05-19,4.020676721203222,20
2022-05-20,4.019269654926298,20
2022-05-23,4.111066745063578,20
2022-05-24,4.039505795139944,20
2022-05-25,4.0996449593933155,20
2022-05-26,4.2156173847102805,20
2022-05-27,4.34017006264119,20
2022-05-31,4.297329798772148,20
2022-06-01,4.283112549944761,20
2022-06-02,4.362744442626019,20
2022-06-03,4.311415685327792,20
2022-06-06,4.32001286296321,20
2022-06-07,4.39517208025217,20
2022-06-08,4.350087883705506,20
2022-06-09,4.2418861044045695,20
2022-06-10,4.109096903076028,20
2022-06-13,3.9054361965870226,20
2022-06-14,3.9206510509993255,20
2022-06-15,3.945079813545575,20
2022-06-16,3.7678845762102484,20
2022-06-17,3.7397951585214004,20
2022-06-21,3.8468628918255776,20
2022-06-22,3.7859228320004883,20
2022-06-23,3.7964982024654335,20
2022-06-24,3.908897274337201,20
2022-06-27,3.9219589432183737,20
2022-06-28,3.8768425373326623,20
2022-06-29,3.83583375812259,20
2022-06-30,3.8019269428011007,20
2022-07-01,3.8171026048217684,20
2022-07-05,3.770730454696357,20
2022-07-06,3.7725948779452296,20
2022-07-07,3.885332467099604,20
2022-07-08,3.8906638897562855,20
2022-07-11,3.8424393397833825,20
2022-07-12,3.7889453203572065,20
2022-07-13,3.788957879787401,20
2022-07-14,3.7687107804929982,20
2022-07-15,3.84395185589391,20
2022-07-18,3.8589923809957045,20
2022-07-19,3.981770395593179,20
2022-07-20,4.0166624050021795,20
2022-07-21,4.04139262204713,20
2022-07-22,3.9893945608812587,20
2022-07-25,4.036462412653947,20
2022-07-26,3.968250457000814,20
2022-07-27,4.085770200057009,20
2022-07-28,4.136815871665627,20
2022-07-29,4.217984581554066,20
2022-08-01,4.200139501027715,20
2022-08-02,4.164785135174876,20
2022-08-03,4.189237234059225,20
2022-08-04,4.109785306770716,20
2022-08-05,4.149970221253447,20
2022-08-08,4.157802732060485,20
2022-08-09,4.143235083345545,20
2022-08-10,4.2335488490447615,20
2022-08-11,4.282227066781889,20
2022-08-12,4.339218990593109,20
2022-08-15,4.31754623485956,20
2022-08-16,4.325268032857367,20
2022-08-17,4.30155837141293,20
2022-08-18,4.3867412658613505,20
2022-08-19,4.349089129429222,20
2022-08-22,4.270826366082426,20
2022-08-23,4.323107427193581,20
2022-08-24,4.352102741349826,20
2022-08-25,4.417693241115611,20
2022-08-26,4.284839440857446,20
2022-08-29,4.278713767133305,20
2022-08-30,4.199325054775949,20
2022-08-31,4.1558186040875915,20
2022-09-01,4.10592866551956,20
2022-09-02,4.10670595775955,20
2022-09-06,4.083723906910843,20
2022-09-07,4.1445317690809365,20
2022-09-08,4.189605080301799,20
2022-09-09,4.265798796414699,20
2022-09-12,4.334368005052952,20
2022-09-13,4.151778667454789,20
2022-09-14,4.183631141417356,20
2022-09-15,4.111499306710135,20
2022-09-16,4.067992829919113,20
2022-09-19,4.098771117071163,20
2022-09-20,4.058011256228403,20
2022-09-21,3.986941218128684,20
2022-09-22,3.9182713993141025,20
2022-09-23,3.7845506362637407,20
2022-09-26,3.732467168606764,20
2022-09-27,3.758957594919682,20
2022-09-28,3.8515008106585356,20
2022-09-29,3.7812681554089957,20
2022-09-30,3.7414279390009195,20
2022-10-03,3.8800272796553408,20
2022-10-04,4.041392969867074,20
2022-10-05,4.056820962881055,20
2022-10-06,4.048685452665198,20
2022-10-07,3.954252775527534,20
2022-10-10,3.8872192886228696,20
2022-10-11,3.8319652014773014,20
2022-10-12,3.8111827420778073,20
2022-10-13,3.9077801489416597,20
2022-10-14,3.806664638728726,20
2022-10-17,3.8906667652986684,20
2022-10-18,3.9351094481762865,20
2022-10-19,3.9347881882786373,20
2022-10-20,3.908165873742957,20
2022-10-21,4.042270277034404,20
2022-10-24,4.0735581706127455,20
2022-10-25,4.135282988131831,20
2022-10-26,4.145093589308646,20
2022-10-27,4.152074699227491,20
2022-10-28,4.244053201132727,20
2022-10-31,4.233913787821262,20
2022-11-01,4.254943687637628,20
2022-11-02,4.123081052401273,20
2022-11-03,4.109461630434055,20
2022-11-04,4.235177039135489,20
2022-11-07,4.298811913342258,20
2022-11-08,4.310486962506613,20
2022-11-09,4.173498698699965,20
2022-11-10,4.380239681787807,20
2022-11-11,4.441545138183077,20
2022-11-14,4.3985514937461865,20
2022-11-15,4.482872921061608,20
2022-11-16,4.408900583310187,20
2022-11-17,4.400496756301918,20
2022-11-18,4.419228328525938,20
2022-11-21,4.378143148749045,20
2022-11-22,4.484440670371988,20
2022-11-23,4.480493075772947,20
2022-11-25,4.465324161074796,20
2022-11-28,4.385054739990598,20
2022-11-29,4.417853398475503,20
2022-11-30,4.539697295497206,20
2022-12-01,4.520811933745361,20
2022-12-02,4.527826224850842,20
2022-12-05,4.412942317886327,20
2022-12-06,4.338279208435385,20
2022-12-07,4.31785672943006,20
2022-12-08,4.321478302702913,20
2022-12-09,4.270057772092626,20
2022-12-12,4.363863569310575,20
2022-12-13,4.40925956152059,20
2022-12-14,4.384651444271029,20
2022-12-15,4.273868812168022,20
2022-12-16,4.229924644255261,20
2022-12-19,4.186370785211195,20
2022-12-20,4.2121497910393515,20
2022-12-21,4.275616454918067,20
2022-12-22,4.212990073130519,20
2022-12-23,4.277010452967538,20
2022-12-27,4.294859342182134,20
2022-12-28,4.1969155038920105,20
2022-12-29,4.258163657251262,20
2022-12-30,4.262501938759377,20
2023-01-03,4.190759480082234,20
2023-01-04,4.23796607741115,20
2023-01-05,4.21233653736052,20
2023-01-06,4.336787956318864,20
2023-01-09,4.355645255090439,20
2023-01-10,4.410962985736005,20
2023-01-11,4.437166498156521,20
2023-01-12,4.4785618700549845,20
2023-01-13,4.490349448482915,20
2023-01-17,4.452929046127826,20
2023-01-18,4.369679411756567,20
2023-01-19,4.339895461101248,20
2023-01-20,4.381719366078135,20
2023-01-23,4.437314047621068,20
2023-01-24,4.427969473949558,20
2023-01-25,4.4339125262774,20
2023-01-26,4.526544793393282,20
2023-01-27,4.525852867567156,20
2023-01-30,4.467228525990353,20
2023-01-31,4.528854809780662,20
2023-02-01,4.5316008880935605,20
2023-02-02,4.481538287079039,20
2023-02-03,4.468394105947591,20
2023-02-06,4.437217956592302,20
2023-02-07,4.488884192454053,20
2023-02-08,4.452486408363811,20
2023-02-09,4.416769343095829,20
2023-02-10,4.482192889371562,20
2023-02-13,4.51013935030183,20
2023-02-14,4.527975986036795,20
2023-02-15,4.505542612496883,20
2023-02-16,4.472767183440937,20
2023-02-17,4.412223949012287,20
2023-02-21,4.343957416712261,20
2023-02-22,4.335099622802792,20
2023-02-23,4.353768283534018,20
2023-02-24,4.344350897374786,20
2023-02-27,4.360896995571252,20
2023-02-28,4.348166543235174,20
2023-03-01,4.413960012898526,20
2023-03-02,4.465099645309105,20
2023-03-03,4.550421954051363,20
2023-03-06,4.521468965429675,20
2023-03-07,4.462955566608707,20
2023-03-08,4.473301597568761,20
2023-03-09,4.375897380114369,20
2023-03-10,4.282763134603121,20
2023-03-13,4.226859973981981,20
2023-03-14,4.277305219848928,20
2023-03-15,4.104274055472415,20
2023-03-16,4.198378251134726,20
2023-03-17,4.13397675398061,20
2023-03-20,4.188843954547835,20
2023-03-21,4.273843424215166,20
2023-03-22,4.186890881102287,20
2023-03-23,4.1804718214851215,20
2023-03-24,4.185954655871107,20
2023-03-27,4.2297384701231255,20
2023-03-28,4.2652347571258105,20
2023-03-29,4.309171293943162,20
2023-03-30,4.319128950056973,20
2023-03-31,4.395993390938469,20
2023-04-03,4.467623037851391,20
2023-04-04,4.4021670157891,20
2023-04-05,4.359120682497037,20
2023-04-06,4.331091894784841,20
2023-04-10,4.3766143892528495,20
2023-04-11,4.4028442704255255,20
2023-04-12,4.377423013779712,20
2023-04-13,4.412126403275982,20
2023-04-14,4.413570228890298,20
2023-04-17,4.418891236695244,20
2023-04-18,4.457342340714749,20
2023-04-19,4.474133429310949,20
2023-04-20,4.488321729825457,20
2023-04-21,4.467068233718131,20
2023-04-24,4.4973625715617205,20
2023-04-25,4.418079826066909,20
2023-04-26,4.355887458960926,20
2023-04-27,4.408280694562027,20
2023-04-28,4.441939199805404,20
2023-05-01,4.431876710271095,20
2023-05-02,4.35583719184573,20
2023-05-03,4.322344540696823,20
2023-05-04,4.291366845742909,20
2023-05-05,4.36290274335343,20
2023-05-08,4.366798437618345,20
2023-05-09,4.372279024911736,20
2023-05-10,4.371906908091883,20
2023-05-11,4.383581129601546,20
2023-05-12,4.444538067534207,20
2023-05-15,4.46540130167998,20
2023-05-16,4.419789027329444,20
2023-05-17,4.480998845494983,20
2023-05-18,4.564889460581689,20
2023-05-19,4.5476074756276565,20
2023-05-22,4.53210991854606,20
2023-05-23,4.451113420744558,20
2023-05-24,4.41881396471898,20
2023-05-25,4.45790012927174,20
2023-05-26,4.523715470746704,20
2023-05-30,4.536533035575758,20
2023-05-31,4.485594849605701,20
2023-06-01,4.5371736343267814,20
2023-06-02,4.607366574320287,20
2023-06-05,4.58237525399978,20
2023-06-06,4.620962636423255,20
2023-06-07,4.596107232447491,20
2023-06-08,4.630912544379003,20
2023-06-09,4.652880900365339,20
2023-06-12,4.74276676946956,20
2023-06-13,4.76323077282915,20
2023-06-14,4.759596341589813,20
2023-06-15,4.78895822558129,20
2023-06-16,4.753934150553433,20
2023-06-20,4.742509702382888,20
2023-06-21,4.732734837108243,20
2023-06-22,4.716858275953575,20
2023-06-23,4.6995690888280635,20
2023-06-26,4.678253814425991,20
2023-06-27,4.754648283952754,20
2023-06-28,4.751803120495,20
2023-06-29,4.765910308416067,20
2023-06-30,4.835508083177788,20
2023-07-03,4.817702923310124,20
2023-07-05,4.792989622767454,20
2023-07-06,4.732840751056254,20
2023-07-07,4.742591879058793,20
2023-07-10,4.839768229427569,20
2023-07-11,4.871197542805083,20
2023-07-12,4.920068398805711,20
2023-07-13,4.957177185736175,20
2023-07-14,4.9520326100367695,20
2023-07-17,4.987810431898362,20
2023-07-18,5.022467096014602,20
2023-07-19,4.994940436274015,20
2023-07-20,4.915923198755327,20
2023-07-21,4.906525273397153,20
2023-07-24,4.9114167019405395,20
2023-07-25,4.968589828804106,20
2023-07-26,4.964122650704585,20
2023-07-27,4.9468746016065905,20
2023-07-28,4.9973482390618695,20
2023-07-31,5.0029918433994816,20
2023-08-01,5.027012949340022,20
2023-08-02,4.932402808288368,20
2023-08-03,4.922037088283999,20
2023-08-04,4.92535553596395,20
2023-08-07,4.9912376753391,20
2023-08-08,4.944297357827546,20
2023-08-09,4.8977036243358505,20
2023-08-10,4.86364212264108,20
2023-08-11,4.840701068997139,20
2023-08-14,4.894009686722507,20
2023-08-15,4.854203907454946,20
2023-08-16,4.789696900396557,20
2023-08-17,4.701536204789974,20
2023-08-18,4.7162528580504945,20
2023-08-21,4.731860156529444,20
2023-08-22,4.740642073959391,20
2023-08-23,4.812328538928166,20
2023-08-24,4.677827397535149,20
2023-08-25,4.694919438111329,20
2023-08-28,4.728436099935729,20
2023-08-29,4.8040403142057295,20
2023-08-30,4.837442295453476,20
2023-08-31,4.844307418074791,20
2023-09-01,4.857324595142394,20
2023-09-05,4.8138605523188165,20
2023-09-06,4.833870533496232,20
2023-09-07,4.795865937791802,20
2023-09-08,4.789777969899153,20
2023-09-11,4.812843163885743,20
2023-09-12,4.707983361689542,20
2023-09-13,4.670875906376118,20
2023-09-14,4.698934576767956,20
2023-09-15,4.599164601635499,20
2023-09-18,4.603538678822776,20
2023-09-19,4.590891210525601,20
2023-09-20,4.539627560016222,20
2023-09-21,4.433696161555762,20
2023-09-22,4.4262082865673165,20
2023-09-25,4.435615278008999,20
2023-09-26,4.382559501067883,20
2023-09-27,4.415879676502134,20
2023-09-28,4.468450643597847,20
2023-09-29,4.439800246113574,20
2023-10-02,4.437742851869016,20
2023-10-03,4.356714430435942,20
2023-10-04,4.38897111091379,20
2023-10-05,4.372517061007426,20
2023-10-06,4.451523527916295,20
2023-10-09,4.483291932536909,20
2023-10-10,4.503870249954161,20
2023-10-11,4.538947297412144,20
2023-10-12,4.505357182768141,20
2023-10-13,4.428505108431634,20
2023-10-16,4.476435494243499,20
2023-10-17,4.488198521906611,20
2023-10-18,4.402817789351829,20
2023-10-19,4.369400124269422,20
2023-10-20,4.297848429348168,20
2023-10-23,4.330681300055008,20
2023-10-24,4.375574084463511,20
2023-10-25,4.27411213661542,20
2023-10-26,4.236001666196778,20
2023-10-27,4.230325921177974,20
2023-10-30,4.2914968541399805,20
2023-10-31,4.34089724845774,20
2023-11-01,4.437451329523919,20
2023-11-02,4.541453110528447,20
2023-11-03,4.605131009476512,20
2023-11-06,4.60380772846393,20
2023-11-07,4.624418283108933,20
2023-11-08,4.65761215787347,20
2023-11-09,4.641843885348598,20
2023-11-10,4.7614969378168075,20
2023-11-13,4.772353747054794,20
2023-11-14,4.90928024204819,20
2023-11-15,4.90229295635466,20
2023-11-16,4.8991547892570635,20
2023-11-17,4.923472228048564,20
2023-11-20,4.977729254866185,20
2023-11-21,4.949319247746925,20
2023-11-22,4.968302607779473,20
2023-11-24,4.9759421069644,20
2023-11-27,4.97153334947805,20
2023-11-28,4.946433088101065,20
2023-11-29,4.944117834837881,20
2023-11-30,4.9681694119249,20
2023-12-01,5.000811498032409,20
2023-12-04,4.957634532060384,20
2023-12-05,4.934817298214703,20
2023-12-06,4.910568496244706,20
2023-12-07,4.9706858523789625,20
2023-12-08,5.022060675096948,20
2023-12-11,5.09837994905798,20
2023-12-12,5.117093265479536,20
2023-12-13,5.156062082454021,20
2023-12-14,5.186917313719338,20
2023-12-15,5.219365766961373,20
2023-12-18,5.251156300574869,20
2023-12-19,5.286631908504588,20
2023-12-20,5.171448272081981,20
2023-12-21,5.250942156389499,20
2023-12-22,5.2577497242204405,20
2023-12-26,5.295626248199085,20
2023-12-27,5.300438198653536,20
2023-12-28,5.293132488230159,20
2023-12-29,5.2712002858553975,20
2024-01-02,5.113427628605683,20
2024-01-03,5.045602532513967,20
2024-01-04,5.0283020711302235,20
2024-01-05,5.051329497528324,20
2024-01-08,5.1850902502702105,20
2024-01-09,5.192491354897934,20
2024-01-10,5.2445982327676,20
2024-01-11,5.293817275629089,20
2024-01-12,5.290566951926155,20
2024-01-16,5.3049790401883925,20
2024-01-17,5.284161056630418,20
2024-01-18,5.392881289400009,20
2024-01-19,5.518462418937796,20
2024-01-22,5.533579847836284,20
2024-01-23,5.512903233004093,20
2024-01-24,5.603659306823892,20
2024-01-25,5.661789041948591,20
2024-01-26,5.602290179808891,20
2024-01-29,5.6687205443108555,20
2024-01-30,5.6354996894879275,20
2024-01-31,5.534616138721661,20
2024-02-01,5.614714258294336,20
2024-02-02,5.759124918754173,20
2024-02-05,5.7613031624736495,20
2024-02-06,5.698844026238014,20
2024-02-07,5.771110608530201,20
2024-02-08,5.809322371862114,20
2024-02-09,5.896493970944579,20
2024-02-12,5.8597168781866715,20
2024-02-13,5.76126838098062,20
2024-02-14,5.909804975795747,20
2024-02-15,5.927146547395702,20
2024-02-16,5.873161303979826,20
2024-02-20,5.7806658569425275,20
2024-02-21,5.765872861424099,20
2024-02-22,6.015578384120887,20
2024-02-23,6.00716356278721,20
2024-02-26,6.053613060964611,20
2024-02-27,6.055385718338463,20
2024-02-28,6.026071197973981,20
2024-02-29,6.139205413798883,20
2024-03-01,6.293909858631766,20
2024-03-04,6.295307553388639,20
2024-03-05,6.182125715440566,20
2024-03-06,6.235885360863092,20
2024-03-07,6.32662662858838,20
2024-03-08,6.239898613295253,20
2024-03-11,6.173115452875678,20
2024-03-12,6.293080373845659,20
2024-03-13,6.262796374135581,20
2024-03-14,6.251635787419969,20
2024-03-15,6.1427295163746445,20
2024-03-18,6.223025729895292,20
2024-03-19,6.249322589306911,20
2024-03-20,6.347054438087707,20
2024-03-21,6.417609568435672,20
2024-03-22,6.424253792597592,20
2024-03-25,6.39933244384196,20
2024-03-26,6.354138639604317,20
2024-03-27,6.359103008680004,20
2024-03-28,6.355088051822456,20
2024-04-01,6.404853027755744,20
2024-04-02,6.3281812344103665,20
2024-04-03,6.410049716394473,20
2024-04-04,6.284665840765468,20
2024-04-05,6.4403840149051135,20
2024-04-08,6.427041530208834,20
2024-04-09,6.404617190456783,20
2024-04-10,6.33019988980825,20
2024-04-11,6.423004080543564,20
2024-04-12,6.28975870416593,20
2024-04-15,6.162048077022655,20
2024-04-16,6.207191711999796,20
2024-04-17,6.1126235251184,20
2024-04-18,6.041087977601429,20
2024-04-19,5.881731902193874,20
2024-04-22,5.927690925651987,20
2024-04-23,6.094090280006888,20
2024-04-24,6.082228060838797,20
2024-04-25,6.048952627305026,20
2024-04-26,6.14723955070116,20
2024-04-29,6.140003292189241,20
2024-04-30,5.998053314204338,20
2024-05-01,5.94929480090151,20
2024-05-02,6.030707200578318,20
2024-05-03,6.150758115252987,20
2024-05-06,6.290049367370044,20
2024-05-07,6.273539874372899,20
2024-05-08,6.2988458269068595,20
2024-05-09,6.328623219395033,20
2024-05-10,6.3546586339583815,20
2024-05-13,6.306023451510339,20
2024-05-14,6.3733868748299605,20
2024-05-15,6.543878022116877,20
2024-05-16,6.450339590771722,20
2024-05-17,6.41875353177048,20
2024-05-20,6.494121627883422,20
2024-05-21,6.511645824182448,20
2024-05-22,6.489658594777471,20
2024-05-23,6.453562023159639,20
2024-05-24,6.569017566008648,20
2024-05-28,6.596417561999317,20
2024-05-29,6.537223434012513,20
2024-05-30,6.407604496579701,20
2024-05-31,6.392548425361609,20
2024-06-03,6.338865231686052,20
2024-06-04,6.289295426494184,20
2024-06-05,6.475522834722159,20
2024-06-06,6.4034593380584415,20
2024-06-07,6.385021595432855,20
2024-06-10,6.506151010892311,20
2024-06-11,6.516289064386716,20
2024-06-12,6.644953263721168,20
2024-06-13,6.67695770366665,20
2024-06-14,6.617953482226503,20
2024-06-17,6.729308513866676,20
2024-06-18,6.790208952487967,20
2024-06-20,6.694856915416867,20
2024-06-21,6.62336944853248,20
2024-06-24,6.576173338939077,20
2024-06-25,6.64922793748024,20
2024-06-26,6.612517794195944,20
2024-06-27,6.615968665066972,20
2024-06-28,6.610904274712691,20
2024-07-01,6.618470928255651,20
2024-07-02,6.658370897122372,20
2024-07-03,6.745083349167807,20
2024-07-05,6.720252638307244,20
2024-07-08,6.799231135469442,20
2024-07-09,6.808737501552411,20
2024-07-10,6.868061186324797,20
2024-07-11,6.764100870640239,20
2024-07-12,6.789976346048732,20
2024-07-15,6.7657276006602345,20
2024-07-16,6.80251990324753,20
2024-07-17,6.3629568283633455,20
2024-07-18,6.347115487803986,20
2024-07-19,6.294660727849991,20
2024-07-22,6.466243157480721,20
2024-07-23,6.483724647317277,20
2024-07-24,6.161808041386922,20
2024-07-25,6.052363798804593,20
2024-07-26,6.177822568386485,20
2024-07-29,6.1498636201304215,20
2024-07-30,6.000978049223898,20
2024-07-31,6.3289985600155605,20
2024-08-01,6.111726709549737,20
2024-08-02,5.839887152271591,20
2024-08-05,5.748906522768466,20
2024-08-06,5.932376832110873,20
2024-08-07,5.8830333053402635,20
2024-08-08,6.144129474553988,20
2024-08-09,6.202538218837132,20
2024-08-12,6.206346053676462,20
2024-08-13,6.310051039213387,20
2024-08-14,6.307316182499365,20
2024-08-15,6.46712237818132,20
2024-08-16,6.436887185786052,20
2024-08-19,6.504444548808759,20
2024-08-20,6.467333553670438,20
2024-08-21,6.535009095725836,20
2024-08-22,6.478368693352137,20
2024-08-23,6.545980718000458,20
2024-08-26,6.48335999155391,20
2024-08-27,6.5048911303433,20
2024-08-28,6.4279649497852,20
2024-08-29,6.437899321655837,20
2024-08-30,6.522571676301227,20
2024-09-03,6.182273450122998,20
2024-09-04,6.201917326198915,20
2024-09-05,6.179016050057538,20
2024-09-06,6.022543910635065,20
2024-09-09,6.140811459315411,20
2024-09-10,6.120573574276022,20
2024-09-11,6.252121460483864,20
2024-09-12,6.28647417779813,20
2024-09-13,6.426575624271468,20
2024-09-16,6.440690777236904,20
2024-09-17,6.505392338253499,20
2024-09-18,6.491477929810866,20
2024-09-19,6.658472182713617,20
2024-09-20,6.819428268609639,20
2024-09-23,6.863070597915664,20
2024-09-24,6.886312623474189,20
2024-09-25,6.9361684677185425,20
2024-09-26,7.016462495457002,20
2024-09-27,6.991829442527136,20
2024-09-30,6.998275573322129,20
2024-10-01,6.9678533385152095,20
2024-10-02,6.982332877288223,20
2024-10-03,7.007190930141392,20
2024-10-04,7.124185839015511,20
2024-10-07,7.056027910721439,20
2024-10-08,7.100842027087377,20
2024-10-09,7.109228406792247,20
2024-10-10,7.066853196912039,20
2024-10-11,7.1999417800402705,20
2024-10-14,7.276456075430696,20
2024-10-15,7.231669734335817,20
2024-10-16,7.321724838764666,20
2024-10-17,7.263391750611922,20
2024-10-18,7.305497837442641,20
2024-10-21,7.260802499656034,20
2024-10-22,7.1505236646041945,20
2024-10-23,7.0970336024825125,20
2024-10-24,7.116149419611193,20
2024-10-25,7.10896811534545,20
2024-10-28,7.159997049777668,20
2024-10-29,7.145637883076955,20
2024-10-30,7.097416262274076,20
2024-10-31,6.9704048541621235,20
2024-11-01,6.941740218921337,20
2024-11-04,6.889251168282067,20
2024-11-05,7.034911022324144,20
2024-11-06,7.305002382651346,20
2024-11-07,7.34855841899713,20
2024-11-08,7.396773030807301,20
2024-11-11,7.436148956309317,20
2024-11-12,7.352781155312657,20
2024-11-13,7.3341797031662574,20
2024-11-14,7.331849079181572,20
2024-11-15,7.275015813363286,20
2024-11-18,7.275716842060252,20
2024-11-19,7.356255219895256,20
2024-11-20,7.39009092654828,20
2024-11-21,7.535183848897926,20
2024-11-22,7.60876665392877,20
2024-11-25,7.598688499682114,20
2024-11-26,7.70975126608489,20
2024-11-27,7.6219340302269725,20
2024-11-29,7.702077887582638,20
2024-12-02,7.68853014438421,20
2024-12-03,7.682676926137419,20
2024-12-04,7.76257686838539,20
2024-12-05,7.7274064588350955,20
2024-12-06,7.722071850742365,20
2024-12-09,7.550502671679604,20
2024-12-10,7.493393777977567,20
2024-12-11,7.556974020915813,20
2024-12-12,7.495698910083198,20
2024-12-13,7.475049790844548,20
2024-12-16,7.495891018922783,20
2024-12-17,7.410393396106226,20
2024-12-18,7.135974780135843,20
2024-12-19,7.193439904530253,20
2024-12-20,7.288440386581509,20
2024-12-23,7.3577580110520096,20
2024-12-24,7.452494519536622,20
2024-12-26,7.455269863169866,20
2024-12-27,7.370326020804331,20
2024-12-30,7.3097837315485545,20
2024-12-31,7.265185127793022,20
2025-01-02,7.302918380309688,20
2025-01-03,7.423935350079738,20
2025-01-06,7.5062033194354045,20
2025-01-07,7.433579814099674,20
2025-01-08,7.4512388362543795,20
2025-01-10,7.440729150783518,20
2025-01-13,7.378610900624201,20
2025-01-14,7.502217897533685,20
2025-01-15,7.675990665637987,20
2025-01-16,7.755595603727931,20
2025-01-17,7.82723104978923,20
2025-01-21,8.036066917910285,20
2025-01-22,8.149985963814327,20
2025-01-23,8.240739462440938,20
2025-01-24,8.243749470233466,20
2025-01-27,7.857344423187073,20
2025-01-28,7.945740351840315,20
2025-01-29,7.998202143994568,20
2025-01-30,8.100827363457105,20
2025-01-31,8.026988453452514,20
2025-02-03,7.974546457258445,20
2025-02-04,7.980076115036387,20
2025-02-05,8.084087175971183,20
2025-02-06,8.171674985597779,20
2025-02-07,8.107491657995128,20
2025-02-10,8.084639272159986,20
2025-02-11,8.014158568561324,20
2025-02-12,8.013988391416506,20
2025-02-13,8.022446208964755,20
2025-02-14,8.146755736617854,20
2025-02-18,8.191084413040816,20
2025-02-19,8.217512855717185,20
2025-02-20,7.997094924234811,20
2025-02-21,7.688506684260678,20
2025-02-24,7.642436458790451,20
2025-02-25,7.576464501422141,20
2025-02-26,7.724081416798242,20
2025-02-27,7.53550273727296,20
2025-02-28,7.6769794938215306,20
2025-03-03,7.456181478501559,20
2025-03-04,7.193370538708089,20
2025-03-05,7.306888299847284,20
2025-03-06,6.946089815644522,20
2025-03-07,6.876100088653208,20
2025-03-10,6.582214132679128,20
2025-03-11,6.59257872952911,20
2025-03-12,6.694192799520669,20
2025-03-13,6.529429874687066,20
2025-03-14,6.731694056029414,20
2025-03-17,6.846829478591554,20
2025-03-18,6.724133211583673,20
2025-03-19,6.9294095261072135,20
2025-03-20,6.91581447689635,20
2025-03-21,6.9324178371889165,20
2025-03-24,7.163209642967301,20
2025-03-25,7.157070749624328,20
2025-03-26,6.974336818742806,20
2025-03-27,6.851669736761631,20
2025-03-28,6.624590560411279,20
2025-03-31,6.619346195071291,20
2025-04-01,6.672350470384907,20
2025-04-02,6.824440799266378,20
2025-04-03,6.1424697804143795,20
2025-04-04,5.714508523045207,20
2025-04-07,5.797404524504874,20
2025-04-08,5.731662840459443,20
2025-04-09,6.55345039809312,20
2025-04-10,6.169672863934116,20
2025-04-11,6.218234138209816,20
2025-04-14,6.26146811898707,20
2025-04-15,6.32026918708927,20
2025-04-16,6.218008297217085,20
2025-04-17,6.248350146415532,20
2025-04-21,6.053014097073427,20
2025-04-22,6.28406335013165,20
2025-04-23,6.456609871254204,20
2025-04-24,6.660501492785672,20
2025-04-25,6.687231583796099,20
2025-04-28,6.745636925530583,20
2025-04-29,6.781372816390788,20
2025-04-30,6.75170782144237,20
2025-05-01,6.84576799975775,20
2025-05-02,7.052835280504227,20
2025-05-05,7.055034256006675,20
2025-05-06,7.005400904863115,20
2025-05-07,7.0731364412248094,20
2025-05-08,7.119450681587317,20
2025-05-09,7.130096425497246,20
2025-05-12,7.475095008538449,20
2025-05-13,7.63140030666258,20
2025-05-14,7.607471063031062,20
2025-05-15,7.608498447944292,20
2025-05-16,7.679265586692145,20
2025-05-19,7.702764681592956,20
2025-05-20,7.643837612259688,20
2025-05-21,7.487264798307299,20
2025-05-22,7.508294400348601,20
2025-05-23,7.503182150479978,20
2025-05-27,7.705296199127791,20
2025-05-28,7.6636580306093585,20
2025-05-29,7.651463253541858,20
2025-05-30,7.6630678263097,20
2025-06-02,7.746203203863488,20
2025-06-03,7.812556160467186,20
2025-06-04,7.800271607385415,20
2025-06-05,7.844818155533487,20
2025-06-06,7.89419404281476,20
2025-06-09,7.805481812545741,20
2025-06-10,7.753103468966579,20
2025-06-11,7.792003330438111,20
2025-06-12,7.785241854938338,20
2025-06-13,7.6655359414954205,20
2025-06-16,7.810664439443147,20
2025-06-17,7.73059204672983,20
2025-06-18,7.76928246129376,20
2025-06-20,7.810283752092695,20
2025-06-23,7.9175909949106344,20
2025-06-24,8.065021875146384,20
2025-06-25,8.013471405847035,20
2025-06-26,8.156038765122922,20
2025-06-27,8.264162198529757,20
2025-06-30,8.34350669778073,20
2025-07-01,8.212990764740807,20
2025-07-02,8.25244118939362,20
2025-07-03,8.378499482164028,20
2025-07-07,8.373693236062941,20
2025-07-08,8.3174314280029,20
2025-07-09,8.35928739668209,20
2025-07-10,8.425404173060112,20
2025-07-11,8.399929691947225,20
2025-07-14,8.55075273885484,20
2025-07-15,8.491800010160581,20
2025-07-16,8.479284671684718,20
2025-07-17,8.584240510596858,20
2025-07-18,8.622056408459681,20
2025-07-21,8.575031978834906,20
2025-07-22,8.51410883006946,20
2025-07-23,8.682944371261543,20
2025-07-24,8.668897962428332,20
2025-07-25,8.709673071146502,20
2025-07-28,8.733218351394777,20
2025-07-29,8.713555760051225,20
2025-07-30,8.770537763060402,20
2025-07-31,8.692733240428275,20
2025-08-01,8.56407795673455,20
2025-08-04,8.743131359712313,20
2025-08-05,8.642533426770854,20
2025-08-06,8.656358101172449,20
2025-08-07,8.510236518979168,20
2025-08-08,8.547167978466382,20
2025-08-11,8.54320082553198,20
2025-08-12,8.749445783547358,20
2025-08-13,8.675292193280503,20
2025-08-14,8.589938294457335,20
2025-08-15,8.543016957761669,20
2025-08-18,8.583570713665663,20
2025-08-19,8.448630465533062,20
2025-08-20,8.441418851910038,20
2025-08-21,8.39680233610771,20
2025-08-22,8.545439044982665,20
2025-08-25,8.519609335875721,20
2025-08-26,8.649959427574567,20
2025-08-27,8.664504757372287,20
2025-08-28,8.758661730577032,20
2025-08-29,8.612632628027836,20
2025-09-02,8.560206619955407,20
2025-09-03,8.593970987645017,20
2025-09-04,8.706178239193486,20
2025-09-05,8.657450230318574,20
2025-09-08,8.702986747136858,20
2025-09-09,8.765834371731865,20
2025-09-10,9.139586923609833,20
2025-09-11,9.086225094747785,20
2025-09-12,9.041195625396597,20
2025-09-15,9.102349615973148,20
2025-09-16,9.065525829630527,20
2025-09-17,9.04372430942272,20
2025-09-18,9.122566360354611,20
2025-09-19,9.181979053573562,20
2025-09-22,9.274911272014647,20
2025-09-23,9.215228576554232,20
2025-09-24,9.129980340829,20
2025-09-25,9.017169733364854,20
2025-09-26,9.056487673284671,20
2025-09-29,9.033673500670625,20
2025-09-30,9.034807183925865,20
2025-10-01,9.038628696761519,20
2025-10-02,9.076356585072991,20
2025-10-03,9.0377933902485,20
2025-10-06,9.061203644585133,20
2025-10-07,9.013764895433022,20
2025-10-08,9.124346142470072,20
2025-10-09,9.10552069305673,20
2025-10-10,8.805057533164991,20
2025-10-13,9.080112446946709,20
2025-10-14,9.071260301225992,20
2025-10-15,9.153317022036608,20
2025-10-16,9.09235451941541,20
2025-10-17,9.024303534674484,20
2025-10-20,9.039201779268511,20
2025-10-21,9.042715622670315,20
2025-10-22,8.92081555443864,20
2025-10-23,9.069846864483837,20
2025-10-24,9.167353873611798,20
2025-10-27,9.227150929752337,20
2025-10-28,9.120732148585228,20
2025-10-29,9.224443439982949,20
2025-10-30,9.12456824187956,20
2025-10-31,9.143584009034914,20
2025-11-03,9.184785465463879,20
2025-11-04,8.916493427506035,20
2025-11-05,9.152055628623827,20
2025-11-06,9.053210700834939,20
2025-11-07,9.097680111484939,20
2025-11-10,9.253150180808436,20
2025-11-11,9.14061123379381,20
2025-11-12,9.172403139926573,20
2025-11-13,8.838282012319347,20
2025-11-14,8.813936661936557,20
2025-11-17,8.727658580906708,20
2025-11-18,8.670198978099554,20
2025-11-19,8.806464929048627,20
2025-11-20,8.441979892915521,20
2025-11-21,8.426083964944612,20
2025-11-24,8.677959102030574,20
2025-11-25,8.733757954345458,20
2025-11-26,8.902341815259513,20
2025-11-28,8.982286352768575,20
2025-12-01,8.846524560007225,20
2025-12-02,8.906912963987603,20
2025-12-03,8.903148072183404,20
2025-12-04,9.011465268822487,20
2025-12-05,9.01435751019024,20
2025-12-08,9.082761924455532,20
2025-12-09,9.104899788166462,20
2025-12-10,9.27428556799219,20
2025-12-11,9.317415141011246,20
2025-12-12,9.006625222489216,20
2025-12-15,8.974178366450186,20
2025-12-16,8.996867049573368,20
2025-12-17,8.690212001250323,20
2025-12-18,8.914171659392379,20
2025-12-19,9.10984342915064,20
2025-12-22,9.173751077054625,20
2025-12-23,9.213783008922235,20
2025-12-24,9.274605367773004,20
2025-12-26,9.286104821740595,20
2025-12-29,9.222341583898551,20
2025-12-30,9.184709945574827,20
2025-12-31,9.0757826377986,20
2026-01-02,9.417536014166,20
2026-01-05,9.575567516264668,20
2026-01-06,9.805291768761816,20
2026-01-07,9.546017224020806,20
2026-01-08,9.380474801383471,20
2026-01-09,9.624278177109128,20
2026-01-12,9.761598550075496,20
2026-01-13,9.799155711443323,20
2026-01-14,9.725741500863164,20
2026-01-15,9.97682979751054,20
2026-01-16,10.014018558188797,20
2026-01-20,9.826708355679052,20
2026-01-21,10.0439329568536,20
2026-01-22,9.931307609705609,20
2026-01-23,9.864893345370255,20
2026-01-26,9.939305292452357,20
2026-01-27,10.239086720801652,20
2026-01-28,10.366625458110848,20
2026-01-29,10.42446968566258,20
2026-01-30,10.090284588239992,20
2026-02-02,10.36107039230082,20
2026-02-03,10.400646463213512,20
2026-02-04,10.05796617696113,20
2026-02-05,10.063820654365243,20
2026-02-06,10.58707187825216,20
2026-02-09,10.787894947117703,20
2026-02-10,10.641226095538471,20
2026-02-11,10.84522556554513,20
2026-02-12,10.746500267107033,20
2026-02-13,10.84789911164528,20
2026-02-17,10.848975144280995,20
2026-02-18,10.966933561880674,20
2026-02-19,10.922379340227817,20
2026-02-20,11.128368986607326,20
2026-02-23,11.00560556815149,20
2026-02-24,11.173495326892999,20
2026-02-25,11.337675681467964,20
2026-02-26,11.13245840748854,20
2026-02-27,11.004336660955717,20
2026-03-02,10.933872946636054,20
2026-03-03,10.490250155391818,20
2026-03-04,10.641439095017502,20
2026-03-05,10.365852732257567,20
2026-03-06,9.981561473356907,20
2026-03-09,10.356023904141562,20
2026-03-10,10.50219801800865,20
2026-03-11,10.511001735622088,20
2026-03-12,10.215595058280066,20
2026-03-13,10.19602981749213,20
2026-03-16,10.430816043944164,20
2026-03-17,10.585835840447343,20
2026-03-18,10.499321569153194,20
2026-03-19,10.670032485853772,20
2026-03-20,10.365919810672064,20
2026-03-23,10.598528944830216,20
2026-03-24,10.825143025797836,20
2026-03-25,10.858467010186539,20
2026-03-26,10.247665413719911,20
2026-03-27,10.203021408942826,20
2026-03-30,9.793005781357312,20
2026-03-31,10.346685206057224,20
2026-04-01,10.732133132036912,20
2026-04-02,10.723340404242084,20
2026-04-06,10.80304231058508,20
2026-04-07,10.91395880101799,20
2026-04-08,11.64413298223127,20
2026-04-09,11.792385891699714,20
2026-04-10,11.888311668247155,20
2026-04-13,11.991738479936915,20
2026-04-14,12.093125714992166,20
2026-04-15,12.002360921481092,20
2026-04-16,12.011664742768676,20
2026-04-17,12.255885711994262,20
2026-04-20,12.18294206999654,20
2026-04-21,12.100601808920153,20
2026-04-22,12.266376164794545,20
2026-04-23,12.38815626648032,20
2026-04-24,12.520716829623666,20
2026-04-27,12.428811591993385,20
2026-04-28,12.046401552530535,20
2026-04-29,11.975954495902485,20
2026-04-30,12.476148977666023,20
2026-05-01,12.384762903440052,20
2026-05-04,12.209888810647032,20
2026-05-05,12.40893350802674,20
2026-05-06,12.793861043319357,20
2026-05-07,12.574870832382786,20
2026-05-08,12.655785198581116,20
2026-05-11,12.837511642459642,20
2026-05-12,12.759237379225011,20
2026-05-13,12.863618912391184,20
2026-05-14,12.975310895687272,20
2026-05-15,12.645914310895824,20
2026-05-18,12.509272355529477,20
2026-05-19,12.327059574327178,20
2026-05-20,12.681447535893042,20
2026-05-21,12.755896295347345,20
2026-05-22,12.81577380491042,20
2026-05-26,13.13650717148952,20
2026-05-27,13.059011887480612,20
2026-05-28,13.230552237465966,20
2026-05-29,13.23990489730598,20
2026-06-01,13.270437457417298,20
2026-06-02,13.550481997230547,20
2026-06-03,13.465463395606792,20
2026-06-04,13.590029511343783,20
2026-06-05,13.10067895240115,20
2026-06-08,13.172061548819483,20
2026-06-09,13.254548483545323,20
2026-06-10,12.772217997400285,20
2026-06-11,13.26394296626712,20
2026-06-12,13.449323293394492,20
2026-06-15,13.741390719229553,20
2026-06-16,13.730730782268017,20
2026-06-17,13.734429028704977,20
2026-06-18,13.895856952985692,20
2026-06-22,14.1009071427502,20
2026-06-23,13.676933013545177,20
2026-06-24,13.637935435877754,20
2026-06-25,13.74298322179898,20
2026-06-26,13.294278245588849,20
2026-06-29,13.447980283407,20
2026-06-30,13.6154505456817,20
2026-07-01,13.544987343207522,20
2026-07-02,13.361177001054882,20
2026-07-06,13.648854445823163,20
2026-07-07,13.468161490887425,20
2026-07-08,13.450059649149983,20
2026-07-09,13.69203838773004,20
2026-07-10,13.732508039979452,20
2026-07-13,13.477850043256327,20
2026-07-14,13.73794581377138,20
2026-07-15,13.726105098728143,20
2026-07-16,13.356022789887218,20
2026-07-17,13.201857987173463,20
2026-07-20,13.116902417905063,20
2026-07-21,13.398406694808532,20
2026-07-22,13.519582596528373,20
2026-07-23,13.339915890548735,20
2026-07-24,13.294255710203398,20
2026-07-27,13.28012058029266,20
2026-07-28,13.14203833288047,20
2026-07-29,12.788343245772904,20
2026-07-30,13.175312833698982,20
2026-07-31,13.226619610125837,20
2026-08-03,13.446348028820422,20
2026-08-04,13.873108038458616,20
2026-08-05,13.877717060320975,20
2026-08-06,13.797365254811094,20
2026-08-07,13.92393600574932,20
2026-08-10,13.897155558914053,20
2026-08-11,13.876877502058855,20
2026-08-12,13.91141459240628,20
2026-08-13,13.725876292390112,20
2026-08-14,13.775099708905323,20
2026-08-17,13.796941706730092,20
2026-08-18,13.525642481218782,20
2026-08-19,13.373685826206795,20
2026-08-20,13.185060344895684,20
2026-08-21,13.375155746628169,20
2026-08-24,13.318921666562325,20
2026-08-25,13.447992617300546,20
2026-08-26,13.454300291668025,20
2026-08-27,13.393954882867984,20
2026-08-28,13.208338466017054,20
2026-08-31,13.074933204740752,20
2026-09-01,12.870816360209442,20
2026-09-02,12.90870163297992,20
2026-09-03,13.154912799854783,20
2026-09-04,13.176080561352139,20
2026-09-08,13.124986893430092,20
2026-09-09,13.068786934908795,20
