date,spy
2007-01-31,1.0
2007-02-01,1.005982055821911
2007-02-02,1.0073736248433365
2007-02-05,1.0076521375852945
2007-02-06,1.0079296556388881
2007-02-07,1.0101567628861876
2007-02-08,1.0088338273618875
2007-02-09,1.0013209461475718
2007-02-12,0.9979131438120437
2007-02-13,1.0063301967493583
2007-02-14,1.0129389062406748
2007-02-15,1.0142608470766108
2007-02-16,1.0137734497781845
2007-02-20,1.0159299341516301
2007-02-21,1.0155131597270575
2007-02-22,1.0147472496866732
2007-02-23,1.010782421867229
2007-02-26,1.0098782501442298
2007-02-27,0.9704348777528
2007-02-28,0.9803817613941551
2007-03-01,0.9774603616686891
2007-03-02,0.9646607117989934
2007-03-05,0.9554777488212943
2007-03-06,0.9718254520858614
2007-03-07,0.9708526468657369
2007-03-08,0.9790608152465832
2007-03-09,0.979338333300177
2007-03-12,0.9807995305070921
2007-03-13,0.9617383173851631
2007-03-14,0.9689040523603953
2007-03-15,0.9702259931963315
2007-03-16,0.9675094992738774
2007-03-19,0.9791722203433664
2007-03-20,0.9845505003282471
2007-03-21,1.0007529790916505
2007-03-22,0.9999850796745379
2007-03-23,1.0014522450116379
2007-03-26,1.0001243360455168
2007-03-27,0.9977500149203254
2007-03-28,0.9904868004854079
2007-03-29,0.9915342073328426
2007-03-30,0.9917440865776751
2007-04-02,0.9928611216105994
2007-04-03,1.0035470587065072
2007-04-04,1.0046650884277954
2007-04-05,1.0073885451687985
2007-04-09,1.0087850876320448
2007-04-10,1.0099727455388228
2007-04-11,1.005851751646209
2007-04-12,1.0103218811546342
2007-04-13,1.0149312670340382
2007-04-16,1.0245688025941473
2007-04-17,1.0272932540235145
2007-04-18,1.0285505401157817
2007-04-19,1.0282710326854596
2007-04-20,1.037978196431058
2007-04-23,1.0340680764716415
2007-04-24,1.0344868402729424
2007-04-25,1.0439851194620724
2007-04-26,1.0451727773688504
2007-04-27,1.044334255077884
2007-04-30,1.0356735034913562
2007-05-01,1.0383283267352337
2007-05-02,1.0444048779517376
2007-05-03,1.0500616706785764
2007-05-04,1.0540424135118467
2007-05-07,1.0542512980683152
2007-05-08,1.052854755605069
2007-05-09,1.055718463405415
2007-05-10,1.0446833906936956
2007-05-11,1.0536236497105456
2007-05-14,1.0513179620824795
2007-05-15,1.0515984642011658
2007-05-16,1.0587910557622298
2007-05-17,1.0566962420673602
2007-05-18,1.0659150138261682
2007-05-21,1.0653569936538883
2007-05-22,1.064518471362922
2007-05-23,1.064658722422265
2007-05-24,1.0550201921737918
2007-05-25,1.0594196988083633
2007-05-29,1.0632611852706546
2007-05-30,1.0719209421688185
2007-05-31,1.0708039071358941
2007-06-01,1.0761115642469214
2007-06-04,1.0762518153062646
2007-06-05,1.0719915650426721
2007-06-06,1.060467105655798
2007-06-07,1.0413312909065588
2007-06-08,1.0548799411144487
2007-06-11,1.0566962420673602
2007-06-12,1.0451727773688504
2007-06-13,1.0608172359599737
2007-06-14,1.0675920584081007
2007-06-15,1.073665625559512
2007-06-18,1.0724033660254242
2007-06-19,1.0750681361529433
2007-06-20,1.0601289116119919
2007-06-21,1.0660204507927666
2007-06-22,1.055990013328824
2007-06-25,1.050939980504108
2007-06-26,1.0401376648695961
2007-06-27,1.0549376330395688
2007-06-28,1.0547983766685896
2007-06-29,1.0551485069727653
2007-07-02,1.064687568384825
2007-07-03,1.0685449698609426
2007-07-05,1.0674229613861976
2007-07-06,1.07303499313665
2007-07-09,1.0738764994927088
2007-07-10,1.0585851552708536
2007-07-11,1.066090078978256
2007-07-12,1.0829251795412498
2007-07-13,1.0861509539061411
2007-07-16,1.086010702846798
2007-07-17,1.0854496986094255
2007-07-18,1.083485189090258
2007-07-19,1.0876937155589153
2007-07-20,1.076681520679571
2007-07-23,1.0799789126066803
2007-07-24,1.0612499253983727
2007-07-25,1.063425308850737
2007-07-26,1.0382437782242822
2007-07-27,1.0178327729922216
2007-07-30,1.0337547496369386
2007-07-31,1.0221109276463682
2007-08-01,1.0270913322855948
2007-08-02,1.035297511289713
2007-08-03,1.0086448365727017
2007-08-06,1.0255485706328207
2007-08-07,1.0364901426383113
2007-08-08,1.050939980504108
2007-08-09,1.019796287823025
2007-08-10,1.0150277518053592
2007-08-13,1.0186742793482801
2007-08-14,1.0031024330077387
2007-08-15,0.9892852169415322
2007-08-16,0.996719517775081
2007-08-17,1.0150277518053592
2007-08-20,1.0145353810651123
2007-08-21,1.0165705134581335
2007-08-22,1.0286340939383691
2007-08-23,1.027722959396821
2007-08-24,1.0404181669882824
2007-08-27,1.0307388545168799
2007-08-28,1.008082837646965
2007-08-29,1.027863210456164
2007-08-30,1.0251278174547913
2007-08-31,1.0352278831042234
2007-09-04,1.0456790737461952
2007-09-05,1.0366303936976544
2007-09-06,1.0390156563948514
2007-09-07,1.0245658185290547
2007-09-10,1.022601309009887
2007-09-11,1.0345266278075078
2007-09-12,1.037192392623391
2007-09-13,1.0444864423975968
2007-09-14,1.0444168142121073
2007-09-17,1.0388047824616546
2007-09-18,1.0693874709053652
2007-09-19,1.0756997632641694
2007-09-20,1.0681252113712774
2007-09-21,1.071006823562178
2007-09-24,1.069033361847733
2007-09-25,1.0669196490739452
2007-09-26,1.0725575427218652
2007-09-27,1.0788996757315932
2007-09-28,1.0753058666719715
2007-10-01,1.0874271390773271
2007-10-02,1.0859470427914932
2007-10-03,1.0837627071438518
2007-10-04,1.0854546720512463
2007-10-05,1.0983508066922631
2007-10-08,1.0925020391111464
2007-10-09,1.1027910955497642
2007-10-10,1.1009588795830265
2007-10-11,1.0956731056160105
2007-10-12,1.101733741818688
2007-10-15,1.0924314162372928
2007-10-16,1.0837627071438518
2007-10-17,1.0870760140847873
2007-10-18,1.0831280959675333
2007-10-19,1.0547983766685896
2007-10-22,1.0609286410567569
2007-10-23,1.0695267272763442
2007-10-24,1.0675542602502637
2007-10-25,1.070090715578809
2007-10-26,1.0826357252272862
2007-10-29,1.086229534286908
2007-10-30,1.0786888017983964
2007-10-31,1.089893966220383
2007-11-01,1.0643821990570355
2007-11-02,1.0655807985358186
2007-11-05,1.0574760777448424
2007-11-06,1.07171205761235
2007-11-07,1.0423946127678196
2007-11-08,1.0371088388008036
2007-11-09,1.022872858933296
2007-11-12,1.0127240535540214
2007-11-13,1.0435922175582388
2007-11-14,1.0407026478604253
2007-11-15,1.0256918057572562
2007-11-16,1.0274533988501402
2007-11-19,1.013146796108779
2007-11-20,1.019348678059164
2007-11-21,0.998488073686514
2007-11-23,1.0157548689995424
2007-11-26,0.993343545467205
2007-11-27,1.0047605785107525
2007-11-28,1.0368969701792428
2007-11-29,1.0372490898601467
2007-11-30,1.0476793920464718
2007-12-03,1.040773270734279
2007-12-04,1.0314709451528836
2007-12-05,1.0487367457775478
2007-12-06,1.063748582569081
2007-12-07,1.0635367139475203
2007-12-10,1.0717826804862036
2007-12-11,1.0423946127678196
2007-12-12,1.0526836692064376
2007-12-13,1.0504983388704319
2007-12-14,1.0371784669862931
2007-12-17,1.022379493504685
2007-12-18,1.0280870153380945
2007-12-19,1.0280870153380945
2007-12-20,1.034571388783894
2007-12-21,1.0494847514273777
2007-12-24,1.0572791294487436
2007-12-26,1.0595460242306085
2007-12-27,1.0462261523464698
2007-12-28,1.0436051485069726
2007-12-31,1.0358823880478245
2008-01-02,1.026812819543637
2008-01-03,1.0263174647382973
2008-01-04,1.001166769451131
2008-01-07,1.0003153162114309
2008-01-08,0.9841625718662342
2008-01-09,0.9945063361648795
2008-01-10,1.0010245290150594
2008-01-11,0.9929476594982791
2008-01-14,1.000953906141206
2008-01-15,0.9789195694988759
2008-01-16,0.9704885909244633
2008-01-17,0.9453369009489326
2008-01-18,0.9356307318916983
2008-01-22,0.9261374261443889
2008-01-23,0.9483836314082797
2008-01-24,0.9563898780512065
2008-01-25,0.9425746513617284
2008-01-28,0.9581604233393677
2008-01-29,0.9629080709013866
2008-01-30,0.9558229056836491
2008-01-31,0.9732518352000318
2008-02-01,0.9889092247398888
2008-02-04,0.9764398114070861
2008-02-05,0.9502964171325122
2008-02-06,0.9426452742355819
2008-02-07,0.9488789862136192
2008-02-08,0.9427865199832892
2008-02-11,0.9476037957307976
2008-02-12,0.9563898780512065
2008-02-13,0.9661676646706586
2008-02-14,0.9576650685340282
2008-02-15,0.9574522052241032
2008-02-19,0.960144826625818
2008-02-20,0.9629786937752401
2008-02-21,0.9549724471323133
2008-02-22,0.9608530447410826
2008-02-25,0.9729683490162532
2008-02-26,0.9802663775439154
2008-02-27,0.9792736785565082
2008-02-28,0.969708755246981
2008-02-29,0.9481011399128653
2008-03-03,0.9458332504426362
2008-03-04,0.9422195476157319
2008-03-05,0.9481717627867188
2008-03-06,0.928546561362325
2008-03-07,0.9189816380527981
2008-03-10,0.9068663337776275
2008-03-11,0.9394572980285276
2008-03-12,0.9306712157081185
2008-03-13,0.9327262418684226
2008-03-14,0.9182734199375335
2008-03-17,0.9089919828117851
2008-03-18,0.9467543318678258
2008-03-19,0.9233035589949669
2008-03-20,0.9404052360395487
2008-03-24,0.9592018620566176
2008-03-25,0.9601279169236278
2008-03-26,0.9483796526548232
2008-03-27,0.9453896194322319
2008-03-28,0.9363469075138758
2008-03-31,0.9396224162969741
2008-04-01,0.9726590009350071
2008-04-02,0.9732995802415103
2008-04-03,0.975719657031452
2008-04-04,0.9746523564167345
2008-04-07,0.9751506952871665
2008-04-08,0.9741540175463026
2008-04-09,0.9671056557980384
2008-04-10,0.9684584319732628
2008-04-11,0.9496618059561938
2008-04-14,0.9464569200469493
2008-04-15,0.948664133526966
2008-04-16,0.9743678755445918
2008-04-17,0.9757922692820339
2008-04-18,0.9859729046889609
2008-04-21,0.9864712435593929
2008-04-22,0.9821284341615771
2008-04-23,0.9805617999880637
2008-04-24,0.9848339865120257
2008-04-25,0.9939473213042354
2008-04-28,0.9941611793025245
2008-04-29,0.9902450912129228
2008-04-30,0.9844062705154475
2008-05-01,1.0047695307060296
2008-05-02,1.007546700618696
2008-05-05,1.0027055523504484
2008-05-06,1.011392165834444
2008-05-07,0.9933783595599499
2008-05-08,0.9908140529572085
2008-05-09,0.9889639325999163
2008-05-12,1.0000706228738536
2008-05-13,1.000212863309925
2008-05-14,1.0022778363538702
2008-05-15,1.0148089203652495
2008-05-16,1.0157349752322595
2008-05-19,1.0185111504565618
2008-05-20,1.0102522529691447
2008-05-21,0.9931645015616607
2008-05-22,0.993306741997732
2008-05-23,0.9799928382437781
2008-05-27,0.9872550579903316
2008-05-28,0.9918117253864365
2008-05-29,0.9967961087791194
2008-05-30,0.999287803131279
2008-06-02,0.9889639325999163
2008-06-03,0.9831967294646587
2008-06-04,0.9826983905942268
2008-06-05,1.002349453916088
2008-06-06,0.9703801698927725
2008-06-09,0.9727296238088606
2008-06-10,0.9678884755406131
2008-06-11,0.953648516919649
2008-06-12,0.9572801241371077
2008-06-13,0.9693834921519088
2008-06-16,0.9699534485845585
2008-06-17,0.9652545407523822
2008-06-18,0.9558557303996658
2008-06-19,0.9570662661388186
2008-06-20,0.9415312232677502
2008-06-23,0.9406011896472835
2008-06-24,0.9387401277179859
2008-06-25,0.9431774325103944
2008-06-26,0.9175602283804483
2008-06-27,0.9125509777786619
2008-06-30,0.9157717787017327
2008-07-01,0.9186334971253506
2008-07-02,0.9028915590745419
2008-07-03,0.9038215926950086
2008-07-07,0.894590884675831
2008-07-08,0.9104760578510752
2008-07-09,0.8929446754331867
2008-07-10,0.8965941870411999
2008-07-11,0.8861469751526847
2008-07-14,0.8781327710028448
2008-07-15,0.8657538743111782
2008-07-16,0.8870053912109336
2008-07-17,0.8958790061073865
2008-07-18,0.9014602025185509
2008-07-21,0.9019615254540753
2008-07-22,0.9121938846559373
2008-07-23,0.9171315176955059
2008-07-24,0.8980971611594086
2008-07-25,0.8978823084727555
2008-07-28,0.8847156185966937
2008-07-29,0.9036067400083553
2008-07-30,0.9197067658702528
2008-07-31,0.9075427218652395
2008-08-01,0.9027483239501064
2008-08-04,0.8943760319891777
2008-08-05,0.9184902620009151
2008-08-06,0.9225694789822348
2008-08-07,0.908830843296795
2008-08-08,0.9257176676547237
2008-08-11,0.9353064634849901
2008-08-12,0.9255744325302881
2008-08-13,0.9199932361191239
2008-08-14,0.9269341715240614
2008-08-15,0.9314420991903236
2008-08-18,0.9187051146875682
2008-08-19,0.9086876081723595
2008-08-20,0.9129090655897507
2008-08-21,0.9144836572701772
2008-08-22,0.9277209700200927
2008-08-25,0.9089014661706487
2008-08-26,0.9115493265959774
2008-08-27,0.9204229414924303
2008-08-28,0.9315853343147592
2008-08-29,0.9215668331111861
2008-09-02,0.9158424015755864
2008-09-03,0.9150556030795551
2008-09-04,0.8875067141464578
2008-09-05,0.8902978096962222
2008-09-08,0.9086876081723595
2008-09-09,0.8817106650486403
2008-09-10,0.8852885590944356
2008-09-11,0.8980971611594086
2008-09-12,0.9022470010145821
2008-09-15,0.8593142618417648
2008-09-16,0.8736964608988004
2008-09-17,0.8344122386456322
2008-09-18,0.8591710267173295
2008-09-19,0.8932918216722701
2008-09-22,0.8730678178526666
2008-09-23,0.8532038912208804
2008-09-24,0.8559392842222532
2008-09-25,0.8693258002267888
2008-09-26,0.8697574949768238
2008-09-29,0.8016014482662581
2008-09-30,0.8347802733403624
2008-10-01,0.8352835856526151
2008-10-02,0.804984383392683
2008-10-03,0.7941164183261384
2008-10-06,0.7536704000636599
2008-10-07,0.7199156504267213
2008-10-08,0.7017794974834384
2008-10-09,0.6527682177173891
2008-10-10,0.6369347683370801
2008-10-13,0.7294159189925796
2008-10-14,0.7186205661766168
2008-10-15,0.6478743509658423
2008-10-16,0.6748622356615671
2008-10-17,0.6708327530984542
2008-10-20,0.7111355362364971
2008-10-21,0.6899049077923887
2008-10-22,0.6523355282789902
2008-10-23,0.6598931704696919
2008-10-24,0.6264268804583524
2008-10-27,0.6041876380130105
2008-10-28,0.6747906180993494
2008-10-29,0.6698967513478026
2008-10-30,0.6930710008554319
2008-10-31,0.6968856307318916
2008-11-03,0.6989008693576302
2008-11-04,0.7226510434280939
2008-11-05,0.6922792289175801
2008-11-06,0.6539190721546939
2008-11-07,0.6755097777866194
2008-11-10,0.6666580460341774
2008-11-11,0.6460749597151212
2008-11-12,0.6176457715797641
2008-11-13,0.6561501581554499
2008-11-14,0.6234040225197445
2008-11-17,0.6151272206417729
2008-11-18,0.6267143453955876
2008-11-19,0.5865557920703444
2008-11-20,0.5430133089303121
2008-11-21,0.5723058865657389
2008-11-24,0.6119611275787296
2008-11-25,0.6164949171424593
2008-11-26,0.6403167087751407
2008-11-28,0.6483776632780949
2008-12-01,0.5909453518212744
2008-12-02,0.6136879065788688
2008-12-03,0.6284421190840909
2008-12-04,0.6139037539538862
2008-12-05,0.6328316788350209
2008-12-08,0.6549266914675631
2008-12-09,0.6441313386516003
2008-12-10,0.6485218930908946
2008-12-11,0.6329042910856029
2008-12-12,0.6404609385879403
2008-12-15,0.6315365945849165
2008-12-16,0.661259872282014
2008-12-17,0.6548550739053455
2008-12-18,0.6426204070264785
2008-12-19,0.6398561680625459
2008-12-22,0.6316569518769769
2008-12-23,0.6251268227664273
2008-12-24,0.6287554459187936
2008-12-26,0.6323830743827958
2008-12-29,0.6305687628066127
2008-12-30,0.6455149501661128
2008-12-31,0.6547297431714643
2009-01-02,0.6744643603159131
2009-01-05,0.6736656255595121
2009-01-06,0.6781646010304971
2009-01-07,0.6578490858813933
2009-01-08,0.6605337497761951
2009-01-09,0.6463853024847315
2009-01-12,0.6308592118089402
2009-01-13,0.6320200131298863
2009-01-14,0.6121401714842739
2009-01-15,0.6123580082360196
2009-01-16,0.6171464380209679
2009-01-20,0.5845693994071657
2009-01-21,0.6098185688423816
2009-01-22,0.6003859390852846
2009-01-23,0.6029979907295044
2009-01-26,0.6071339049475799
2009-01-27,0.6133009728052201
2009-01-28,0.6340511667694511
2009-01-29,0.6134461973063838
2009-01-30,0.6009668370899397
2009-02-02,0.5991525255137565
2009-02-03,0.6075695784510713
2009-02-04,0.6045944655539419
2009-02-05,0.6135914218075477
2009-02-06,0.6310770485606859
2009-02-09,0.6319474008793045
2009-02-10,0.6029979907295044
2009-02-11,0.6065530069429247
2009-02-12,0.6069886804464162
2009-02-13,0.6004585513358665
2009-02-17,0.5747747030855233
2009-02-18,0.5733960650128315
2009-02-19,0.5672289971551913
2009-02-20,0.561715439552788
2009-02-23,0.5416177611554299
2009-02-24,0.5621501183679153
2009-02-25,0.5577247498358764
2009-02-26,0.5486551813316887
2009-02-27,0.5363936578669902
2009-03-02,0.5122326775021385
2009-03-03,0.5083872122863906
2009-03-04,0.5204318936877076
2009-03-05,0.49917341396940335
2009-03-06,0.5000437662880219
2009-03-09,0.4941671474327093
2009-03-10,0.5236238486482185
2009-03-11,0.5270336403604751
2009-03-12,0.5477848290130701
2009-03-13,0.5520649730439453
2009-03-16,0.55039688065729
2009-03-17,0.5672289971551913
2009-03-18,0.5799261941233811
2009-03-19,0.5727435494459585
2009-03-20,0.5605466807249289
2009-03-23,0.6008106710167704
2009-03-24,0.5889728847951936
2009-03-25,0.59518471362922
2009-03-26,0.6073139435414884
2009-03-27,0.5963534724570791
2009-03-30,0.5757465136172837
2009-03-31,0.5810810273141425
2009-04-01,0.5923339367776076
2009-04-02,0.6096524558855709
2009-04-03,0.6157180655300694
2009-04-06,0.6108948216523763
2009-04-07,0.5966459108361349
2009-04-08,0.6030765711102711
2009-04-09,0.6270445819324805
2009-04-13,0.6271908011220084
2009-04-14,0.616375554538763
2009-04-15,0.622952434002427
2009-04-16,0.6320856625619193
2009-04-17,0.6363240296815007
2009-04-20,0.6096524558855709
2009-04-21,0.6215638490460939
2009-04-22,0.6177641394950961
2009-04-23,0.6238287544512304
2009-04-24,0.6332554160781426
2009-04-27,0.6272634133725904
2009-04-28,0.6252899516581455
2009-04-29,0.6385899297750015
2009-04-30,0.6388087612151112
2009-05-01,0.6422434201364713
2009-05-04,0.664092744743072
2009-05-05,0.6618268446495713
2009-05-06,0.6732995802415103
2009-05-07,0.663946525553544
2009-05-08,0.6794378021365906
2009-05-11,0.6667227007778462
2009-05-12,0.6647502337517656
2009-05-13,0.6480165914019137
2009-05-14,0.6535699365388824
2009-05-15,0.6482354228420236
2009-05-18,0.6666500885272644
2009-05-19,0.6658463803290429
2009-05-20,0.6613891817693516
2009-05-21,0.6518889132034934
2009-05-22,0.6505003282471602
2009-05-26,0.6671613583464301
2009-05-27,0.6552499651859072
2009-05-28,0.6643851831221278
2009-05-29,0.6761493624047585
2009-06-01,0.6925179541249726
2009-06-02,0.6931028308830843
2009-06-03,0.6843336582648656
2009-06-04,0.6907643185390018
2009-06-05,0.6909105377285295
2009-06-08,0.6880607555652813
2009-06-09,0.6915680267372232
2009-06-10,0.6898143911512523
2009-06-11,0.6928830047546103
2009-06-12,0.6947828595301092
2009-06-15,0.6788529253784789
2009-06-16,0.6696460898800405
2009-06-17,0.668988600871347
2009-06-18,0.673884456999622
2009-06-19,0.6763681938448685
2009-06-22,0.6560855034117811
2009-06-23,0.6566007519844033
2009-06-24,0.662258539399606
2009-06-25,0.6766616269122884
2009-06-26,0.6748980444426761
2009-06-29,0.6812182943083932
2009-06-30,0.6757067260827182
2009-07-01,0.6784988163208466
2009-07-02,0.6599807030457358
2009-07-06,0.6599070961067898
2009-07-07,0.6471203771858276
2009-07-08,0.6466797302405156
2009-07-09,0.6479280641375057
2009-07-10,0.6463853024847315
2009-07-13,0.6621123202100782
2009-07-14,0.6658593112777766
2009-07-15,0.6853333200708217
2009-07-16,0.6842312053633596
2009-07-17,0.6917271768754849
2009-07-20,0.6990749398213539
2009-07-21,0.7023086716931586
2009-07-22,0.7021624525036306
2009-07-23,0.717667654723775
2009-07-24,0.7206069588397954
2009-07-27,0.7227375813157737
2009-07-28,0.7193576302544413
2009-07-29,0.7175940477848289
2009-07-30,0.7250890246085901
2009-07-31,0.7261185270654703
2009-08-03,0.7380965643463903
2009-08-04,0.7400073606938945
2009-08-05,0.7378757435295522
2009-08-06,0.7340541508345435
2009-08-07,0.7436817395110111
2009-08-10,0.7421379831698729
2009-08-11,0.7328794238764994
2009-08-12,0.7407424353949907
2009-08-13,0.7464002228101936
2009-08-14,0.7406688284560446
2009-08-17,0.7224441482483538
2009-08-18,0.7281755426025026
2009-08-19,0.7345693994071657
2009-08-20,0.7421379831698729
2009-08-21,0.7566882845604472
2009-08-24,0.7566156723098653
2009-08-25,0.7580848270236935
2009-08-26,0.7581584339626394
2009-08-27,0.7598484094933058
2009-08-28,0.7597011956154136
2009-08-31,0.7529402988043845
2009-09-01,0.736332981876778
2009-09-02,0.7335408916386496
2009-09-03,0.7396403206875285
2009-09-04,0.750000994688364
2009-09-08,0.7564684584319732
2009-09-09,0.7622734597250681
2009-09-10,0.7700628643046133
2009-09-11,0.7699156504267212
2009-09-14,0.7736636361827839
2009-09-15,0.7768973680545885
2009-09-16,0.7886545845186703
2009-09-17,0.7874788628722621
2009-09-18,0.7879821751845146
2009-09-21,0.785987825014423
2009-09-22,0.7905653808661746
2009-09-23,0.7839944695326954
2009-09-24,0.7753556010901784
2009-09-25,0.7712206815604671
2009-09-28,0.7850279507430321
2009-09-29,0.7826655658782103
2009-09-30,0.7796377344977817
2009-10-01,0.7602930351920743
2009-10-02,0.7567489605506593
2009-10-05,0.7680456363021464
2009-10-06,0.7790468896094853
2009-10-07,0.781188453657469
2009-10-08,0.7871695147910159
2009-10-09,0.7919688861479698
2009-10-12,0.7950693297789801
2009-10-13,0.7934450036803469
2009-10-14,0.8071050589850198
2009-10-15,0.8100582887381383
2009-10-16,0.8040036206656455
2009-10-19,0.8106491336264348
2009-10-20,0.8063670002188315
2009-10-21,0.7991316370581096
2009-10-22,0.8072532675512761
2009-10-23,0.7980235542204627
2009-10-26,0.7893846857779457
2009-10-27,0.7857660095092207
2009-10-28,0.7709252591163188
2009-10-29,0.7874649372351642
2009-10-30,0.7646487755386236
2009-11-02,0.7702608072890762
2009-11-03,0.7726967990928442
2009-11-04,0.7746911492629359
2009-11-05,0.7889410547675413
2009-11-06,0.7910090118765791
2009-11-09,0.8090248075278016
2009-11-10,0.8091730160940577
2009-11-11,0.813307935623769
2009-11-12,0.8050371018759822
2009-11-13,0.8093938369108957
2009-11-16,0.8211341436727873
2009-11-17,0.822094017944178
2009-11-18,0.8215767799948276
2009-11-19,0.810870949131637
2009-11-20,0.8079913263174646
2009-11-23,0.8182545208586149
2009-11-24,0.819509817574154
2009-11-25,0.8223894403883263
2009-11-27,0.8090248075278016
2009-11-30,0.8117572164640817
2009-12-01,0.8217985955000299
2009-12-02,0.8214295661169354
2009-12-03,0.8150058686613484
2009-12-04,0.819657031452046
2009-12-07,0.8184017347365069
2009-12-08,0.8093202299719497
2009-12-09,0.812347066664014
2009-12-10,0.8169256172041299
2009-12-11,0.8203950902182345
2009-12-14,0.8260071219686871
2009-12-15,0.8221676248831241
2009-12-16,0.823422921598663
2009-12-17,0.8135287564406072
2009-12-18,0.8181311795014622
2009-12-21,0.8264457795372708
2009-12-22,0.8294149243042155
2009-12-23,0.8310482025981258
2009-12-24,0.834982195078282
2009-12-28,0.8367646766268128
2009-12-29,0.8355760240316709
2009-12-30,0.8352796068991585
2009-12-31,0.8272624186842262
2010-01-04,0.8412924980603577
2010-01-05,0.8435196053076571
2010-01-06,0.8441134342610459
2010-01-07,0.8476764079813793
2010-01-08,0.8504973441820677
2010-01-11,0.8516850020888456
2010-01-12,0.8437414208128593
2010-01-13,0.8508683629418903
2010-01-14,0.8531700718164998
2010-01-15,0.843593212246603
2010-01-19,0.8541349195297113
2010-01-20,0.8454493007340799
2010-01-21,0.8291921141106491
2010-01-22,0.8107078202399187
2010-01-25,0.814864622913641
2010-01-26,0.811450852447928
2010-01-27,0.8153102433007737
2010-01-28,0.8059571886128075
2010-01-29,0.7971969681898661
2010-02-01,0.8095947639604512
2010-02-02,0.8193934390355502
2010-02-03,0.8153102433007737
2010-02-04,0.7901456223765093
2010-02-05,0.7917779059820558
2010-02-08,0.7860624266417331
2010-02-09,0.7959357033441423
2010-02-10,0.794377026677542
2010-02-11,0.8026906320249865
2010-02-12,0.8020222014442875
2010-02-16,0.8146418127200746
2010-02-17,0.8185021982612847
2010-02-18,0.8233274315157061
2010-02-19,0.8250353114369268
2010-02-22,0.825183520003183
2010-02-23,0.8151620347345175
2010-02-24,0.8226599956233711
2010-02-25,0.8215459446555393
2010-02-26,0.8220651719816181
2010-03-01,0.8306025822109933
2010-03-02,0.8329032963972387
2010-03-03,0.8336463286052479
2010-03-04,0.8361698529850597
2010-03-05,0.8481220283685121
2010-03-08,0.8482702369347683
2010-03-09,0.8496807050351125
2010-03-10,0.8534664889490122
2010-03-11,0.8570304573577099
2010-03-12,0.8571040642966558
2010-03-15,0.8573268744902222
2010-03-16,0.8641564047983766
2010-03-17,0.8692790498736745
2010-03-18,0.8688334294865419
2010-03-19,0.8644349175403346
2010-03-22,0.8690562396801081
2010-03-23,0.875168599677721
2010-03-24,0.8709202856744982
2010-03-25,0.8695038494439691
2010-03-26,0.868981638052798
2010-03-29,0.8744981797202935
2010-03-30,0.8750939980504107
2010-03-31,0.8721129170230967
2010-04-01,0.878076073766089
2010-04-05,0.88523186185768
2010-04-06,0.8873187180456362
2010-04-07,0.8822497861420017
2010-04-08,0.8853064634849901
2010-04-09,0.8911204169733622
2010-04-12,0.8925368532038912
2010-04-13,0.8932072731613185
2010-04-14,0.9033451369685878
2010-04-15,0.9040901585533252
2010-04-16,0.8897039807428332
2010-04-19,0.8930580699066982
2010-04-20,0.9010344758987008
2010-04-21,0.8993942347862415
2010-04-22,0.902077903992679
2010-04-23,0.9079664591083613
2010-04-26,0.9045377683171862
2010-04-27,0.8831440109813595
2010-04-28,0.8898531839974535
2010-04-29,0.9008852726440805
2010-04-30,0.8856048699942307
2010-05-03,0.8970835737163546
2010-05-04,0.8759892175781326
2010-05-05,0.8707710824198779
2010-05-06,0.8418495235442736
2010-05-07,0.8293273917281716
2010-05-10,0.8658513537708635
2010-05-11,0.8633914894463565
2010-05-12,0.8754670061869616
2010-05-13,0.864584120794955
2010-05-14,0.8489307100085542
2010-05-17,0.8493783197724153
2010-05-18,0.8378250144229812
2010-05-19,0.8330544890285873
2010-05-20,0.8015984642011658
2010-05-21,0.8133009728052201
2010-05-24,0.8028656971770743
2010-05-25,0.8036853203891221
2010-05-26,0.7988401933674179
2010-05-27,0.8256002944277557
2010-05-28,0.815238625738556
2010-06-01,0.8015238625738556
2010-06-02,0.822394413830147
2010-06-03,0.8252272862912049
2010-06-04,0.7962321204766546
2010-06-07,0.7863180615513159
2010-06-08,0.7947410826188155
2010-06-09,0.7904917739272286
2010-06-10,0.8135993793144607
2010-06-11,0.817550281496807
2010-06-14,0.8162830485208984
2010-06-15,0.8348429387073029
2010-06-16,0.8345445321980622
2010-06-17,0.835886366801281
2010-06-18,0.8367935225893727
2010-06-21,0.834396323631806
2010-06-22,0.8206159110350726
2010-06-23,0.8180695088228856
2010-06-24,0.8045138957964469
2010-06-25,0.8078838999741381
2010-06-28,0.8053374977619512
2010-06-29,0.7804722780352915
2010-06-30,0.7730578709690253
2010-07-01,0.7696132651640241
2010-07-02,0.7654186643324645
2010-07-06,0.7704368671295283
2010-07-07,0.7947022897726141
2010-07-08,0.8025662959794695
2010-07-09,0.8085573039966577
2010-07-12,0.8090815047645572
2010-07-13,0.8212903097459565
2010-07-14,0.8212147134302823
2010-07-15,0.8214395130005768
2010-07-16,0.7988212942884994
2010-07-19,0.8035400958879583
2010-07-20,0.8124525036306125
2010-07-21,0.8018918972685858
2010-07-22,0.8197923090695685
2010-07-23,0.8269073149382298
2010-07-26,0.835519326794915
2010-07-27,0.8354447251676049
2010-07-28,0.8300525195456263
2010-07-29,0.8260081166570513
2010-07-30,0.8258579187140668
2010-08-02,0.8445073308532437
2010-08-03,0.8404629279646686
2010-08-04,0.8460799331569419
2010-08-05,0.8451807348757633
2010-08-06,0.841736129070762
2010-08-09,0.8462291364115622
2010-08-10,0.8416605327550878
2010-08-11,0.8185937095907851
2010-08-12,0.8135755067937215
2010-08-13,0.8111793025245191
2010-08-16,0.81080430501124
2010-08-17,0.8207661089780571
2010-08-18,0.8222631149660812
2010-08-19,0.8079585016014482
2010-08-20,0.8053374977619512
2010-08-23,0.8022668947818649
2010-08-24,0.7903584856864343
2010-08-25,0.7934290886665207
2010-08-26,0.7881114846718522
2010-08-27,0.8003192949648874
2010-08-30,0.7887102870670618
2010-08-31,0.7887102870670618
2010-09-01,0.8123023056876281
2010-09-02,0.8198669106968786
2010-09-03,0.8305011239978515
2010-09-07,0.8211401118029721
2010-09-08,0.8269073149382298
2010-09-09,0.8307269182565102
2010-09-10,0.8349205243997055
2010-09-13,0.8442079296556388
2010-09-14,0.8436837288877395
2010-09-15,0.8469035351224461
2010-09-16,0.8466787355521515
2010-09-17,0.8469950464519465
2010-09-20,0.859945888952991
2010-09-21,0.8582141365110311
2010-09-22,0.8539976525354606
2010-09-23,0.8470706427676209
2010-09-24,0.8645393598185688
2010-09-27,0.8603974774703085
2010-09-28,0.863409393836911
2010-09-29,0.8619034356536096
2010-09-30,0.8593431078043248
2010-10-01,0.8629578053195934
2010-10-04,0.8564823840690711
2010-10-05,0.8737253068613603
2010-10-06,0.8736497105456861
2010-10-07,0.8725953408797023
2010-10-08,0.877489207631249
2010-10-11,0.8783177830385739
2010-10-12,0.8810283088308433
2010-10-13,0.8878807169713729
2010-10-14,0.8844172120874529
2010-10-15,0.886223566156723
2010-10-18,0.8905912427636421
2010-10-19,0.8789205641872401
2010-10-20,0.8875037300813654
2010-10-21,0.8894622714703483
2010-10-22,0.891118427596634
2010-10-25,0.8937533570732289
2010-10-26,0.8939045497045776
2010-10-27,0.8913442218552927
2010-10-28,0.8914944197982771
2010-10-29,0.8921718025742534
2010-11-01,0.8924731931485865
2010-11-02,0.8995513955477749
2010-11-03,0.9031650983746792
2010-11-04,0.9205582191099527
2010-11-05,0.9240217239938727
2010-11-08,0.9222899715519128
2010-11-09,0.9156643523584062
2010-11-10,0.9193536515009847
2010-11-11,0.9158901466170649
2010-11-12,0.9050480434479877
2010-11-15,0.9037678795233453
2010-11-16,0.889688065729007
2010-11-17,0.8901396542463246
2010-11-18,0.9032406946903534
2010-11-19,0.905725426223964
2010-11-22,0.9049724471323135
2010-11-23,0.8918714066882845
2010-11-24,0.9050480434479877
2010-11-26,0.8945063361648794
2010-11-29,0.8972168619571488
2010-11-30,0.8921718025742534
2010-12-01,0.9111464778085026
2010-12-02,0.9228171563849046
2010-12-03,0.9253018879185151
2010-12-06,0.9243231145682057
2010-12-07,0.9248502994011976
2010-12-08,0.9282382079694431
2010-12-09,0.9318529054847117
2010-12-10,0.9372739570692502
2010-12-13,0.9378767382179163
2010-12-14,0.9387043189368771
2010-12-15,0.9344122386456323
2010-12-16,0.9398342849185349
2010-12-17,0.9408409095430401
2010-12-20,0.9431117830783615
2010-12-21,0.94909085483518
2010-12-22,0.9520430898999342
2010-12-23,0.9506803668410686
2010-12-27,0.9510593431078043
2010-12-28,0.9524210714783058
2010-12-29,0.9531024330077386
2010-12-30,0.9515885173175244
2010-12-31,0.9518153062645474
2011-01-03,0.96165575825094
2011-01-04,0.9611255893528556
2011-01-05,0.9661219090059084
2011-01-06,0.9642290170489585
2011-01-07,0.9623371197803728
2011-01-10,0.9611255893528556
2011-01-11,0.9645323970000198
2011-01-12,0.9732369148745698
2011-01-13,0.9716474028686811
2011-01-14,0.9786858177333041
2011-01-18,0.980350926054867
2011-01-19,0.9707382577038614
2011-01-20,0.9694521256490342
2011-01-21,0.9716474028686811
2011-01-24,0.9771728967314539
2011-01-25,0.977702070941174
2011-01-26,0.9814868601667097
2011-01-27,0.9839089263333798
2011-01-28,0.9667266795313029
2011-01-31,0.9739928780313127
2011-02-01,0.989585612827501
2011-02-02,0.9876937155589154
2011-02-03,0.9898889927785623
2011-02-04,0.992689040523604
2011-02-07,0.9988958959158095
2011-02-08,1.003436648298088
2011-02-09,1.001166769451131
2011-02-10,1.0015457457178667
2011-02-11,1.0075248174746851
2011-02-14,1.0099468836413552
2011-02-15,1.006767859629578
2011-02-16,1.0131259076531323
2011-02-17,1.0161537390335607
2011-02-18,1.0182724252491693
2011-02-22,0.9978365528080052
2011-02-23,0.991705293731474
2011-02-24,0.9910239322020411
2011-02-25,1.0016203473451768
2011-02-28,1.0078272027373822
2011-03-01,0.9910239322020411
2011-03-02,0.9931436131060138
2011-03-03,1.0102492689040523
2011-03-04,1.0026806851413452
2011-03-07,0.9948087214275767
2011-03-08,1.0035132393021267
2011-03-09,1.0020749199275867
2011-03-10,0.9835309447550081
2011-03-11,0.9903425706726082
2011-03-14,0.9843634989157897
2011-03-15,0.9730847275548571
2011-03-16,0.9550709212803628
2011-03-17,0.9677104263234328
2011-03-18,0.9712306284441085
2011-03-21,0.9862832474585712
2011-03-22,0.9828625141743091
2011-03-23,0.9856744981797203
2011-03-24,0.9951011598066325
2011-03-25,0.9981419221357948
2011-03-28,0.9957089143971193
2011-03-29,1.0023991883342949
2011-03-30,1.0093162512184932
2011-03-31,1.0079485547178069
2011-04-01,1.012205820916307
2011-04-04,1.0130413591421807
2011-04-05,1.012889171822468
2011-04-06,1.016082121471343
2011-04-07,1.0134979211013189
2011-04-08,1.0100005968130183
2011-04-11,1.0069598344838562
2011-04-12,0.9994340223208068
2011-04-13,0.9993584260051325
2011-04-14,1.000118367915332
2011-04-15,1.0037668848349812
2011-04-18,0.9925159647482443
2011-04-19,0.9982175184514691
2011-04-20,1.011825849961207
2011-04-21,1.0169952453896194
2011-04-25,1.0159309288399943
2011-04-26,1.0246732448723814
2011-04-27,1.0313625241211928
2011-04-28,1.0347076610897805
2011-04-29,1.037140668828456
2011-05-02,1.0355431993156543
2011-05-03,1.031819086080331
2011-05-04,1.0249766248234429
2011-05-05,1.0157021505162431
2011-05-06,1.0201881950384943
2011-05-09,1.0241410865975689
2011-05-10,1.032883402629956
2011-05-11,1.0220114588099547
2011-05-12,1.0268774742873057
2011-05-13,1.0189716911691566
2011-05-16,1.0125092008673682
2011-05-17,1.0123570135476556
2011-05-18,1.021403704219468
2011-05-19,1.0238367119581435
2011-05-20,1.0157021505162431
2011-05-23,1.0039190721546938
2011-05-24,1.0030825392404559
2011-05-25,1.0064276762090436
2011-05-26,1.0110659080510076
2011-05-27,1.0149412139176797
2011-05-31,1.0255087830982552
2011-06-01,1.002474784649969
2011-06-02,1.001410468100344
2011-06-03,0.9914516481986193
2011-06-06,0.9809616647104462
2011-06-07,0.9803529154315953
2011-06-08,0.976247836552808
2011-06-09,0.9836980524001829
2011-06-10,0.9700141245747708
2011-06-13,0.9707750611733343
2011-06-14,0.983089303121332
2011-06-15,0.965605665744922
2011-06-16,0.9677342988441721
2011-06-17,0.9706218791652574
2011-06-20,0.975587363479022
2011-06-21,0.9889569697813675
2011-06-22,0.9829977917918317
2011-06-23,0.9801718821493225
2011-06-24,0.9687876738217917
2011-06-27,0.9774215688224879
2011-06-28,0.99017944178089
2011-06-29,0.9986591600851452
2011-06-30,1.0082091630692105
2011-07-01,1.023106610698868
2011-07-05,1.0222660990311734
2011-07-06,1.023488571030696
2011-07-07,1.0341078640062067
2011-07-08,1.0267740266974357
2011-07-11,1.0082091630692105
2011-07-12,1.003854417411025
2011-07-13,1.007215469393439
2011-07-14,1.000263592416496
2011-07-15,1.006070583086319
2011-07-18,0.9978186484174508
2011-07-19,1.0140151590506694
2011-07-20,1.0134044203950903
2011-07-21,1.0274613563570532
2011-07-22,1.0281486860166709
2011-07-25,1.0224192810392503
2011-07-26,1.018598683032606
2011-07-27,0.9977420574134124
2011-07-28,0.9948395567668649
2011-07-29,0.9880398671096344
2011-08-01,0.983838303459526
2011-08-02,0.9587035231861857
2011-08-03,0.9638987805120656
2011-08-04,0.9187478862872261
2011-08-05,0.9173732269679908
2011-08-08,0.8576312491296477
2011-08-09,0.8975102950245687
2011-08-10,0.8578600274533988
2011-08-11,0.8963644140290846
2011-08-12,0.9023991883342948
2011-08-15,0.9214981996140609
2011-08-16,0.9136292199653848
2011-08-17,0.9142409533093282
2011-08-18,0.8748204587502736
2011-08-19,0.8605337497761951
2011-08-22,0.8612210794358126
2011-08-23,0.8895647243718542
2011-08-24,0.9020938190065053
2011-08-25,0.8883422523723317
2011-08-26,0.9012533073388107
2011-08-29,0.9271520082758071
2011-08-30,0.9295969522748523
2011-08-31,0.9337219249209222
2011-09-01,0.9239431436131059
2011-09-02,0.9003362046670776
2011-09-06,0.8937662880219627
2011-09-07,0.9189776592993414
2011-09-08,0.9094276563152763
2011-09-09,0.885591939045497
2011-09-12,0.8913213440229175
2011-09-13,0.8994966876877475
2011-09-14,0.9119491913183599
2011-09-15,0.927687150615712
2011-09-16,0.9331778303857402
2011-09-19,0.9238854516879861
2011-09-20,0.9228101935663555
2011-09-21,0.895626355262896
2011-09-22,0.8666749557363678
2011-09-23,0.8718970696480792
2011-09-26,0.892631348598484
2011-09-27,0.902614041020948
2011-09-28,0.8841834603218811
2011-09-29,0.8911721407682973
2011-09-30,0.8689020629836672
2011-10-03,0.8441751049396224
2011-10-04,0.8626822766427278
2011-10-05,0.8786549823940158
2011-10-06,0.8945510971412656
2011-10-07,0.8885610838124416
2011-10-10,0.9182793880677182
2011-10-11,0.9192004694929078
2011-10-12,0.9272644080609544
2011-10-13,0.9254212505222114
2011-10-14,0.9412407742654226
2011-10-17,0.9232707342789503
2011-10-18,0.941317365269461
2011-10-19,0.9301828237213281
2011-10-20,0.9342520938190064
2011-10-21,0.9519913661049992
2011-10-24,0.9636640340581295
2011-10-25,0.9449260946545447
2011-10-26,0.9545258320568165
2011-10-27,0.9877762746931386
2011-10-28,0.9875465016810232
2011-10-31,0.963740625062168
2011-11-01,0.9368631507748622
2011-11-02,0.952144548113076
2011-11-03,0.9694998706905126
2011-11-04,0.9635864483657269
2011-11-07,0.969576461694551
2011-11-08,0.9820170290647939
2011-11-09,0.9457715797640599
2011-11-10,0.9546790140648934
2011-11-11,0.9726480593630015
2011-11-14,0.96343326635765
2011-11-15,0.9681948395567668
2011-11-16,0.9528358565261503
2011-11-17,0.9377076411960132
2011-11-18,0.9367099687667853
2011-11-21,0.9188941054767541
2011-11-22,0.9152843814033064
2011-11-23,0.8950882288578987
2011-11-25,0.8933992480155966
2011-11-28,0.9192780551853104
2011-11-29,0.9218891121411662
2011-11-30,0.9598245369725665
2011-12-01,0.9596703602761254
2011-12-02,0.9588258698549743
2011-12-05,0.9692691029900332
2011-12-06,0.969576461694551
2011-12-07,0.9731861857679989
2011-12-08,0.9518381840969223
2011-12-09,0.9679640718562873
2011-12-12,0.9538345236437423
2011-12-13,0.9449260946545447
2011-12-14,0.9348668112280422
2011-12-15,0.9382457676010105
2011-12-16,0.939636341934072
2011-12-19,0.9295899894563032
2011-12-20,0.9577197763940557
2011-12-21,0.9595748701931683
2011-12-22,0.9680754769530705
2011-12-23,0.9767302604094136
2011-12-27,0.977503133268347
2011-12-28,0.9646746374360913
2011-12-29,0.9746443989098215
2011-12-30,0.9698529850597808
2012-01-03,0.9853084528617184
2012-01-04,0.986854198579585
2012-01-05,0.9894811705492669
2012-01-06,0.9869307895836235
2012-01-09,0.9893269938528259
2012-01-10,0.9979051863051306
2012-01-11,0.9984462967752202
2012-01-12,1.0008415063560585
2012-01-13,0.9956641534207332
2012-01-17,0.9995275230270356
2012-01-18,1.010578510752581
2012-01-19,1.0159120297610758
2012-01-20,1.0196978136749757
2012-01-23,1.0170698470169295
2012-01-24,1.0159120297610758
2012-01-25,1.024411641832614
2012-01-26,1.0191567032048858
2012-01-27,1.0186931784271989
2012-01-30,1.015215747906181
2012-01-31,1.0148288141325321
2012-02-01,1.023716354666083
2012-02-02,1.025338691387988
2012-02-03,1.0397129329381105
2012-02-06,1.0390176457715796
2012-02-07,1.0416446177412615
2012-02-08,1.0447361091769947
2012-02-09,1.0460500925060179
2012-02-10,1.038322358605049
2012-02-13,1.0460500925060179
2012-02-14,1.0447361091769947
2012-02-15,1.0398681043229157
2012-02-16,1.0513816221377843
2012-02-17,1.0541647601806354
2012-02-21,1.0546282849583224
2012-02-22,1.0512274454413433
2012-02-23,1.055864682594943
2012-02-24,1.0581833011717428
2012-02-27,1.0599598145900888
2012-02-28,1.063051306025822
2012-02-29,1.0588785883382736
2012-03-01,1.0643652893548452
2012-03-02,1.061119621222671
2012-03-05,1.0567917321503173
2012-03-06,1.0413352696600156
2012-03-07,1.048599478783297
2012-03-08,1.0590327650347147
2012-03-09,1.0631288917182247
2012-03-12,1.0632064774106271
2012-03-13,1.0823711381224261
2012-03-14,1.0812123261782083
2012-03-15,1.0874709053653488
2012-03-16,1.0889778582370142
2012-03-19,1.0932460660075198
2012-03-20,1.0900640579306502
2012-03-21,1.088278592317027
2012-03-22,1.0804394533192752
2012-03-23,1.0839318041657549
2012-03-26,1.0991445680068435
2012-03-27,1.0957298028527662
2012-03-28,1.090296815007858
2012-03-29,1.0884337637018322
2012-03-30,1.0929357232379096
2012-04-02,1.1009300336204666
2012-04-03,1.0964280740843892
2012-04-04,1.085562098394573
2012-04-05,1.085018998547755
2012-04-09,1.0728330713987306
2012-04-10,1.0548252332544212
2012-04-11,1.0633636381721607
2012-04-12,1.0772574452424055
2012-04-13,1.0644498378657967
2012-04-16,1.0637515666341735
2012-04-17,1.07950743032208
2012-04-18,1.0758599080907951
2012-04-19,1.0689517974018738
2012-04-20,1.0707372630154972
2012-04-23,1.0617333439433425
2012-04-24,1.0657697893250044
2012-04-25,1.0803618676268725
2012-04-26,1.087890663855014
2012-04-27,1.0896761294686375
2012-04-30,1.0856396840869755
2012-05-01,1.0923926233910914
2012-05-02,1.0891320349334552
2012-05-03,1.080827381781288
2012-05-04,1.0633636381721607
2012-05-07,1.0641394950961864
2012-05-08,1.0598702926373167
2012-05-09,1.0535838621759803
2012-05-10,1.0557572562516162
2012-05-11,1.0525742534863827
2012-05-14,1.0409314261841764
2012-05-15,1.0349553384924501
2012-05-16,1.030997473491555
2012-05-17,1.0157061292696998
2012-05-18,1.0070135476555193
2012-05-21,1.0243211251914774
2012-05-22,1.0261065908051008
2012-05-23,1.0266506853402828
2012-05-24,1.0286679133427497
2012-05-25,1.025331728569439
2012-05-29,1.0377494181073068
2012-05-30,1.0226918256510233
2012-05-31,1.0204408458829848
2012-06-01,0.9947490401257286
2012-06-04,0.9942835259713131
2012-06-05,1.0018123221994548
2012-06-06,1.0243211251914774
2012-06-07,1.0249428054190621
2012-06-08,1.0330922871864245
2012-06-11,1.0199743370402052
2012-06-12,1.0316957447231783
2012-06-13,1.0250979768038673
2012-06-14,1.0359639524936837
2012-06-15,1.0465593729484552
2012-06-18,1.0485885372112917
2012-06-19,1.0587303797720173
2012-06-20,1.0570145423438837
2012-06-21,1.0332961983010722
2012-06-22,1.0412537052141564
2012-06-25,1.0245578610221417
2012-06-26,1.0297073626832713
2012-06-27,1.038991783874112
2012-06-28,1.0360266178606243
2012-06-29,1.0618517118586746
2012-07-02,1.0650506296377344
2012-07-03,1.0720721348001672
2012-07-05,1.067234965285376
2012-07-06,1.0570921280362862
2012-07-09,1.0557662084468935
2012-07-10,1.0465593729484552
2012-07-11,1.0467155390216245
2012-07-12,1.0416446177412615
2012-07-13,1.0591202976107585
2012-07-16,1.0566236298167784
2012-07-17,1.063879881433147
2012-07-18,1.0717598026538284
2012-07-19,1.074568802594147
2012-07-20,1.064738297491396
2012-07-23,1.053971790637993
2012-07-24,1.044921121212724
2012-07-25,1.0451548729782958
2012-07-26,1.062397795770585
2012-07-27,1.081981220283685
2012-07-30,1.081981220283685
2012-07-31,1.0744126365209778
2012-08-01,1.0734766347703264
2012-08-02,1.0660642170807886
2012-08-03,1.0872083076372172
2012-08-06,1.089314062904092
2012-08-07,1.0947758967115602
2012-08-08,1.0961018163009528
2012-08-09,1.0970378180516043
2012-08-10,1.098833230548869
2012-08-13,1.0982871466369586
2012-08-14,1.0984423180217637
2012-08-15,1.0996906519187537
2012-08-16,1.1078053195933713
2012-08-17,1.1092874052559334
2012-08-20,1.1093659856367
2012-08-21,1.1060109017844708
2012-08-22,1.1064784053156145
2012-08-23,1.0974287305787096
2012-08-24,1.1040603179024011
2012-08-27,1.1042940696679728
2012-08-28,1.1032019018441521
2012-08-29,1.1040603179024011
2012-08-30,1.0961018163009528
2012-08-31,1.1013298983428492
2012-09-04,1.100315316211431
2012-09-05,1.0993783197724152
2012-09-06,1.1216931585334313
2012-09-07,1.1260618298287146
2012-09-10,1.119663994270595
2012-09-11,1.1227843316688881
2012-09-12,1.1265303280482224
2012-09-13,1.1436946704597448
2012-09-14,1.1487655917401076
2012-09-17,1.1448644239759682
2012-09-18,1.1439284222253168
2012-09-19,1.1445520918296297
2012-09-20,1.1446306722103963
2012-09-21,1.1441522271072473
2012-09-24,1.142426442795472
2012-09-25,1.1302693616090078
2012-09-26,1.1239152923389102
2012-09-27,1.1345047446634968
2012-09-28,1.1292488113474048
2012-10-01,1.132229892374719
2012-10-02,1.1334056140211273
2012-10-03,1.1380338989794496
2012-10-04,1.146191338253725
2012-10-05,1.1462699186344916
2012-10-08,1.1423478624147054
2012-10-09,1.1310531760399467
2012-10-10,1.1238367119581434
2012-10-11,1.1244643603159128
2012-10-12,1.1207780452384266
2012-10-15,1.1301122008474744
2012-10-16,1.1415640479837668
2012-10-17,1.1467404062307278
2012-10-18,1.1437603198917778
2012-10-19,1.1246991067698489
2012-10-22,1.1248562675313822
2012-10-23,1.109247617721368
2012-10-24,1.1061103706208844
2012-10-25,1.1093261981021345
2012-10-26,1.1086995444327292
2012-10-31,1.1086995444327292
2012-11-01,1.1203075576421906
2012-11-02,1.1103457536753734
2012-11-05,1.1126206059641515
2012-11-06,1.1213271132154294
2012-11-07,1.095913820200131
2012-11-08,1.082736188752064
2012-11-09,1.0836771639445362
2012-11-12,1.0845405534446058
2012-11-13,1.0807756579863528
2012-11-14,1.0661865637495773
2012-11-15,1.0643821990570355
2012-11-16,1.0696371376847633
2012-11-19,1.0912855352418087
2012-11-20,1.0917570175264089
2012-11-21,1.0937961286728868
2012-11-23,1.1086995444327292
2012-11-26,1.1063461117631845
2012-11-27,1.1006982712316231
2012-11-28,1.1095619392444347
2012-11-29,1.114738297491396
2012-11-30,1.114974038633696
2012-12-03,1.109483358863668
2012-12-04,1.107913740625062
2012-12-05,1.1098752660791373
2012-12-06,1.11364016153739
2012-12-07,1.1170131497801739
2012-12-10,1.1174836373764099
2012-12-11,1.1250920086736824
2012-12-12,1.1256410766506852
2012-12-13,1.118738934091949
2012-12-14,1.1145821314182265
2012-12-17,1.1276811824855273
2012-12-18,1.140230170887461
2012-12-19,1.1317594047784827
2012-12-20,1.1382696401217498
2012-12-21,1.12793681739511
2012-12-24,1.1244613762508204
2012-12-26,1.1197216861957149
2012-12-27,1.1182216961425986
2012-12-28,1.1061352378299878
2012-12-31,1.1249358426005132
2013-01-02,1.1537678795233453
2013-01-03,1.151160801320946
2013-01-04,1.1562168022758468
2013-01-07,1.1530566773429884
2013-01-08,1.1497393916485965
2013-01-09,1.1526617860624264
2013-01-10,1.161824855272843
2013-01-11,1.1617462748920762
2013-01-14,1.1609554976425887
2013-01-15,1.1617462748920762
2013-01-16,1.1615881194421787
2013-01-17,1.169092048461217
2013-01-18,1.171699126663616
2013-01-22,1.178018381840969
2013-01-23,1.1799142578630115
2013-01-24,1.1802305687628065
2013-01-25,1.1868651401515904
2013-01-28,1.185443730479241
2013-01-29,1.1901048401535799
2013-01-30,1.185443730479241
2013-01-31,1.1825213360654105
2013-02-01,1.194686374758788
2013-02-04,1.1812570871545944
2013-02-05,1.1931853900173075
2013-02-06,1.194053752959198
2013-02-07,1.1924741878369507
2013-02-08,1.1991097539140987
2013-02-11,1.1988730180834344
2013-02-12,1.2008474744862434
2013-02-13,1.2018739928780313
2013-02-14,1.20298008633895
2013-02-15,1.2015586766666002
2013-02-19,1.210563590427119
2013-02-20,1.1954761573199117
2013-02-21,1.1882089641315374
2013-02-22,1.1998209560944555
2013-02-25,1.1769918634491812
2013-02-26,1.1850488391986789
2013-02-27,1.199979111544353
2013-02-28,1.1976087691726183
2013-03-01,1.2015586766666002
2013-03-04,1.20795651222472
2013-03-05,1.2187787216265142
2013-03-06,1.2204378618178924
2013-03-07,1.2226490540513657
2013-03-08,1.227863210456164
2013-03-11,1.2325233254421388
2013-03-12,1.2297590864782062
2013-03-13,1.2314968070503511
2013-03-14,1.2380527980583682
2013-03-15,1.2364185250760935
2013-03-18,1.229594962898124
2013-03-19,1.2267382179163269
2013-03-20,1.235307458173354
2013-03-21,1.2247558040066047
2013-03-22,1.234593271927905
2013-03-25,1.2294358127598621
2013-03-26,1.2392752700578908
2013-03-27,1.2392752700578908
2013-03-28,1.2430829371158014
2013-04-01,1.2381642031551514
2013-04-02,1.244274573776036
2013-04-03,1.231657946565341
2013-04-04,1.236656255595122
2013-04-05,1.2311029104581535
2013-04-08,1.2394334255077883
2013-04-09,1.2437185429804842
2013-04-10,1.2589521952772196
2013-04-11,1.2630781626116536
2013-04-12,1.259983687110828
2013-04-15,1.230785604869994
2013-04-16,1.2489555772176577
2013-04-17,1.2307060298008634
2013-04-18,1.2230091312391826
2013-04-19,1.2336413551634273
2013-04-22,1.2391161199196292
2013-04-23,1.2518909025802216
2013-04-24,1.2526846638948017
2013-04-25,1.2577615533053494
2013-04-26,1.255540414188235
2013-04-29,1.2639514989953646
2013-04-30,1.2669663994270595
2013-05-01,1.255857719776394
2013-05-02,1.267521435534247
2013-05-03,1.2803757932639706
2013-05-06,1.2836284242146936
2013-05-07,1.290134680804504
2013-05-08,1.2960053315296316
2013-05-09,1.2923568146099826
2013-05-10,1.2965613623251835
2013-05-13,1.2975918594704279
2013-05-14,1.3110022479957029
2013-05-15,1.3180635406927008
2013-05-16,1.3118745896910498
2013-05-17,1.3245697972825112
2013-05-20,1.3244902222133803
2013-05-21,1.326394055742336
2013-05-22,1.3165555931326713
2013-05-23,1.3127479260747605
2013-05-24,1.3116358644836572
2013-05-28,1.3194919131835994
2013-05-29,1.3109226729265722
2013-05-30,1.3157628265064554
2013-05-31,1.2968786679133428
2013-06-03,1.3040195356794715
2013-06-04,1.2977520042970536
2013-06-05,1.2795820319493902
2013-06-06,1.2911661726381123
2013-06-07,1.307590466906718
2013-06-10,1.307590466906718
2013-06-11,1.2941014980006764
2013-06-12,1.2833906936956652
2013-06-13,1.3029094634650964
2013-06-14,1.2947361091769947
2013-06-17,1.3047337219249207
2013-06-18,1.3150486402610062
2013-06-19,1.2968786679133428
2013-06-20,1.2647442656215806
2013-06-21,1.2688045835239818
2013-06-24,1.2527721964708456
2013-06-25,1.2648158831837983
2013-06-26,1.2773390096882646
2013-06-27,1.2848379652654824
2013-06-28,1.2795720850657488
2013-07-01,1.2870700459546023
2013-07-02,1.2858734358525474
2013-07-03,1.2864314560248271
2013-07-05,1.3003103427696103
2013-07-08,1.307728728589333
2013-07-09,1.3171414645791473
2013-07-10,1.3176199096822965
2013-07-11,1.3355670718363937
2013-07-12,1.3361250920086736
2013-07-15,1.3412298326934171
2013-07-16,1.3362046670778045
2013-07-17,1.3396343525573438
2013-07-18,1.3469731633079354
2013-07-19,1.3493663835120455
2013-07-22,1.351998328923548
2013-07-23,1.349126663616289
2013-07-24,1.3441810730698072
2013-07-25,1.3474516084110846
2013-07-26,1.3488879384088965
2013-07-29,1.3447390932420873
2013-07-30,1.3447390932420873
2013-07-31,1.3456969781367496
2013-08-01,1.3612509200867369
2013-08-02,1.3635635705333518
2013-08-05,1.36156922036326
2013-08-06,1.353832534267014
2013-08-07,1.3494449638928123
2013-08-08,1.3543915491276581
2013-08-09,1.3504824238566056
2013-08-12,1.3488879384088965
2013-08-13,1.3528756440607157
2013-08-14,1.3459357033441421
2013-08-15,1.3271122207412418
2013-08-16,1.32272465036704
2013-08-19,1.3142697992718881
2013-08-20,1.3207303001969481
2013-08-21,1.3125947440666839
2013-08-22,1.3245598503988698
2013-08-23,1.3290260011538384
2013-08-26,1.3240804106073567
2013-08-27,1.302784132731215
2013-08-28,1.3074094336244453
2013-08-29,1.309484353552032
2013-08-30,1.305336503073587
2013-09-03,1.311238983826367
2013-09-04,1.3220870551256292
2013-09-05,1.3237611156424691
2013-09-06,1.324399705572244
2013-09-09,1.337081982214972
2013-09-10,1.3469731633079354
2013-09-11,1.3511995941671473
2013-09-12,1.3476117532377103
2013-09-13,1.3506415739948674
2013-09-16,1.3584588298486084
2013-09-17,1.3645214554280143
2013-09-18,1.3803141225853939
2013-09-19,1.3780004774504147
2013-09-20,1.368366920643762
2013-09-23,1.3620347345176755
2013-09-24,1.3588278592317025
2013-09-25,1.3549008295700957
2013-09-26,1.3601110072214375
2013-09-27,1.3538593908528458
2013-09-30,1.346645910836135
2013-10-01,1.3573059860345753
2013-10-02,1.3560228380448405
2013-10-03,1.343519605307657
2013-10-04,1.353698251337856
2013-10-07,1.3419967374221655
2013-10-08,1.32636620446814
2013-10-09,1.3273280681162591
2013-10-10,1.3559432629757096
2013-10-11,1.364680605566276
2013-10-14,1.3701295084250102
2013-10-15,1.3601915769789323
2013-10-16,1.3791881353571926
2013-10-17,1.388404917739272
2013-10-18,1.3977828396363419
2013-10-21,1.397863409393837
2013-10-22,1.4059581833011716
2013-10-23,1.3992251377643383
2013-10-24,1.4038743111783079
2013-10-25,1.4102870670618894
2013-10-28,1.412531084011379
2013-10-29,1.4200658483697057
2013-10-30,1.4130115184912566
2013-10-31,1.4090039190721548
2013-11-01,1.4123709391847532
2013-11-04,1.4173404022519744
2013-11-05,1.4128513736646309
2013-11-06,1.4200658483697057
2013-11-07,1.4021107287086956
2013-11-08,1.4210267173294606
2013-11-11,1.4212674319135816
2013-11-12,1.4183818409692242
2013-11-13,1.429764059920027
2013-11-14,1.4368979648676068
2013-11-15,1.4431495812361985
2013-11-18,1.4381005430998468
2013-11-19,1.4349732428830047
2013-11-20,1.4304852089840252
2013-11-21,1.4420265780730896
2013-11-22,1.4492410527781645
2013-11-25,1.4477977599618037
2013-11-26,1.4481986193725505
2013-11-27,1.451725784311775
2013-11-29,1.450763920663656
2013-12-02,1.4469960411403107
2013-12-03,1.440745419460083
2013-12-04,1.440584279945093
2013-12-05,1.4342520938190064
2013-12-06,1.4502834861837783
2013-12-09,1.4539698012612645
2013-12-10,1.448760618298287
2013-12-11,1.4324895060377583
2013-12-12,1.427760757554658
2013-12-13,1.4275996180396682
2013-12-16,1.4364961107684961
2013-12-17,1.431928501800386
2013-12-18,1.4563739630373802
2013-12-19,1.4546919450136273
2013-12-20,1.463152764238964
2013-12-23,1.4709700200927047
2013-12-24,1.474193805080868
2013-12-26,1.481687787216265
2013-12-27,1.48160721745877
2013-12-30,1.4813665028746492
2013-12-31,1.4883770664650764
2014-01-02,1.474113235323373
2014-01-03,1.4738715260508883
2014-01-06,1.4696003342152903
2014-01-07,1.4786251417430918
2014-01-08,1.478947420773072
2014-01-09,1.4799152525513757
2014-01-10,1.4839437404261244
2014-01-13,1.4642011657747627
2014-01-14,1.4801569618238604
2014-01-15,1.4881363518809558
2014-01-16,1.486201683012712
2014-01-17,1.4799152525513757
2014-01-21,1.4842660194561044
2014-01-22,1.4852348459227722
2014-01-23,1.4730658284759384
2014-01-24,1.4416356655459843
2014-01-27,1.434544532198062
2014-01-28,1.4430869158692579
2014-01-29,1.4292249388266656
2014-01-30,1.4443750373008135
2014-01-31,1.435914218075477
2014-02-03,1.4035987825014422
2014-02-04,1.4134302822925577
2014-02-05,1.411656752939304
2014-02-06,1.4302733403624643
2014-02-07,1.4480026657648157
2014-02-10,1.4506624624505142
2014-02-11,1.466537688742117
2014-02-12,1.467262816559572
2014-02-13,1.474838363140828
2014-02-14,1.4829778980245487
2014-02-18,1.4847504326894383
2014-02-19,1.474918932898323
2014-02-20,1.4836224560845088
2014-02-21,1.48192949648875
2014-02-24,1.490149601129966
2014-02-25,1.489585612827501
2014-02-26,1.4896661825849962
2014-02-27,1.497483438438737
2014-02-28,1.501271211729365
2014-03-03,1.4907135894324308
2014-03-04,1.5116666998229453
2014-03-05,1.5130363857003601
2014-03-06,1.5165018799610082
2014-03-07,1.5171464380209678
2014-03-10,1.5163407404460183
2014-03-11,1.5088467583106213
2014-03-12,1.509249607098096
2014-03-13,1.4923249845823303
2014-03-14,1.4881363518809558
2014-03-17,1.501593490759345
2014-03-18,1.5123122525712693
2014-03-19,1.5042532874450434
2014-03-20,1.5130363857003601
2014-03-21,1.5071687190403247
2014-03-24,1.5009360017506517
2014-03-25,1.5080579704378616
2014-03-26,1.4972128832036922
2014-03-27,1.494055742335926
2014-03-28,1.5014224043607136
2014-03-31,1.5137247100483417
2014-04-01,1.5237621103308332
2014-04-02,1.528861877573756
2014-04-03,1.5268376867527402
2014-04-04,1.5087870770087732
2014-04-07,1.4921131159607695
2014-04-08,1.4982642688045833
2014-04-09,1.514372252173394
2014-04-10,1.482561123599976
2014-04-11,1.4692054429347283
2014-04-14,1.4807816261165376
2014-04-15,1.490979171225655
2014-04-16,1.5066017466727673
2014-04-17,1.508706507251278
2014-04-21,1.5139674140091908
2014-04-22,1.520847673423916
2014-04-23,1.517285694391947
2014-04-24,1.520362265502218
2014-04-25,1.5078968309228717
2014-04-28,1.5126733244474504
2014-04-29,1.5197147233771657
2014-04-30,1.5242475182525312
2014-05-01,1.5244096524558854
2014-05-02,1.52222432211988
2014-05-05,1.5251377643384327
2014-05-06,1.51186265343068
2014-05-07,1.5207671036664212
2014-05-08,1.5191477510096085
2014-05-09,1.5214146457914735
2014-05-12,1.5362265502218155
2014-05-13,1.537603198917779
2014-05-14,1.5303181013388503
2014-05-15,1.516881850916108
2014-05-16,1.5221427576740205
2014-05-19,1.5277289275270056
2014-05-20,1.5180963654087172
2014-05-21,1.5308850737064077
2014-05-22,1.534608192253367
2014-05-23,1.540760339785545
2014-05-27,1.5502307677004794
2014-05-28,1.5490968229653648
2014-05-29,1.5571100324268405
2014-05-30,1.5596196311695545
2014-06-02,1.5614001233413572
2014-06-03,1.560591441701315
2014-06-04,1.5637485825690811
2014-06-05,1.5739471223665624
2014-06-06,1.5814739292179758
2014-06-09,1.5830932818747885
2014-06-10,1.5832554160781425
2014-06-11,1.5777518053593809
2014-06-12,1.566581455030139
2014-06-13,1.5713569538663534
2014-06-16,1.572652038116458
2014-06-17,1.5770226987884695
2014-06-18,1.5885978872819144
2014-06-19,1.5903783794537172
2014-06-20,1.5936071378837011
2014-06-23,1.5931197405852746
2014-06-24,1.583521992559731
2014-06-25,1.59067977002805
2014-06-26,1.589540851851115
2014-06-27,1.592631348598484
2014-06-30,1.5918176935166213
2014-07-01,1.602472795273241
2014-07-02,1.6040991107486025
2014-07-03,1.611987984164561
2014-07-07,1.6063759524141084
2014-07-08,1.5960471084409253
2014-07-09,1.6032038912208804
2014-07-10,1.5968607635227883
2014-07-11,1.5990570354307996
2014-07-14,1.6071080430501121
2014-07-15,1.6040991107486025
2014-07-16,1.6100364055941274
2014-07-17,1.591737123759126
2014-07-18,1.6080032625778342
2014-07-21,1.6049933355879602
2014-07-22,1.611987984164561
2014-07-23,1.6155668728987207
2014-07-24,1.61564843734458
2014-07-25,1.6080838323353293
2014-07-28,1.6087343585254736
2014-07-29,1.601822269083096
2014-07-30,1.6020659677323092
2014-07-31,1.570427914934251
2014-08-01,1.5656295382656613
2014-08-04,1.5769341715240615
2014-08-05,1.5616448166789345
2014-08-06,1.5621322139773608
2014-08-07,1.5536723894403883
2014-08-08,1.571647402868681
2014-08-11,1.576202080888058
2014-08-12,1.5740058089800464
2014-08-13,1.584660910736666
2014-08-14,1.5921439513000577
2014-08-15,1.5918176935166213
2014-08-18,1.6051564644796785
2014-08-19,1.6135337298824277
2014-08-20,1.617843714564227
2014-08-21,1.6225615214753217
2014-08-22,1.6200409811606022
2014-08-25,1.6282541229832692
2014-08-26,1.6293114767143453
2014-08-27,1.6286609505242007
2014-08-28,1.627766725684843
2014-08-29,1.6324029681500785
2014-09-02,1.6315893130682158
2014-09-03,1.6306940935404937
2014-09-04,1.6283356874291284
2014-09-05,1.6356555991008015
2014-09-08,1.6314271788648615
2014-09-09,1.6210973402033142
2014-09-10,1.6271967692521934
2014-09-11,1.6290677780651321
2014-09-12,1.6195515944854475
2014-09-15,1.6183321065510174
2014-09-16,1.6305309646487753
2014-09-17,1.6327282312451508
2014-09-18,1.6414297650546081
2014-09-19,1.639951658145503
2014-09-22,1.6272852965166011
2014-09-23,1.6179710346748364
2014-09-24,1.6306364016153738
2014-09-25,1.604324905007261
2014-09-26,1.6170718363936576
2014-09-29,1.6141305429009092
2014-09-30,1.6098812342093223
2014-10-01,1.588064734318738
2014-10-02,1.5883094276563152
2014-10-03,1.6057950544094535
2014-10-06,1.6039160880896013
2014-10-07,1.5791573000179042
2014-10-08,1.606776811824855
2014-10-09,1.5749089860146814
2014-10-10,1.5569319832096602
2014-10-13,1.5313565559910078
2014-10-14,1.5337259036743787
2014-10-15,1.523348319971353
2014-10-16,1.5220412994608787
2014-10-17,1.5400183022659
2014-10-20,1.554971452443949
2014-10-21,1.585775956392862
2014-10-22,1.5745001690970217
2014-10-23,1.5928034296854794
2014-10-24,1.6050599797083573
2014-10-27,1.6028537609167046
2014-10-28,1.6212395806393856
2014-10-29,1.6187876738217915
2014-10-30,1.6291652575248172
2014-10-31,1.6477947758967115
2014-11-03,1.6486939741778899
2014-11-04,1.6429745160841107
2014-11-05,1.6533511050987724
2014-11-06,1.6599707561620942
2014-11-07,1.66152346469851
2014-11-10,1.6667525414287703
2014-11-11,1.668386814411045
2014-11-12,1.6665894125370522
2014-11-13,1.668469373545268
2014-11-14,1.6688771957745636
2014-11-17,1.6699395229474605
2014-11-18,1.6795810372610258
2014-11-19,1.6768854317942188
2014-11-20,1.6798267252869676
2014-11-21,1.688814729345296
2014-11-24,1.693554419400402
2014-11-25,1.6923289633357868
2014-11-26,1.6966588417848687
2014-11-28,1.6930630433485188
2014-12-01,1.68129687468916
2014-12-02,1.6921648397557045
2014-12-03,1.698701931684803
2014-12-04,1.6968229653649511
2014-12-05,1.6996011299659817
2014-12-08,1.688242783535918
2014-12-09,1.6870988919171623
2014-12-10,1.6600523206079534
2014-12-11,1.668469373545268
2014-12-12,1.6415033719935543
2014-12-15,1.6302275846977141
2014-12-16,1.617153400839517
2014-12-17,1.6488580977579723
2014-12-18,1.6896323631806154
2014-12-19,1.696820975988223
2014-12-22,1.704626295581594
2014-12-23,1.7069270097678395
2014-12-24,1.707091133347922
2014-12-26,1.7125957387550481
2014-12-29,1.7148964529412933
2014-12-30,1.7056945908846757
2014-12-31,1.6887689736805456
2015-01-02,1.687865796645911
2015-01-05,1.6573825770386137
2015-01-06,1.641772932540235
2015-01-07,1.6622306881254103
2015-01-08,1.6917271768754847
2015-01-09,1.6781705691606819
2015-01-12,1.665024767740267
2015-01-13,1.660341774921917
2015-01-14,1.6503163108997951
2015-01-15,1.6351990371416634
2015-01-16,1.656643523584061
2015-01-20,1.6601766566534704
2015-01-21,1.6685569061213121
2015-01-22,1.6933694073646726
2015-01-23,1.6840859808621957
2015-01-26,1.6880289255376288
2015-01-27,1.6657628265064555
2015-01-28,1.644400899198281
2015-01-29,1.659601726779
2015-01-30,1.6387321702110729
2015-02-02,1.6590258022161655
2015-02-03,1.6830176855591144
2015-02-04,1.676608908428989
2015-02-05,1.6935345256331191
2015-02-06,1.688850538126405
2015-02-09,1.681291901247339
2015-02-10,1.6992042493086914
2015-02-11,1.7001899854775497
2015-02-12,1.7165396781188453
2015-02-13,1.7236059442576641
2015-02-17,1.7263174647382973
2015-02-18,1.7264815883183797
2015-02-19,1.725249169435216
2015-02-20,1.7356018859291382
2015-02-23,1.7353552032148327
2015-02-24,1.7402848787474883
2015-02-25,1.7388057771500187
2015-02-26,1.736751745678079
2015-02-27,1.7308363339765651
2015-03-02,1.7417649750333217
2015-03-03,1.7346151550719158
2015-03-04,1.7273032009071558
2015-03-05,1.7291931087990133
2015-03-06,1.7048729782958996
2015-03-09,1.7119392444347186
2015-03-10,1.684168539996419
2015-03-11,1.6802246006326218
2015-03-12,1.701586527940796
2015-03-13,1.6911512523126504
2015-03-16,1.7137465931923528
2015-03-17,1.7086527940796148
2015-03-18,1.7291931087990133
2015-03-19,1.7213052300714184
2015-03-20,1.7364990948335886
2015-03-23,1.7331151650187995
2015-03-24,1.723377165933913
2015-03-25,1.6981230230568762
2015-03-26,1.6940796148566653
2015-03-27,1.6979579047884295
2015-03-30,1.718673284659916
2015-03-31,1.7036524956731056
2015-04-01,1.6976276682515365
2015-04-02,1.7037350548073287
2015-04-06,1.7152067957109036
2015-04-07,1.710667038016989
2015-04-08,1.7164441880358883
2015-04-09,1.7240366443193347
2015-04-10,1.7334454015556924
2015-04-13,1.7256062625579405
2015-04-14,1.728906638550142
2015-04-15,1.736664213102035
2015-04-16,1.7361698529850595
2015-04-17,1.7161965106332187
2015-04-20,1.7318777726938148
2015-04-21,1.729814789026598
2015-04-22,1.738314401098136
2015-04-23,1.742689040523604
2015-04-24,1.7467324487238147
2015-04-27,1.7394702289772612
2015-04-28,1.7449997015934908
2015-04-29,1.7378200409811606
2015-04-30,1.72040603179024
2015-05-01,1.7390584279945092
2015-05-04,1.7440099866711758
2015-05-05,1.7240366443193347
2015-05-06,1.716939542841228
2015-05-07,1.7237889669166648
2015-05-08,1.7464847713211449
2015-05-11,1.7381492828296894
2015-05-12,1.7329500467503531
2015-05-13,1.733280283287246
2015-05-14,1.7513547655519524
2015-05-15,1.7532526309507233
2015-05-18,1.7586995444327291
2015-05-19,1.7581216304931664
2015-05-20,1.7568842381681817
2015-05-21,1.7620009151132947
2015-05-22,1.7577913939562735
2015-05-26,1.7388923150376987
2015-05-27,1.7553981737521633
2015-05-28,1.7534177492191694
2015-05-29,1.7425239222551572
2015-06-01,1.746072970338393
2015-06-02,1.7443392285197046
2015-06-03,1.7489615453478422
2015-06-04,1.7341884337637017
2015-06-05,1.731217299620029
2015-06-08,1.7205711500586864
2015-06-09,1.7203234726560166
2015-06-10,1.7409562933932796
2015-06-11,1.7465673304553684
2015-06-12,1.7331987188413869
2015-06-15,1.725770386138023
2015-06-16,1.7351781486860165
2015-06-17,1.737985159249607
2015-06-18,1.7560586468259494
2015-06-19,1.7482632741162192
2015-06-22,1.7572204428352598
2015-06-23,1.7584638032904292
2015-06-24,1.745692004694929
2015-06-25,1.740384347583902
2015-06-26,1.7400531163586448
2015-06-29,1.7035629737203333
2015-06-30,1.707129926194123
2015-07-01,1.7208128593311716
2015-07-02,1.7192372729623808
2015-07-06,1.7143444008991982
2015-07-07,1.725125828078063
2015-07-08,1.6961823860584477
2015-07-09,1.699250999661806
2015-07-10,1.720647741062725
2015-07-13,1.7396383313108001
2015-07-14,1.7471850319294964
2015-07-15,1.7466041339248413
2015-07-16,1.7606202876638746
2015-07-17,1.762112320210078
2015-07-20,1.7630244494399903
2015-07-21,1.7560586468259494
2015-07-22,1.752907474088368
2015-07-23,1.7430381761394154
2015-07-24,1.7249597151212523
2015-07-27,1.7149252989038533
2015-07-28,1.7359898143911512
2015-07-29,1.7479310482025978
2015-07-30,1.7483458332504427
2015-07-31,1.745692004694929
2015-08-03,1.7398044442676108
2015-08-04,1.7364045994389956
2015-08-05,1.742126046909503
2015-08-06,1.7278622157677999
2015-08-07,1.724544930073408
2015-08-10,1.746272902699584
2015-08-11,1.7305160443233132
2015-08-12,1.7325889748741718
2015-08-13,1.7304334851890901
2015-08-14,1.7367358306642529
2015-08-17,1.746439015656395
2015-08-18,1.7413800306364016
2015-08-19,1.727613543676766
2015-08-20,1.691538186086299
2015-08-21,1.6406190940378378
2015-08-24,1.5715379871486261
2015-08-25,1.5530447410826187
2015-08-26,1.6126713350707222
2015-08-27,1.6525613225376488
2015-08-28,1.652643881671872
2015-08-31,1.639292179760081
2015-09-01,1.590362464439891
2015-09-02,1.6205492669146755
2015-09-03,1.6217100682356218
2015-09-04,1.5971641434738495
2015-09-08,1.6373018083434459
2015-09-09,1.615407722760459
2015-09-10,1.6241987785226888
2015-09-11,1.6315793661845743
2015-09-14,1.6255256928004456
2015-09-15,1.6458431973262775
2015-09-16,1.660108023156345
2015-09-17,1.6563759524141084
2015-09-18,1.629308492649253
2015-09-21,1.6377285296516602
2015-09-22,1.6164710446217199
2015-09-23,1.6138868442516958
2015-09-24,1.6080510076193129
2015-09-25,1.6076342331947402
2015-09-28,1.567286689080311
2015-09-29,1.5682037917520442
2015-09-30,1.5974645393598186
2015-10-01,1.601632283605546
2015-10-02,1.6255575228280978
2015-10-05,1.6544840551455227
2015-10-06,1.6488143314699504
2015-10-07,1.6623202100781824
2015-10-08,1.6773240893628025
2015-10-09,1.6783247458571229
2015-10-12,1.6799082897328266
2015-10-13,1.6693218214733323
2015-10-14,1.661319553583862
2015-10-15,1.6868283366821173
2015-10-16,1.6944973839696023
2015-10-19,1.6953309328187478
2015-10-20,1.6931635068732964
2015-10-21,1.6826595977480254
2015-10-22,1.7110858018182902
2015-10-23,1.7298426403007936
2015-10-26,1.7255913422324785
2015-10-27,1.7222571468358963
2015-10-28,1.741846539479181
2015-10-29,1.7408468776732249
2015-10-30,1.7333439433425506
2015-11-02,1.7538504386575684
2015-11-03,1.7589362802633932
2015-11-04,1.7536007718781705
2015-11-05,1.7518501203572918
2015-11-06,1.750933017685559
2015-11-09,1.734593271927905
2015-11-10,1.7385958979051863
2015-11-11,1.731760399466847
2015-11-12,1.7075854934648973
2015-11-13,1.688411880557821
2015-11-16,1.714086776612887
2015-11-17,1.7128364533391687
2015-11-18,1.7400133288240793
2015-11-19,1.7385123440825987
2015-11-20,1.744847514273778
2015-11-23,1.7428471959735012
2015-11-24,1.7451817295641274
2015-11-25,1.7449310680963654
2015-11-27,1.7469313863966418
2015-11-30,1.7396791135337297
2015-12-01,1.7562685260707818
2015-12-02,1.7383452364374241
2015-12-03,1.7140032227902995
2015-12-04,1.7474317146438019
2015-12-07,1.7368452463843076
2015-12-08,1.7251745678079058
2015-12-09,1.7117532377106253
2015-12-10,1.7161716434241152
2015-12-11,1.6829102592157874
2015-12-14,1.691412855352418
2015-12-15,1.709169037340601
2015-12-16,1.7341774921916961
2015-12-17,1.7077516064217078
2015-12-18,1.677328068116259
2015-12-21,1.691164183261384
2015-12-22,1.7065102353432668
2015-12-23,1.7276433843276902
2015-12-24,1.7247916127877136
2015-12-28,1.7208506574890086
2015-12-29,1.7392145940676784
2015-12-30,1.7268874211709468
2015-12-31,1.7096136630393697
2016-01-04,1.6857142857142855
2016-01-05,1.688565062565898
2016-01-06,1.6672648059363002
2016-01-07,1.6272654027493183
2016-01-08,1.6094027891061728
2016-01-11,1.6109962798655182
2016-01-12,1.623993872719677
2016-01-13,1.5834911572204429
2016-01-14,1.6094873376171244
2016-01-15,1.5749368372888772
2016-01-19,1.577033640360475
2016-01-20,1.5568235621779696
2016-01-21,1.5655449897547098
2016-01-22,1.5976634770326454
2016-01-25,1.573511448863071
2016-01-26,1.594978813137844
2016-01-27,1.577620506495315
2016-01-28,1.5858386217598026
2016-01-29,1.6244971850319296
2016-02-01,1.6239103188970894
2016-02-02,1.5946445978474943
2016-02-03,1.6042035530268364
2016-02-04,1.6067201145880994
2016-02-05,1.5761115642469212
2016-02-08,1.5548948614399107
2016-02-09,1.5549784152624984
2016-02-10,1.5536375753476435
2016-02-11,1.533427497165138
2016-02-12,1.5650416774424571
2016-02-16,1.5914576163288041
2016-02-17,1.6174537967254858
2016-02-18,1.6108281775319793
2016-02-19,1.6100742037519644
2016-02-22,1.6333867149422086
2016-02-23,1.6127568782700379
2016-02-24,1.6201364712435595
2016-02-25,1.6397596832912247
2016-02-26,1.6359858356376944
2016-02-29,1.6231553504287106
2016-03-01,1.661310601388585
2016-03-02,1.6687747428730577
2016-03-03,1.6753158135556128
2016-03-04,1.6807667057910756
2016-03-07,1.6821075457059302
2016-03-08,1.663742614438896
2016-03-09,1.671961724391748
2016-03-10,1.6733025643066028
2016-03-11,1.7003053693277896
2016-03-14,1.6981250124336045
2016-03-15,1.6953567947162154
2016-03-16,1.705168400740048
2016-03-17,1.7159866313883858
2016-03-18,1.7227296238088607
2016-03-21,1.7251735731195417
2016-03-22,1.7242465235641673
2016-03-23,1.712867288678457
2016-03-24,1.7121093361449857
2016-03-28,1.7131209342113114
2016-03-29,1.7289673145403543
2016-03-30,1.7365538026936158
2016-03-31,1.7323393080947738
2016-04-01,1.7441392961585136
2016-04-04,1.738491455626952
2016-04-05,1.7211281755426024
2016-04-06,1.7399257962480352
2016-04-07,1.7191059740983148
2016-04-08,1.7237412218751864
2016-04-11,1.719694829609883
2016-04-12,1.7357103069608288
2016-04-13,1.7532426840670818
2016-04-14,1.753326237889669
2016-04-15,1.7513885849563329
2016-04-18,1.7636948693974175
2016-04-19,1.7692581614180276
2016-04-20,1.7709441581952372
2016-04-21,1.7614190224202757
2016-04-22,1.7614190224202757
2016-04-25,1.7583852229096624
2016-04-26,1.7609972745538822
2016-04-27,1.764622913641156
2016-04-28,1.7486074362902102
2016-04-29,1.7391658543378359
2016-05-02,1.7529900332225912
2016-05-03,1.7377335030934808
2016-05-04,1.72804026498498
2016-05-05,1.7277030656295382
2016-05-06,1.7340243101836192
2016-05-09,1.7354576561163386
2016-05-10,1.7570354307995304
2016-05-11,1.740599200270555
2016-05-12,1.7411054966479
2016-05-13,1.7259325203413771
2016-05-16,1.7429595957586486
2016-05-17,1.7266914675632121
2016-05-18,1.7271967692521932
2016-05-19,1.721212724053554
2016-05-20,1.7320856625619192
2016-05-23,1.7297262617621898
2016-05-24,1.7521475321781683
2016-05-25,1.7640320687528597
2016-05-26,1.7645373704418403
2016-05-27,1.7721238585951022
2016-05-31,1.7687528597290467
2016-06-01,1.7723765094395925
2016-06-02,1.7777716991266634
2016-06-03,1.772461057950544
2016-06-06,1.7814798973481607
2016-06-07,1.7842620407026477
2016-06-08,1.790077983567748
2016-06-09,1.7876340342570671
2016-06-10,1.7706905126623829
2016-06-13,1.7570354307995304
2016-06-14,1.7535798834225236
2016-06-15,1.7511359341118427
2016-06-16,1.7563620267770106
2016-06-17,1.7498209560944555
2016-06-20,1.7610897805717467
2016-06-21,1.7660890842898918
2016-06-22,1.7632084667873555
2016-06-23,1.7861688582966955
2016-06-24,1.7220293632005093
2016-06-27,1.6911880557821233
2016-06-28,1.721690174468339
2016-06-29,1.7510066246245048
2016-06-30,1.7749000338194043
2016-07-01,1.7786291204965483
2016-07-05,1.765834444068673
2016-07-06,1.776425885769988
2016-07-07,1.775323771062526
2016-07-08,1.8017596037161556
2016-07-11,1.8081136729862535
2016-07-12,1.8212465434579344
2016-07-13,1.8209928979250798
2016-07-14,1.831159607694909
2016-07-15,1.8287027274354943
2016-07-18,1.833617482642688
2016-07-19,1.8317534366482982
2016-07-20,1.8393797123361249
2016-07-21,1.8324318141126383
2016-07-22,1.8406499293771261
2016-07-25,1.8356506256589809
2016-07-26,1.8364981001452245
2016-07-27,1.8345495056398828
2016-07-28,1.8366681918554917
2016-07-29,1.8396333578689794
2016-08-01,1.8381085006067597
2016-08-02,1.8263313903753953
2016-08-03,1.8316688881373466
2016-08-04,1.833617482642688
2016-08-05,1.8486143991087591
2016-08-08,1.8475132790896611
2016-08-09,1.8486143991087591
2016-08-10,1.8440388326337358
2016-08-11,1.8525971313187577
2016-08-12,1.8509867308572223
2016-08-15,1.8563242286191737
2016-08-16,1.8467503531143692
2016-08-17,1.8502247995702945
2016-08-18,1.854375634113832
2016-08-19,1.8516641136331986
2016-08-22,1.851579565122247
2016-08-23,1.855307657111027
2016-08-24,1.8458183301171742
2016-08-25,1.8445471183878088
2016-08-26,1.8410736666202476
2016-08-29,1.850140251059343
2016-08-30,1.8470895418465394
2016-08-31,1.8418355979071757
2016-09-01,1.8419211411064913
2016-09-02,1.8502247995702945
2016-09-06,1.8558159428651002
2016-09-07,1.8556468458431972
2016-09-08,1.8514104681003443
2016-09-09,1.8070971014781068
2016-09-12,1.8330236536892992
2016-09-13,1.8066733642349853
2016-09-14,1.8059959814590087
2016-09-15,1.8240426124495195
2016-09-16,1.8169922613245268
2016-09-19,1.8173324447450612
2016-09-20,1.8174179879443768
2016-09-21,1.8378558497622692
2016-09-22,1.8494370063858991
2016-09-23,1.8393031213320865
2016-09-26,1.8244007002606082
2016-09-27,1.835726221974655
2016-09-28,1.8448385620785006
2016-09-29,1.8281476913283068
2016-09-30,1.8419430242505022
2016-10-03,1.8375146716533708
2016-10-04,1.8281476913283068
2016-10-05,1.836237491793821
2016-10-06,1.8375146716533708
2016-10-07,1.8312133208665724
2016-10-10,1.8407503929019036
2016-10-11,1.8175025364553283
2016-10-12,1.8198868044641612
2016-10-13,1.8139266317862612
2016-10-14,1.8148626335369127
2016-10-17,1.8085612827501143
2016-10-18,1.8198868044641612
2016-10-19,1.8247418783695066
2016-10-20,1.8213350707223426
2016-10-21,1.8221865239620425
2016-10-24,1.8299361410070223
2016-10-25,1.823804881930491
2016-10-26,1.820142439373744
2016-10-27,1.815289354845127
2016-10-28,1.8099240058089798
2016-10-31,1.8100085543199314
2016-11-01,1.7968945829271687
2016-11-02,1.7860803310322875
2016-11-03,1.7779049873674577
2016-11-04,1.7759464459784748
2016-11-07,1.8151182684464955
2016-11-08,1.8232936121113255
2016-11-09,1.842624385779935
2016-11-10,1.8472228300873335
2016-11-11,1.8429655638888334
2016-11-14,1.8444118407702865
2016-11-15,1.8588039867109631
2016-11-16,1.8553126305528476
2016-11-17,1.864849702588179
2016-11-18,1.8606779795889945
2016-11-21,1.874728947420773
2016-11-22,1.8783903952891556
2016-11-23,1.879411940239123
2016-11-25,1.8863956472437182
2016-11-28,1.8775389420494557
2016-11-29,1.8812003899178384
2016-11-30,1.8766874888097558
2016-12-01,1.869789325004476
2016-12-02,1.8707263214434915
2016-12-05,1.8819662999582232
2016-12-06,1.8879274673244872
2016-12-07,1.9126225953408797
2016-12-08,1.9173065828475937
2016-12-09,1.9288877394712236
2016-12-12,1.926674557861022
2016-12-13,1.9395328943442018
2016-12-14,1.9235233851234408
2016-12-15,1.9314430938786877
2016-12-16,1.927665267471701
2016-12-19,1.9318628523683528
2016-12-20,1.939315057592456
2016-12-21,1.9339178785286568
2016-12-22,1.9305777150018897
2016-12-23,1.9334046193327628
2016-12-27,1.9382010066246242
2016-12-28,1.922182545208586
2016-12-29,1.9217548292120077
2016-12-30,1.9147303399844826
2017-01-03,1.9293791155231064
2017-01-04,1.940856824556866
2017-01-05,1.939315057592456
2017-01-06,1.9462530089323014
2017-01-09,1.9398293114767142
2017-01-10,1.9398293114767142
2017-01-11,1.945311039051465
2017-01-12,1.940429108560288
2017-01-13,1.944883323054887
2017-01-17,1.938029920225993
2017-01-18,1.9423130483219606
2017-01-19,1.9351174726958043
2017-01-20,1.9422275051226447
2017-01-23,1.9371734935444724
2017-01-24,1.9495941671474324
2017-01-25,1.9664690552449917
2017-01-26,1.9644130343963235
2017-01-27,1.9613304951558674
2017-01-30,1.9491654564624903
2017-01-31,1.948994370063859
2017-02-01,1.949765253546064
2017-02-02,1.951050390912527
2017-02-03,1.9644985775956392
2017-02-06,1.9609863329818766
2017-02-07,1.9610718761811925
2017-02-08,1.9636421509141184
2017-02-09,1.9752919410348737
2017-02-10,1.9830863190562396
2017-02-13,1.9938796824954739
2017-02-14,2.0018461416038353
2017-02-15,2.0122963375574434
2017-02-16,2.010583484194402
2017-02-17,2.0137525613225375
2017-02-21,2.0257445242405554
2017-02-22,2.0239461276781983
2017-02-23,2.025315813555613
2017-02-24,2.0278860882885392
2017-02-27,2.031055165416675
2017-02-28,2.025573437841924
2017-03-01,2.053927029661607
2017-03-02,2.0409921021743886
2017-03-03,2.0422772395408515
2017-03-06,2.036194720194163
2017-03-07,2.0301131955358387
2017-03-08,2.026344321324129
2017-03-09,2.028914596057055
2017-03-10,2.0360236337955318
2017-03-13,2.0370511468756836
2017-03-14,2.0292567688543177
2017-03-15,2.046816997234766
2017-03-16,2.042790498736746
2017-03-17,2.0392026578073086
2017-03-20,2.036966598364732
2017-03-21,2.010813257206517
2017-03-22,2.0155449897547095
2017-03-23,2.0133934788230845
2017-03-24,2.0119312869278057
2017-03-27,2.00986631388386
2017-03-28,2.024492211590109
2017-03-29,2.0263841088586942
2017-03-30,2.0328366522768415
2017-03-31,2.0281049197286487
2017-04-03,2.0245777547894246
2017-04-04,2.025868860286072
2017-04-05,2.0198460222412318
2017-04-06,2.0255246981120814
2017-04-07,2.023459725068136
2017-04-10,2.024664292677104
2017-04-11,2.022255157459168
2017-04-12,2.0133934788230845
2017-04-13,2.000317305588159
2017-04-17,2.0180396681719617
2017-04-18,2.012017824815485
2017-04-19,2.008317584100901
2017-04-20,2.024664292677104
2017-04-21,2.018211749258957
2017-04-24,2.0404082201046414
2017-04-25,2.0522798257305985
2017-04-26,2.0509897149223146
2017-04-27,2.052710525792269
2017-04-28,2.0482364175303873
2017-05-01,2.0533988501402507
2017-05-02,2.0541737123759125
2017-05-03,2.051677044581932
2017-05-04,2.0540861797998686
2017-05-05,2.0621739908886547
2017-05-08,2.0618298287146635
2017-05-09,2.0599369367577136
2017-05-10,2.0636361827839336
2017-05-11,2.0594206934967274
2017-05-12,2.0559790717568185
2017-05-15,2.0673354288101535
2017-05-16,2.0654425368532037
2017-05-17,2.0287932440766308
2017-05-18,2.036966598364732
2017-05-19,2.0502148526866533
2017-05-22,2.0606252611056957
2017-05-23,2.0651849125668926
2017-05-24,2.070002188314401
2017-05-25,2.079896353472457
2017-05-26,2.0794666480991504
2017-05-30,2.077659299341516
2017-05-31,2.07714305608053
2017-06-01,2.0936608510553643
2017-06-02,2.1006296377344977
2017-06-05,2.0990809079515387
2017-06-06,2.0923707402470804
2017-06-07,2.09624306204866
2017-06-08,2.0972745538822686
2017-06-09,2.094091551117035
2017-06-12,2.0936608510553643
2017-06-13,2.103899178387411
2017-06-14,2.1012324188831637
2017-06-15,2.097188015994589
2017-06-16,2.097646567330455
2017-06-19,2.1151093162512185
2017-06-20,2.1008454851095153
2017-06-21,2.1003272524718004
2017-06-22,2.099375335707323
2017-06-23,2.1018829450733083
2017-06-26,2.1032655618994567
2017-06-27,2.0863220403047724
2017-06-28,2.1049953249646887
2017-06-29,2.086495116080132
2017-06-30,2.090385342272266
2017-07-03,2.0939294169136806
2017-07-05,2.0987705651819284
2017-07-06,2.0795790478842977
2017-07-07,2.093065032725247
2017-07-10,2.0953120337398294
2017-07-11,2.093756341138321
2017-07-12,2.109490321682217
2017-07-13,2.113035391011996
2017-07-14,2.1228907633238503
2017-07-17,2.122631149660811
2017-07-18,2.1237551475122842
2017-07-19,2.135252750313327
2017-07-20,2.13620367238944
2017-07-21,2.1343018282372133
2017-07-24,2.1337835955994984
2017-07-25,2.138969900730101
2017-07-26,2.139056438617781
2017-07-27,2.137068056577874
2017-07-28,2.1345614419002525
2017-07-31,2.1333509061610996
2017-08-01,2.1381065112300317
2017-08-02,2.1391429765054606
2017-08-03,2.1349941313386513
2017-08-04,2.1388843575307854
2017-08-07,2.142860126922235
2017-08-08,2.1375872839039527
2017-08-09,2.137500746016273
2017-08-10,2.1073288638669503
2017-08-11,2.11044124375833
2017-08-14,2.131362524121193
2017-08-15,2.131102910458153
2017-08-16,2.134821055563292
2017-08-17,2.1015377882109534
2017-08-18,2.0982523325442135
2017-08-21,2.0998945630334016
2017-08-22,2.121852308671693
2017-08-23,2.1142459267511486
2017-08-24,2.1093182405952215
2017-08-25,2.1142459267511486
2017-08-28,2.1143324646388284
2017-08-29,2.1167525414287702
2017-08-30,2.1267809895159844
2017-08-31,2.13957566594386
2017-09-01,2.14260150794756
2017-09-05,2.1272116895776554
2017-09-06,2.134474904012573
2017-09-07,2.134216285037897
2017-09-08,2.131708675671912
2017-09-11,2.1544452622993213
2017-09-12,2.161707482045875
2017-09-13,2.1627439473213044
2017-09-14,2.16205263890823
2017-09-15,2.1649630970616904
2017-09-18,2.1695675094992737
2017-09-19,2.1717399088865457
2017-09-20,2.1725217339407563
2017-09-21,2.1667008176338354
2017-09-22,2.1671345017605983
2017-09-25,2.162705154475103
2017-09-26,2.164007201543756
2017-09-27,2.1724351960530766
2017-09-28,2.1750412795671115
2017-09-29,2.182686454333857
2017-10-02,2.1921568822487916
2017-10-03,2.1968488272624187
2017-10-04,2.1994549107764536
2017-10-05,2.212486323034993
2017-10-06,2.2099667774086376
2017-10-09,2.2063182604889886
2017-10-10,2.2121391767959095
2017-10-11,2.215614617940199
2017-10-12,2.2123132472596336
2017-10-13,2.2150058686613483
2017-10-16,2.217960093102831
2017-10-17,2.219523743211252
2017-10-18,2.2216961425985238
2017-10-19,2.222303897189011
2017-10-20,2.233771659339129
2017-10-23,2.2250840511667693
2017-10-24,2.228994171126186
2017-10-25,2.217960093102831
2017-10-26,2.2208267849682692
2017-10-27,2.238984821055563
2017-10-30,2.230644359122287
2017-10-31,2.2341198002665763
2017-11-01,2.237073030019695
2017-11-02,2.237942387649949
2017-11-03,2.245413491952971
2017-11-06,2.2488899277856245
2017-11-07,2.2473252829888395
2017-11-08,2.251147870372212
2017-11-09,2.2429814789026596
2017-11-10,2.2422861917361288
2017-11-13,2.2443710585473573
2017-11-14,2.239158891519287
2017-11-15,2.227950743032208
2017-11-16,2.2468915988620766
2017-11-17,2.240288857500945
2017-11-20,2.2441114448843176
2017-11-21,2.258794039827322
2017-11-22,2.256795710903774
2017-11-24,2.2620078779318438
2017-11-27,2.26087890663855
2017-11-28,2.283815425627151
2017-11-29,2.2824248512940892
2017-11-30,2.3024071458412076
2017-12-01,2.2976286629399008
2017-12-04,2.294849503650506
2017-12-05,2.2865955796049096
2017-12-06,2.287029263731673
2017-12-07,2.294240754371655
2017-12-08,2.306751944615752
2017-12-11,2.313701832215967
2017-12-12,2.317785027950743
2017-12-13,2.3175234249109753
2017-12-14,2.3080539916844054
2017-12-15,2.32727534963296
2017-12-18,2.3420325462032743
2017-12-19,2.3330385740147612
2017-12-20,2.3318151073268742
2017-12-21,2.336618457437285
2017-12-22,2.3360077187817057
2017-12-26,2.333212644478485
2017-12-27,2.3343485785903275
2017-12-28,2.3391509340123737
2017-12-29,2.3303310322875843
2018-01-02,2.3470099667774083
2018-01-03,2.361855690612131
2018-01-04,2.371809537072035
2018-01-05,2.3876161298665126
2018-01-08,2.3919808224083394
2018-01-09,2.3973959058626932
2018-01-10,2.3937284898641256
2018-01-11,2.4111922334732525
2018-01-12,2.4269122883800502
2018-01-16,2.418615592734796
2018-01-17,2.441669484950365
2018-01-18,2.437565400759942
2018-01-19,2.448655181331689
2018-01-22,2.468564863628225
2018-01-23,2.473804881930491
2018-01-24,2.472844012970736
2018-01-25,2.4738914198181705
2018-01-26,2.502534465951817
2018-01-29,2.4859430640380364
2018-01-30,2.4604432331350585
2018-01-31,2.4616666998229455
2018-02-01,2.4588716255197243
2018-02-02,2.4053424712037716
2018-02-05,2.3047456581852903
2018-02-06,2.3501531820080768
2018-02-07,2.3374042612449517
2018-02-08,2.249730439453319
2018-02-09,2.283524976624823
2018-02-12,2.3170579107565596
2018-02-13,2.322820140449997
2018-02-14,2.3541707283108204
2018-02-15,2.3842103169077125
2018-02-16,2.3849085881393357
2018-02-20,2.3699763264169333
2018-02-21,2.3581872799251995
2018-02-22,2.361243957268188
2018-02-23,2.398879980901983
2018-02-26,2.4267362285395984
2018-02-27,2.3964350369029384
2018-02-28,2.3721586726878465
2018-03-01,2.3376658642847197
2018-03-02,2.3497165138162215
2018-03-05,2.3768744902222134
2018-03-06,2.382900312332146
2018-03-07,2.382026975948435
2018-03-08,2.393554419400402
2018-03-09,2.4352079893369405
2018-03-12,2.432150317305588
2018-03-13,2.4164332464638827
2018-03-14,2.4040324666282054
2018-03-15,2.4014124574770723
2018-03-16,2.404016551614379
2018-03-19,2.3714892474187836
2018-03-20,2.3755237034237173
2018-03-21,2.37096405196252
2018-03-22,2.311696540473869
2018-03-23,2.2624236576680525
2018-03-26,2.3243211251914775
2018-03-27,2.2847802733403624
2018-03-28,2.2780293234129743
2018-03-29,2.307136889012672
2018-04-02,2.2573378160622277
2018-04-03,2.2862713111982016
2018-04-04,2.310731692760658
2018-04-05,2.3289683092287183
2018-04-06,2.2770654703881275
2018-04-09,2.28828654982394
2018-04-10,2.324672250184017
2018-04-11,2.3124853283466287
2018-04-12,2.3315107326874487
2018-04-13,2.324672250184017
2018-04-16,2.343785187100881
2018-04-17,2.3688592913840094
2018-04-18,2.3706139216583444
2018-04-19,2.3574621521077446
2018-04-20,2.3374719000537127
2018-04-23,2.3371217697495372
2018-04-24,2.305646845843197
2018-04-25,2.3113454154813295
2018-04-26,2.3348419440189385
2018-04-27,2.3370332424851292
2018-04-30,2.3190612131219286
2018-05-01,2.323181212326178
2018-05-02,2.307575546581256
2018-05-03,2.302490699663795
2018-05-04,2.3322995205602086
2018-05-07,2.3401903833528954
2018-05-08,2.3401903833528954
2018-05-09,2.362810591441701
2018-05-10,2.384903614697515
2018-05-11,2.3921807547695306
2018-05-14,2.393321662323194
2018-05-15,2.37683768675274
2018-05-16,2.386833310123938
2018-05-17,2.3848160821214712
2018-05-18,2.378854914755207
2018-05-21,2.3967394115423635
2018-05-22,2.3900759941910197
2018-05-23,2.3966518789663196
2018-05-24,2.3917420972009467
2018-05-25,2.3860435275628142
2018-05-29,2.3586020649730437
2018-05-30,2.3900759941910197
2018-05-31,2.375434181470945
2018-06-01,2.3987566395448305
2018-06-04,2.4101537788210954
2018-06-05,2.4119084090954304
2018-06-06,2.4320727316131854
2018-06-07,2.4318091391966896
2018-06-08,2.438997752004297
2018-06-11,2.442242425448107
2018-06-12,2.445398571627509
2018-06-13,2.437595241410866
2018-06-14,2.443733463305946
2018-06-15,2.4406151152843814
2018-06-18,2.4355959177989535
2018-06-19,2.4262607675015415
2018-06-20,2.4303996657847096
2018-06-21,2.4151640241112458
2018-06-22,2.4195675094992737
2018-06-25,2.38662939900929
2018-06-26,2.3919141782879425
2018-06-27,2.3720989913859984
2018-06-28,2.3856615672309864
2018-06-29,2.3890952314639824
2018-07-02,2.3942029562138183
2018-07-03,2.3857500944953944
2018-07-05,2.4052121670280697
2018-07-06,2.4255565281397335
2018-07-09,2.447395905862693
2018-07-10,2.456202876638749
2018-07-11,2.4382378100940976
2018-07-12,2.4603427696102806
2018-07-13,2.4622794278552527
2018-07-16,2.4600781825054208
2018-07-17,2.4700290449002327
2018-07-18,2.4752252969144766
2018-07-19,2.4658911413054287
2018-07-20,2.4630721944814686
2018-07-23,2.467651739709949
2018-07-24,2.4800694292478167
2018-07-25,2.501205562297332
2018-07-26,2.495306065609644
2018-07-27,2.4783963634193404
2018-07-30,2.465450494360117
2018-07-31,2.4776035967931245
2018-08-01,2.473464698509957
2018-08-02,2.4869387470905364
2018-08-03,2.497595838223884
2018-08-06,2.50675393399248
2018-08-07,2.5150317305588157
2018-08-08,2.513976366204468
2018-08-09,2.510541707283108
2018-08-10,2.4937205323572122
2018-08-13,2.4843853820598003
2018-08-14,2.500236735830664
2018-08-15,2.4815674299242048
2018-08-16,2.50164521455428
2018-08-17,2.5104531800187
2018-08-20,2.5158254918733958
2018-08-21,2.521724988561084
2018-08-22,2.5202289772614237
2018-08-23,2.516881850916108
2018-08-24,2.5320289653251637
2018-08-27,2.552020212067559
2018-08-28,2.5532536256390874
2018-08-29,2.5669912666361627
2018-08-30,2.556600751984403
2018-08-31,2.5566882845604475
2018-09-04,2.552284799172419
2018-09-05,2.5454154813296994
2018-09-06,2.5377543915491274
2018-09-07,2.532822726639744
2018-09-10,2.5372252173394076
2018-09-11,2.5455915411701513
2018-09-12,2.5462082479559154
2018-09-13,2.5612678297889273
2018-09-14,2.5617084767342386
2018-09-17,2.548145900889251
2018-09-18,2.561973063839099
2018-09-19,2.564702488710287
2018-09-20,2.5854874967672625
2018-09-21,2.5831251119024405
2018-09-24,2.5745429406966793
2018-09-25,2.572155688622754
2018-09-26,2.5644577953727095
2018-09-27,2.5716235303479418
2018-09-28,2.571889112141166
2018-10-01,2.5808243977161953
2018-10-02,2.579320428909622
2018-10-03,2.5807358704517873
2018-10-04,2.560565579803847
2018-10-05,2.546235104541747
2018-10-08,2.546235104541747
2018-10-09,2.5425179541249725
2018-10-10,2.4620138460620287
2018-10-11,2.4077844311377246
2018-10-12,2.441223864563232
2018-10-15,2.427513080151988
2018-10-16,2.4805916406389876
2018-10-17,2.481034276961028
2018-10-18,2.4452056020848665
2018-10-19,2.44387868780711
2018-10-22,2.4329092645274235
2018-10-23,2.420523405017208
2018-10-24,2.3471860266178606
2018-10-25,2.389294169136809
2018-10-26,2.3472735591939045
2018-10-29,2.3342690035211966
2018-10-30,2.3688592913840094
2018-10-31,2.3941611793025244
2018-11-01,2.4196391270614916
2018-11-02,2.405307657111027
2018-11-05,2.418577794576959
2018-11-06,2.4338820697475483
2018-11-07,2.485988819702787
2018-11-08,2.481475918594704
2018-11-09,2.457236357849086
2018-11-12,2.4113235323373186
2018-11-13,2.4068116259176
2018-11-14,2.390356496309706
2018-11-15,2.4153032804822248
2018-11-16,2.4215847375017407
2018-11-19,2.380625460043368
2018-11-20,2.3365687230190777
2018-11-21,2.3445312033739825
2018-11-23,2.3288728191457615
2018-11-26,2.36647104462172
2018-11-27,2.3744325302882605
2018-11-28,2.429104581534605
2018-11-29,2.423796924423578
2018-11-30,2.4385710306960826
2018-12-03,2.470861599061014
2018-12-04,2.3907991326317464
2018-12-06,2.387171504167744
2018-12-07,2.331703702230091
2018-12-10,2.336127081385402
2018-12-11,2.336657250283486
2018-12-12,2.348423418942845
2018-12-13,2.347627668251537
2018-12-14,2.304279149342511
2018-12-17,2.25907255256928
2018-12-18,2.2565957785425823
2018-12-19,2.2228012413710783
2018-12-20,2.186619452125649
2018-12-21,2.141815704139893
2018-12-24,2.0852229096624026
2018-12-26,2.190578311814908
2018-12-27,2.2073965026757114
2018-12-28,2.204548709889192
2018-12-31,2.22385760041379
2019-01-02,2.226172240237134
2019-01-03,2.1730489187737483
2019-01-04,2.2458372291960926
2019-01-07,2.263544671454433
2019-01-08,2.2848111086796505
2019-01-09,2.295489088268645
2019-01-10,2.3035868462410725
2019-01-11,2.304477092326974
2019-01-14,2.2904171722999185
2019-01-15,2.3166669982294543
2019-01-16,2.3222730618497223
2019-01-17,2.3398919768436546
2019-01-18,2.371035669524738
2019-01-22,2.3390017307577535
2019-01-23,2.343896592197664
2019-01-24,2.3451409473411977
2019-01-25,2.3649849802057017
2019-01-28,2.3470109614657724
2019-01-29,2.343896592197664
2019-01-30,2.3810024469333757
2019-01-31,2.401912785724232
2019-02-01,2.4030696082917222
2019-02-04,2.419976326416933
2019-02-05,2.4301201583543874
2019-02-06,2.426917261821871
2019-02-07,2.403781805160443
2019-02-08,2.406718125211371
2019-02-11,2.408052996996041
2019-02-12,2.4390186404599437
2019-02-13,2.446938349215191
2019-02-14,2.4415103348121034
2019-02-15,2.468115264487636
2019-02-19,2.4723874510115977
2019-02-20,2.4773698450275528
2019-02-21,2.4685608848747687
2019-02-22,2.4838661547337217
2019-02-25,2.4872471004834185
2019-02-26,2.485468597688344
2019-02-27,2.4844003023852625
2019-02-28,2.479773012115304
2019-03-01,2.4952563311914377
2019-03-04,2.486178805180337
2019-03-05,2.48279785943064
2019-03-06,2.4677601607416393
2019-03-07,2.447116398432371
2019-03-08,2.4422215369924603
2019-03-11,2.4776374161975054
2019-03-12,2.4869805240018303
2019-03-13,2.503441621739909
2019-03-14,2.5018411681620147
2019-03-15,2.5142001710863986
2019-03-18,2.5233174846320647
2019-03-19,2.523942148924742
2019-03-20,2.516345713887839
2019-03-21,2.544767939204647
2019-03-22,2.495789484154614
2019-03-25,2.4939144965882187
2019-03-26,2.5125022380488193
2019-03-27,2.499364394135317
2019-03-28,2.508838800803708
2019-03-29,2.524658324546919
2019-04-01,2.5545984443073984
2019-04-02,2.5558487675811166
2019-04-03,2.559871287325681
2019-04-04,2.566664014164362
2019-04-05,2.579087671832415
2019-04-08,2.581053176039947
2019-04-09,2.567825810173672
2019-04-10,2.57658503590825
2019-04-11,2.575869854974436
2019-04-12,2.593298784490819
2019-04-15,2.5915998567648755
2019-04-16,2.593298784490819
2019-04-17,2.5869526727276346
2019-04-18,2.5920474665287365
2019-04-22,2.5942815365945844
2019-04-23,2.6176079734219266
2019-04-24,2.611797998687011
2019-04-25,2.6101895876022043
2019-04-26,2.62234467941194
2019-04-29,2.626455726420912
2019-04-30,2.627797561024131
2019-05-01,2.6080440448007636
2019-05-02,2.602413113971392
2019-05-03,2.6278870829769034
2019-05-06,2.6170718363936576
2019-05-07,2.5733682137386356
2019-05-08,2.5697923090695682
2019-05-09,2.5620168301271207
2019-05-10,2.5748861081823065
2019-05-13,2.510178646030199
2019-05-14,2.5328804185648637
2019-05-15,2.5477171902043088
2019-05-16,2.5713121928899674
2019-05-17,2.5546869715718064
2019-05-20,2.5377961684604213
2019-05-21,2.560675990212266
2019-05-22,2.5528109893170465
2019-05-23,2.5216205462828496
2019-05-24,2.5273400043766285
2019-05-28,2.5038335289553784
2019-05-29,2.4870302584200368
2019-05-30,2.4938229852587184
2019-05-31,2.460219428253128
2019-06-03,2.453962838442716
2019-06-04,2.507230389718901
2019-06-05,2.5289464260847074
2019-06-06,2.545392603497324
2019-06-07,2.5708645831261063
2019-06-10,2.5826625818131177
2019-06-11,2.5820369228320765
2019-06-12,2.5774782660592432
2019-06-13,2.5881144687369444
2019-06-14,2.5852537450016904
2019-06-17,2.5862364971054568
2019-06-18,2.613316887819046
2019-06-19,2.619217379195098
2019-06-20,2.6442417490600194
2019-06-21,2.6403982732209994
2019-06-24,2.6371645413491955
2019-06-25,2.6112996598165794
2019-06-26,2.608694570990908
2019-06-27,2.6179451727773686
2019-06-28,2.6314162372928562
2019-07-01,2.6553056677342988
2019-07-02,2.662221735930133
2019-07-03,2.6835060775459043
2019-07-05,2.680452384268009
2019-07-08,2.665724033660254
2019-07-09,2.669046292796467
2019-07-10,2.6817991923130484
2019-07-11,2.6880866174627487
2019-07-12,2.70012035729206
2019-07-15,2.7010185608848745
2019-07-16,2.69230807488014
2019-07-17,2.673985915212764
2019-07-18,2.6837756380925852
2019-07-19,2.668867248890922
2019-07-22,2.6754242345873034
2019-07-23,2.6945520918296295
2019-07-24,2.707214474705075
2019-07-25,2.694283525971313
2019-07-26,2.712336125092009
2019-07-29,2.7073955079873473
2019-07-30,2.700749995026558
2019-07-31,2.6712017824815484
2019-08-01,2.6479409950862394
2019-08-02,2.6280034615155072
2019-08-05,2.5489704975431193
2019-08-06,2.5847146239083294
2019-08-07,2.5862424652356415
2019-08-08,2.6369845027552867
2019-08-09,2.6190224202757273
2019-08-12,2.587140668828456
2019-08-13,2.6273758131577374
2019-08-14,2.549689657230389
2019-08-15,2.5564256868323154
2019-08-16,2.594145264288698
2019-08-19,2.6253993673782
2019-08-20,2.605281795213559
2019-08-21,2.6264766148765593
2019-08-22,2.625667933236517
2019-08-23,2.5582220940179443
2019-08-26,2.5865110310939583
2019-08-27,2.576363220403047
2019-08-28,2.5945053414765153
2019-08-29,2.627644379016054
2019-08-30,2.6264766148765593
2019-09-03,2.611119621222671
2019-09-04,2.640757355720453
2019-09-05,2.6747050749000336
2019-09-06,2.676771042632343
2019-09-09,2.6781178506773826
2019-09-10,2.677488212942885
2019-09-11,2.6965285376091668
2019-09-12,2.7058686613483993
2019-09-13,2.704072254162771
2019-09-16,2.695719855969125
2019-09-17,2.7025454075238224
2019-09-18,2.704161776115543
2019-09-19,2.7039827322099983
2019-09-20,2.6912069548610416
2019-09-23,2.690575327749816
2019-09-24,2.669462072532675
2019-09-25,2.685251755624962
2019-09-26,2.6796586229534283
2019-09-27,2.6652217160363656
2019-09-30,2.6775827083374777
2019-10-01,2.6457337816062227
2019-10-02,2.5989973541289513
2019-10-03,2.6202916426283647
2019-10-04,2.6557492987447033
2019-10-07,2.6442904887898617
2019-10-08,2.603238705313625
2019-10-09,2.627958700539121
2019-10-10,2.6457337816062227
2019-10-11,2.6731613185588956
2019-10-14,2.6701842162850378
2019-10-15,2.696620048938667
2019-10-16,2.6922891758012213
2019-10-17,2.7002287783237513
2019-10-18,2.6884098911810925
2019-10-21,2.7066345713887836
2019-10-22,2.6977937812083477
2019-10-23,2.7056428670897406
2019-10-24,2.7100622674915944
2019-10-25,2.721161000258619
2019-10-28,2.736500089521953
2019-10-29,2.735687429128454
2019-10-30,2.744078620168301
2019-10-31,2.7367696500686334
2019-11-01,2.7621232617820834
2019-11-04,2.7732200051723797
2019-11-05,2.7701533809457493
2019-11-06,2.7707840133686115
2019-11-07,2.780528975272047
2019-11-08,2.7873863568543973
2019-11-11,2.782062784729544
2019-11-12,2.7879264726361233
2019-11-13,2.7888296496707583
2019-11-14,2.792888972884795
2019-11-15,2.813100045755665
2019-11-18,2.815173970994887
2019-11-19,2.8143623052897526
2019-11-20,2.803896194322319
2019-11-21,2.799385282590964
2019-11-22,2.8056110370620884
2019-11-25,2.8273549247020906
2019-11-26,2.8337607177671233
2019-11-27,2.8463922653032805
2019-11-29,2.8358366323830744
2019-12-02,2.81174726958044
2019-12-03,2.792888972884795
2019-12-04,2.810121948793443
2019-12-05,2.815173970994887
2019-12-06,2.8408886545845187
2019-12-09,2.8319563530745815
2019-12-10,2.828798217518451
2019-12-11,2.836829331370481
2019-12-12,2.861279766049296
2019-12-13,2.8629936141007017
2019-12-16,2.882662581813118
2019-12-17,2.883294208924344
2019-12-18,2.883474247518252
2019-12-19,2.8952941293492747
2019-12-20,2.907987347564008
2019-12-23,2.912429625798237
2019-12-24,2.9125211371277375
2019-12-26,2.928025344659518
2019-12-27,2.927299222153699
2019-12-30,2.911159408757236
2019-12-31,2.918232637714604
2020-01-02,2.945522907673026
2020-01-03,2.923220005172379
2020-01-06,2.9343714564227024
2020-01-07,2.9261215111305625
2020-01-08,2.9417162353034794
2020-01-09,2.961661726381125
2020-01-10,2.953140231165576
2020-01-13,2.9734497781844946
2020-01-14,2.968915988620765
2020-01-15,2.9756261563252226
2020-01-16,3.0003779815783713
2020-01-17,3.0097171106292393
2020-01-21,3.003822587383373
2020-01-22,3.004184653947918
2020-01-23,3.0076302544412834
2020-01-24,2.9808840790180438
2020-01-27,2.933102234070066
2020-01-28,2.9638390992102175
2020-01-29,2.9613901764577153
2020-01-30,2.971000855431993
2020-01-31,2.9170539320031033
2020-02-03,2.9387242127041597
2020-02-04,2.983513040364454
2020-02-05,3.0179670559213796
2020-02-06,3.0281228241192033
2020-02-07,3.0119830107227403
2020-02-10,3.034468935882388
2020-02-11,3.0397278532635723
2020-02-12,3.0593122724650366
2020-02-13,3.0560477052539436
2020-02-14,3.0609445560705826
2020-02-18,3.053055682654624
2020-02-19,3.067653729086677
2020-02-20,3.05505102751308
2020-02-21,3.0235890345554735
2020-02-24,2.9233095271251517
2020-02-25,2.834727554857063
2020-02-26,2.824301231424195
2020-02-27,2.6974565818529053
2020-02-28,2.6861240973203095
2020-03-02,2.8024499174408652
2020-03-03,2.7222094017944176
2020-03-04,2.8366313883860186
2020-03-05,2.7423369208426998
2020-03-06,2.697003003958859
2020-03-09,2.4863827162949845
2020-03-10,2.6150396880657287
2020-03-11,2.487560427318121
2020-03-12,2.2495583583663237
2020-03-13,2.4418644438697354
2020-03-16,2.1746662820538325
2020-03-17,2.2920812859331168
2020-03-18,2.1760260210476057
2020-03-19,2.1806503272524718
2020-03-20,2.086677144050769
2020-03-23,2.0333240495752682
2020-03-24,2.217550281496807
2020-03-25,2.2507470109614656
2020-03-26,2.3821682216961424
2020-03-27,2.3112131219288994
2020-03-30,2.386272305886566
2020-03-31,2.350703244673444
2020-04-01,2.2449101796407183
2020-04-02,2.296713549644896
2020-04-03,2.2635158254918735
2020-04-06,2.415547973819802
2020-04-07,2.4180098275210375
2020-04-08,2.4991783874112237
2020-04-09,2.5372093023255813
2020-04-13,2.514044005013229
2020-04-14,2.5881910597409825
2020-04-15,2.5331967294646587
2020-04-16,2.5454174707064277
2020-04-17,2.614183261384208
2020-04-20,2.5681272007480054
2020-04-21,2.4901496011299655
2020-04-22,2.5454174707064277
2020-04-23,2.5452354427357906
2020-04-24,2.580711997931048
2020-04-27,2.6179222949449934
2020-04-28,2.6058835816738615
2020-04-29,2.674102293751367
2020-04-30,2.6492042493086916
2020-05-01,2.579070762130224
2020-05-04,2.5861847733105217
2020-05-05,2.6100791771937852
2020-05-06,2.5923866552609067
2020-05-07,2.6236676149362403
2020-05-08,2.667079793900571
2020-05-11,2.6676268725008456
2020-05-12,2.6144577953727097
2020-05-13,2.5682177173891416
2020-05-14,2.598952593152565
2020-05-15,2.6108997950941966
2020-05-18,2.6904281138719237
2020-05-19,2.662793681739511
2020-05-20,2.708029124475302
2020-05-21,2.6893329619830104
2020-05-22,2.6944406867328463
2020-05-26,2.7276374161975054
2020-05-27,2.7682216961425987
2020-05-28,2.7631139713927624
2020-05-29,2.7754262239640317
2020-06-01,2.786644319334752
2020-06-02,2.80971711062924
2020-06-03,2.847110430302186
2020-06-04,2.8396313684922507
2020-06-05,2.9124107267193184
2020-06-08,2.947613742614439
2020-06-09,2.9256341138321362
2020-06-10,2.9093092883999443
2020-06-11,2.7415909045695983
2020-06-12,2.7744235780929833
2020-06-15,2.8003232737183437
2020-06-16,2.854223446794119
2020-06-17,2.842366761493624
2020-06-18,2.8434629080709013
2020-06-19,2.8272126842660192
2020-06-22,2.8453488372093023
2020-06-23,2.8584478882766025
2020-06-24,2.7855332524320127
2020-06-25,2.815394791811725
2020-06-26,2.748525871844351
2020-06-29,2.7889231503769865
2020-06-30,2.8246473829749137
2020-07-01,2.8444327292259333
2020-07-02,2.8600970815843394
2020-07-06,2.9042493086915866
2020-07-07,2.874296257982374
2020-07-08,2.8962808602064967
2020-07-09,2.8797909165058586
2020-07-10,2.909196888614797
2020-07-13,2.884005411104701
2020-07-14,2.9213788370103644
2020-07-15,2.9482185131398335
2020-07-16,2.938508365329142
2020-07-17,2.947027871167963
2020-07-20,2.970844689358824
2020-07-21,2.977164939224541
2020-07-22,2.9941114448843176
2020-07-23,2.958385222909662
2020-07-24,2.939332961983011
2020-07-27,2.9607684962301306
2020-07-28,2.9419897746036163
2020-07-29,2.97817255853741
2020-07-30,2.96754630274335
2020-07-31,2.9909960809278453
2020-08-03,3.011791035868462
2020-08-04,3.023424910975391
2020-08-05,3.042201643225177
2020-08-06,3.0625380468299284
2020-08-07,3.0647373028030316
2020-08-10,3.073896393259991
2020-08-11,3.0485228877792587
2020-08-12,3.0910269162671336
2020-08-13,3.08543875703742
2020-08-14,3.08553026836692
2020-08-17,3.095332922195476
2020-08-18,3.102019217379195
2020-08-19,3.0891031889708955
2020-08-20,3.0987208307637215
2020-08-21,3.1097141265641475
2020-08-24,3.141224859251596
2020-08-25,3.1522171603636577
2020-08-26,3.1838194043806074
2020-08-27,3.190782222929556
2020-08-28,3.2113911711460794
2020-08-31,3.199758290727515
2020-09-01,3.2298953587840926
2020-09-02,3.2766118924940817
2020-09-03,3.1638510354705867
2020-09-04,3.1380189786539874
2020-09-08,3.0522788310422344
2020-09-09,3.11255296715539
2020-09-10,3.0585085642668153
2020-09-11,3.0600652515566873
2020-09-14,3.1003700240714585
2020-09-15,3.1160353711182283
2020-09-16,3.103668410686932
2020-09-17,3.076370183221597
2020-09-18,3.0409523146398234
2020-09-21,3.007108043050112
2020-09-22,3.0377344977818446
2020-09-23,2.967285694391947
2020-09-24,2.9751954562635525
2020-09-25,3.0232956014880537
2020-09-28,3.073509459486343
2020-09-29,3.0567728330713986
2020-09-30,3.079948077267392
2020-10-01,3.099721487258042
2020-10-02,3.070289653251636
2020-10-05,3.124735910239322
2020-10-06,3.0803161119621216
2020-10-07,3.1339337935424827
2020-10-08,3.161707482045875
2020-10-09,3.1899427059502257
2020-10-12,3.241260668032705
2020-10-13,3.220108619969363
2020-10-14,3.199875663954483
2020-10-15,3.195919788330316
2020-10-16,3.193990092903893
2020-10-19,3.145430401655161
2020-10-20,3.158029124475302
2020-10-21,3.1520510474068475
2020-10-22,3.169340720552251
2020-10-23,3.180102253963833
2020-10-26,3.1213340760339787
2020-10-27,3.11057353731076
2020-10-28,3.0042572661984996
2020-10-29,3.0347912149123677
2020-10-30,3.003154156802674
2020-11-02,3.0368154057333836
2020-11-03,3.09043209262538
2020-11-04,3.159501263254222
2020-11-05,3.221121212724053
2020-11-06,3.2203841486462292
2020-11-09,3.26085006067599
2020-11-10,3.2560685937095903
2020-11-11,3.280256430660274
2020-11-12,3.2484353552032146
2020-11-13,3.2934072055225094
2020-11-16,3.3345186703005947
2020-11-17,3.316583444406867
2020-11-18,3.276669584419201
2020-11-19,3.290464917341397
2020-11-20,3.267932241828635
2020-11-23,3.28752163447192
2020-11-24,3.3404957526806847
2020-11-25,3.3353452563311916
2020-11-27,3.344634650963853
2020-11-30,3.3298267252869675
2020-12-01,3.366246245051425
2020-12-02,3.3733294208924343
2020-12-03,3.3724083394672446
2020-12-04,3.4014721387789204
2020-12-07,3.3944814689557763
2020-12-08,3.4044144269600336
2020-12-09,3.3738804782461655
2020-12-10,3.372776374161975
2020-12-11,3.368821493226172
2020-12-14,3.3537410229375135
2020-12-15,3.3990799132631744
2020-12-16,3.4044144269600336
2020-12-17,3.4234517675612226
2020-12-18,3.409782760061273
2020-12-21,3.3975908647820634
2020-12-22,3.3918644438697356
2020-12-23,3.3949131637058105
2020-12-24,3.4081206358048024
2020-12-28,3.437398293114767
2020-12-29,3.4308403127300213
2020-12-30,3.4357361688582966
2020-12-31,3.453191954960511
2021-01-04,3.406180993494738
2021-01-05,3.4296397238745095
2021-01-06,3.4501442298128
2021-01-07,3.501405494658523
2021-01-08,3.521354964489625
2021-01-11,3.497617721367895
2021-01-12,3.498355780134084
2021-01-13,3.5077774683191754
2021-01-14,3.495493067022102
2021-01-15,3.470002188314401
2021-01-19,3.497248691984801
2021-01-20,3.5456452543418147
2021-01-21,3.548877991525255
2021-01-22,3.5363170668629516
2021-01-25,3.5502625977281315
2021-01-26,3.5447221835398968
2021-01-27,3.4580868164004217
2021-01-28,3.487827998488074
2021-01-29,3.4180028647024883
2021-02-01,3.4748970497543117
2021-02-02,3.524032665565878
2021-02-03,3.5268038673483595
2021-02-04,3.5668878190462925
2021-02-05,3.5809268506177014
2021-02-08,3.6067887480852248
2021-02-09,3.604385580997473
2021-02-10,3.602815962758867
2021-02-11,3.608635884377424
2021-02-12,3.626461694551097
2021-02-16,3.623321463385521
2021-02-17,3.6241520281695743
2021-02-18,3.608727395706925
2021-02-19,3.6023544273579087
2021-02-22,3.5746463882865496
2021-02-23,3.578987208307637
2021-02-24,3.6184256072572465
2021-02-25,3.531237193387312
2021-02-26,3.513042353830545
2021-03-01,3.5981986193725506
2021-03-02,3.570120556229733
2021-03-03,3.5228320767103662
2021-03-04,3.4792368750870355
2021-03-05,3.543244076630791
2021-03-08,3.5256032784928477
2021-03-09,3.5759394831599254
2021-03-10,3.5981986193725506
2021-03-11,3.6346817991923133
2021-03-12,3.639576660632224
2021-03-15,3.661281755426025
2021-03-16,3.6566634173513437
2021-03-17,3.6691318359957825
2021-03-18,3.615746911492629
2021-03-19,3.6090566375554536
2021-03-22,3.6378747488411878
2021-03-23,3.609242644279547
2021-03-24,3.590895617403067
2021-03-25,3.6110957487019313
2021-03-26,3.6692880020689516
2021-03-29,3.6674348976465674
2021-03-30,3.6577058507569573
2021-03-31,3.6725306861360334
2021-04-01,3.7121909005908447
2021-04-05,3.7654723775041274
2021-04-06,3.763248254321921
2021-04-07,3.767604989356834
2021-04-08,3.7854884914556264
2021-04-09,3.8130095291145283
2021-04-12,3.8143981140708614
2021-04-13,3.8257037420176254
2021-04-14,3.812638510354706
2021-04-15,3.8535957984363494
2021-04-16,3.866476018063541
2021-04-19,3.8474804543736445
2021-04-20,3.8193108799013267
2021-04-21,3.855448902858734
2021-04-22,3.8202369347683365
2021-04-23,3.861657747627668
2021-04-26,3.8697196968189864
2021-04-27,3.8688851532814765
2021-04-28,3.8677740863787373
2021-04-29,3.8924224640420158
2021-04-30,3.866847036823363
2021-05-03,3.8751865040682754
2021-05-04,3.851279169236278
2021-05-05,3.8524837368452465
2021-05-06,3.8832484532595934
2021-05-07,3.911510533749776
2021-05-10,3.872778363538703
2021-05-11,3.8382139375733577
2021-05-12,3.7566693854815285
2021-05-13,3.801797401873993
2021-05-14,3.860174667276742
2021-05-17,3.850352119680904
2021-05-18,3.8171792627369845
2021-05-19,3.807171703105417
2021-05-20,3.848128991187061
2021-05-21,3.844978813137844
2021-05-24,3.8841745081266037
2021-05-25,3.8755565281397337
2021-05-26,3.8832484532595934
2021-05-27,3.885287564406071
2021-05-28,3.8922364573179222
2021-06-01,3.888808761215111
2021-06-02,3.894923110589452
2021-06-03,3.880468299281835
2021-06-04,3.91595878011419
2021-06-07,3.9121590705631926
2021-06-08,3.912993614100702
2021-06-09,3.907155788091591
2021-06-10,3.9253178029323412
2021-06-11,3.9318041657548686
2021-06-14,3.940606163089104
2021-06-15,3.9333797521236593
2021-06-16,3.9114180277319113
2021-06-17,3.910119959416715
2021-06-18,3.8573716354666083
2021-06-21,3.912592754689955
2021-06-22,3.9335110509877254
2021-06-23,3.9287693715558913
2021-06-24,3.9520122545606458
2021-06-25,3.966048302066962
2021-06-28,3.974044601826247
2021-06-29,3.9761821871207745
2021-06-30,3.9795293134660907
2021-07-01,4.001562655420057
2021-07-02,4.032149322617224
2021-07-06,4.0248045437364475
2021-07-07,4.039028587343585
2021-07-08,4.006118328127798
2021-07-09,4.048882964967076
2021-07-12,4.063385521316171
2021-07-13,4.04953349115722
2021-07-14,4.055576222969344
2021-07-15,4.041724192810392
2021-07-16,4.010022479957029
2021-07-19,3.950803708198221
2021-07-20,4.007418385819722
2021-07-21,4.039865120257823
2021-07-22,4.048324944794795
2021-07-23,4.089973541289513
2021-07-26,4.100014920325462
2021-07-27,4.081327710028448
2021-07-28,4.079654644199972
2021-07-29,4.0965742932739175
2021-07-30,4.076679531302842
2021-08-02,4.068127200748005
2021-08-03,4.101223466687887
2021-08-04,4.0810491972864895
2021-08-05,4.106893190363459
2021-08-06,4.1136799490719556
2021-08-09,4.110333817415004
2021-08-10,4.11544651560666
2021-08-11,4.125673901366702
2021-08-12,4.1380378777329065
2021-08-13,4.145567668649412
2021-08-16,4.155329540255037
2021-08-17,4.128090994091551
2021-08-18,4.082908269839059
2021-08-19,4.089230509081505
2021-08-20,4.12176974953747
2021-08-23,4.158025145721845
2021-08-24,4.164626892394613
2021-08-25,4.173364234985179
2021-08-26,4.148728788270635
2021-08-27,4.185822706745976
2021-08-30,4.2042294149243045
2021-08-31,4.198000676388087
2021-09-01,4.200231762388843
2021-09-02,4.213154753615692
2021-09-03,4.212132213977361
2021-09-07,4.197071637455985
2021-09-08,4.1919579445759645
2021-09-09,4.174016750552052
2021-09-10,4.141106491336264
2021-09-13,4.151703901167764
2021-09-14,4.129298545765612
2021-09-15,4.16378936479201
2021-09-16,4.157188612807607
2021-09-17,4.116692860126922
2021-09-20,4.048050410806294
2021-09-21,4.044226828734557
2021-09-22,4.0836781586329
2021-09-23,4.1332952036127075
2021-09-24,4.140102850776851
2021-09-27,4.12825909642509
2021-09-28,4.045066345713887
2021-09-29,4.0518749875663955
2021-09-30,4.002351443292817
2021-10-01,4.049916446177412
2021-10-04,3.997687349553385
2021-10-05,4.039284222253168
2021-10-06,4.0560715777746825
2021-10-07,4.09113931605228
2021-10-08,4.0836781586329
2021-10-11,4.0541130363857
2021-10-12,4.044134322716692
2021-10-13,4.0586826347305385
2021-10-14,4.126952075914616
2021-10-15,4.158383233532934
2021-10-18,4.170693496727475
2021-10-19,4.202869675930531
2021-10-20,4.2193775240217235
2021-10-21,4.230382756082519
2021-10-22,4.225999164461774
2021-10-25,4.248663138838602
2021-10-26,4.252486720910339
2021-10-27,4.233646328605248
2021-10-28,4.2744971850319295
2021-10-29,4.283170867567192
2021-11-01,4.290538524280343
2021-11-02,4.3078858893508665
2021-11-03,4.334187439075338
2021-11-04,4.354611375256132
2021-11-05,4.369719696818986
2021-11-08,4.373450772872858
2021-11-09,4.358994966876877
2021-11-10,4.323927228599279
2021-11-11,4.325325760439254
2021-11-12,4.35796844848509
2021-11-15,4.3594604810312925
2021-11-16,4.376715340083951
2021-11-17,4.3660831161597065
2021-11-18,4.380911930292239
2021-11-19,4.3730777647363075
2021-11-22,4.360766506853403
2021-11-23,4.3665486303141225
2021-11-24,4.378207372630155
2021-11-26,4.280559810611335
2021-11-29,4.333067419977321
2021-11-30,4.248755644856466
2021-12-01,4.201564644796785
2021-12-02,4.265917003202897
2021-12-03,4.228798217518451
2021-12-06,4.278880776652675
2021-12-07,4.367388147293453
2021-12-08,4.378953388903256
2021-12-09,4.349388266656057
2021-12-10,4.3903316291006025
2021-12-13,4.351440308751267
2021-12-14,4.321502178367517
2021-12-15,4.389025603278493
2021-12-16,4.350321284341616
2021-12-17,4.304020530367835
2021-12-20,4.25825491873396
2021-12-21,4.333877096305727
2021-12-22,4.377210694889291
2021-12-23,4.404444267610957
2021-12-27,4.466777408637873
2021-12-28,4.46312789702986
2021-12-29,4.468836413551633
2021-12-30,4.456482384069071
2021-12-31,4.445251357749617
2022-01-03,4.470989913859987
2022-01-04,4.4694919131835995
2022-01-05,4.383668211749258
2022-01-06,4.379550201921738
2022-01-07,4.36223566156723
2022-01-10,4.356806652475779
2022-01-11,4.396489744762965
2022-01-12,4.408376270714385
2022-01-13,4.347634631070085
2022-01-14,4.349413133865159
2022-01-18,4.272386456323233
2022-01-19,4.2280253446595175
2022-01-20,4.181227246503671
2022-01-21,4.0991485467603
2022-01-24,4.1165565878210355
2022-01-25,4.06629796884636
2022-01-26,4.056095450295422
2022-01-27,4.036066405395189
2022-01-28,4.136304135914218
2022-01-31,4.210803310322875
2022-02-01,4.239254381602244
2022-02-02,4.280436469254183
2022-02-03,4.1798247359102385
2022-02-04,4.1994787832971925
2022-02-07,4.186001750651521
2022-02-08,4.220442835259713
2022-02-09,4.282214972049257
2022-02-10,4.205281795213559
2022-02-11,4.122358605049038
2022-02-14,4.108881572403366
2022-02-15,4.175145721845346
2022-02-16,4.1798247359102385
2022-02-17,4.090537529591979
2022-02-18,4.064050967831778
2022-02-22,4.020436867129528
2022-02-23,3.94911970079774
2022-02-24,4.0085503411781085
2022-02-25,4.096995046451946
2022-02-28,4.0865130204706865
2022-03-01,4.024274374838362
2022-03-02,4.098305051027513
2022-03-03,4.077902997990729
2022-03-04,4.0447709232697395
2022-03-07,3.9255346449957225
2022-03-08,3.8957715797640597
2022-03-09,4.000220820816838
2022-03-10,3.9821582748125013
2022-03-11,3.9315236636361828
2022-03-14,3.902792090238128
2022-03-15,3.9886157916724687
2022-03-16,4.077060496946307
2022-03-17,4.128067121570812
2022-03-18,4.173281675850955
2022-03-21,4.172062187916525
2022-03-22,4.220880498139932
2022-03-23,4.166521773728291
2022-03-24,4.2293293811048995
2022-03-25,4.249984084986173
2022-03-28,4.28021465374898
2022-03-29,4.333163904748642
2022-03-30,4.306407782441761
2022-03-31,4.240126723297591
2022-04-01,4.252143553424712
2022-04-04,4.288570036007719
2022-04-05,4.2344003023852625
2022-04-06,4.192058408100742
2022-04-07,4.213181610201524
2022-04-08,4.201916764477689
2022-04-11,4.130095291145284
2022-04-12,4.114793005351423
2022-04-13,4.161922334732528
2022-04-14,4.110099070961068
2022-04-18,4.11178805180337
2022-04-19,4.178163606342133
2022-04-20,4.175066146776215
2022-04-21,4.112632542224521
2022-04-22,3.9997861420017107
2022-04-25,4.022975311834802
2022-04-26,3.906466469055245
2022-04-27,3.9174508126603933
2022-04-28,4.016404400501322
2022-04-29,3.8679750134282926
2022-05-02,3.891257683967613
2022-05-03,3.9090944357132904
2022-05-04,4.02813873913303
2022-05-05,3.8849672747528197
2022-05-06,3.8617781049197286
2022-05-09,3.738134362504227
2022-05-10,3.74677223625838
2022-05-11,3.687250084548511
2022-05-12,3.6834006405793063
2022-05-13,3.771463385521316
2022-05-16,3.756160105039091
2022-05-17,3.833425507788409
2022-05-18,3.6788937076014085
2022-05-19,3.6563630214653746
2022-05-20,3.6579585016014478
2022-05-23,3.726400023872521
2022-05-24,3.6979529313466086
2022-05-25,3.73062347066664
2022-05-26,3.8051664113633197
2022-05-27,3.898579585016014
2022-05-31,3.87670539320031
2022-06-01,3.8453488372093023
2022-06-02,3.918577794576959
2022-06-03,3.854267213082141
2022-06-06,3.8660035410905764
2022-06-07,3.9030865179939123
2022-06-08,3.860652117691527
2022-06-09,3.768834424174906
2022-06-10,3.6595549764258855
2022-06-13,3.5206079535281596
2022-06-14,3.5099986074362897
2022-06-15,3.5600383949708556
2022-06-16,3.442216563550639
2022-06-17,3.449635944058726
2022-06-21,3.5364772116895775
2022-06-22,3.530064455805996
2022-06-23,3.5646686693059064
2022-06-24,3.678002466827143
2022-06-27,3.663954483060457
2022-06-28,3.589089263333797
2022-06-29,3.5861658742316034
2022-06-30,3.5570304573577096
2022-07-01,3.594651560666043
2022-07-05,3.6014403087512683
2022-07-06,3.6136033580679174
2022-07-07,3.667726341337259
2022-07-08,3.6647084568404718
2022-07-11,3.6228440129707358
2022-07-12,3.5907862016830125
2022-07-13,3.571927904987367
2022-07-14,3.5632542224521058
2022-07-15,3.6313306940935406
2022-07-18,3.6013468080450393
2022-07-19,3.6986521972665964
2022-07-20,3.72222432211988
2022-07-21,3.7601279169236275
2022-07-22,3.725242206616667
2022-07-25,3.729767043985119
2022-07-26,3.6856406787753393
2022-07-27,3.781343625042274
2022-07-28,3.8287703662442554
2022-07-29,3.8845882984860842
2022-08-01,3.873084727554857
2022-08-02,3.8475331728569437
2022-08-03,3.9077844311377246
2022-08-04,3.9051445282193087
2022-08-05,3.8985437762349053
2022-08-08,3.8940169494897248
2022-08-09,3.878554518869238
2022-08-10,3.960019495891937
2022-08-11,3.960019495891937
2022-08-12,4.027058507569578
2022-08-15,4.043653888236815
2022-08-16,4.051573596992062
2022-08-17,4.022815167008177
2022-08-18,4.034507728728589
2022-08-19,3.9802922394413827
2022-08-22,3.897411820876519
2022-08-23,3.8879831698728786
2022-08-24,3.9004297053733064
2022-08-25,3.9554936638351204
2022-08-26,3.821603636580659
2022-08-29,3.7963345733781604
2022-08-30,3.7546591202976103
2022-08-31,3.726090675791274
2022-09-01,3.7377822428233234
2022-09-02,3.6983697057711815
2022-09-06,3.6844152227107245
2022-09-07,3.7506057652137583
2022-09-08,3.775119859947878
2022-09-09,3.833767680585672
2022-09-12,3.874970656693258
2022-09-13,3.706478405315614
2022-09-14,3.720621879165257
2022-09-15,3.6783804484055143
2022-09-16,3.650317305588159
2022-09-19,3.678626136431456
2022-09-20,3.636400620685539
2022-09-21,3.5729683490162527
2022-09-22,3.542955617005192
2022-09-23,3.4835946048103126
2022-09-26,3.4491316370581093
2022-09-27,3.440327650347146
2022-09-28,3.5080201722800246
2022-09-29,3.4347414804941607
2022-09-30,3.381629100602781
2022-10-03,3.4709073547257643
2022-10-04,3.578459028786281
2022-10-05,3.570127519048282
2022-10-06,3.5332991823661644
2022-10-07,3.4347414804941607
2022-10-10,3.4085155270853638
2022-10-11,3.3869297948952592
2022-10-12,3.3757584498776527
2022-10-13,3.4648477132114506
2022-10-14,3.3858883561780093
2022-10-17,3.472895736765671
2022-10-18,3.5137008375276024
2022-10-19,3.4888017983965622
2022-10-20,3.4595470189189723
2022-10-21,3.5436190741440705
2022-10-24,3.58698052400183
2022-10-25,3.6442586587622094
2022-10-26,3.616803270535341
2022-10-27,3.597489406568922
2022-10-28,3.6830753774842337
2022-10-31,3.6564714424970655
2022-11-01,3.6404718801599456
2022-11-02,3.5491097539140983
2022-11-03,3.5125649034157598
2022-11-04,3.5631219288996756
2022-11-07,3.597204925696779
2022-11-08,3.6166132850577912
2022-11-09,3.542104163765492
2022-11-10,3.7367567191199
2022-11-11,3.7729235880398666
2022-11-14,3.740827978594306
2022-11-15,3.772733602562317
2022-11-16,3.7439522947460557
2022-11-17,3.732496468856307
2022-11-18,3.749443969204448
2022-11-21,3.7358107704856067
2022-11-22,3.7860823204090157
2022-11-23,3.809941910199534
2022-11-25,3.80908946227147
2022-11-28,3.748307040404241
2022-11-29,3.7418704119999204
2022-11-30,3.8597409831499787
2022-12-01,3.8569001531820075
2022-12-02,3.8524509121292296
2022-12-05,3.78314898442318
2022-12-06,3.7286151948594504
2022-12-07,3.722272067161358
2022-12-08,3.751432351244355
2022-12-09,3.7234080012732007
2022-12-12,3.7770893429088668
2022-12-13,3.8056806652475776
2022-12-14,3.781350587860823
2022-12-15,3.6888515328147693
2022-12-16,3.6453010921678235
2022-12-19,3.6143891618755846
2022-12-20,3.619334752422066
2022-12-21,3.6734537569379513
2022-12-22,3.621046611096743
2022-12-23,3.641876380130105
2022-12-27,3.6275140748403523
2022-12-28,3.5824318141126383
2022-12-29,3.6469164660711795
2022-12-30,3.637310760538723
2023-01-03,3.6219975331728564
2023-01-04,3.6499602124654347
2023-01-05,3.6083026637754387
2023-01-06,3.69104780472278
2023-01-09,3.688955975093003
2023-01-10,3.7148258300674395
2023-01-11,3.761809934947381
2023-01-12,3.775505799033163
2023-01-13,3.7901535798834227
2023-01-17,3.7832106551017564
2023-01-18,3.7234806135237832
2023-01-19,3.696374360912726
2023-01-20,3.7652346469850997
2023-01-23,3.8104123977957705
2023-01-24,3.806322239242445
2023-01-25,3.8077486223566153
2023-01-26,3.849597151212525
2023-01-27,3.858442914834782
2023-01-30,3.8100314321523063
2023-01-31,3.8660512861320546
2023-02-01,3.9071388783894
2023-02-02,3.9640151590506694
2023-02-03,3.921881154634253
2023-02-06,3.897913143812043
2023-02-07,3.948892911850717
2023-02-08,3.90571249527523
2023-02-09,3.871854298048421
2023-02-10,3.880889052459864
2023-02-13,3.926446774225635
2023-02-14,3.924640420156365
2023-02-15,3.937384367477669
2023-02-16,3.8831708675671908
2023-02-17,3.8734706666401415
2023-02-21,3.795765611633875
2023-02-22,3.790533550838522
2023-02-23,3.810696878667913
2023-02-24,3.7699902520540314
2023-02-27,3.7828296894582927
2023-02-28,3.7688493445003677
2023-03-01,3.754392543816022
2023-03-02,3.7835906260568564
2023-03-03,3.8442715897109436
2023-03-06,3.8469343704617343
2023-03-07,3.787966260170688
2023-03-08,3.7941482483537907
2023-03-09,3.7241470547277533
2023-03-10,3.6704090158553324
2023-03-13,3.665177949748344
2023-03-14,3.725763423319474
2023-03-15,3.702461853701235
2023-03-16,3.7674219666978335
2023-03-17,3.723370203115364
2023-03-20,3.759174010782422
2023-03-21,3.8085334314759183
2023-03-22,3.7436111166371577
2023-03-23,3.753731076053872
2023-03-24,3.77836254401496
2023-03-27,3.7854288101537787
2023-03-28,3.776932182147333
2023-03-29,3.8318290329639724
2023-03-30,3.8542642290170486
2023-03-31,3.90858913402431
2023-04-03,3.923482602900511
2023-04-04,3.901714842739769
2023-04-05,3.891499393240098
2023-04-06,3.906680327053534
2023-04-10,3.9106899158493644
2023-04-11,3.9117393120735273
2023-04-12,3.895795452284799
2023-04-13,3.947543119740585
2023-04-14,3.937898621361927
2023-04-17,3.9520301589512004
2023-04-18,3.9546073965026753
2023-04-19,3.953938965921976
2023-04-20,3.9323621859271487
2023-04-21,3.9354168738934088
2023-04-24,3.9395229474605604
2023-04-25,3.8769878846957244
2023-04-26,3.8605665744922115
2023-04-27,3.9374221656355064
2023-04-28,3.971028706706189
2023-05-01,3.967019117910358
2023-05-02,3.922432211987984
2023-05-03,3.895508982035928
2023-05-04,3.867918316191537
2023-05-05,3.9395229474605604
2023-05-08,3.9405723436847233
2023-05-09,3.923292617422961
2023-05-10,3.9416227345972508
2023-05-11,3.93474844331271
2023-05-12,3.9295939682097596
2023-05-15,3.943150575924563
2023-05-16,3.9167992917818846
2023-05-17,3.964345395587562
2023-05-18,4.002535460640181
2023-05-19,3.9967115602681678
2023-05-22,3.998333896990073
2023-05-23,3.9534625101955556
2023-05-24,3.9248204587502733
2023-05-25,3.9588079654644197
2023-05-26,4.010077187817056
2023-05-30,4.011605029144369
2023-05-31,3.9893598185688424
2023-06-01,4.027262418684226
2023-06-02,4.085501422404361
2023-06-05,4.07767223029025
2023-06-06,4.086552808005251
2023-06-07,4.0724222651043425
2023-06-08,4.09705373306543
2023-06-09,4.104405474764756
2023-06-12,4.141639644299441
2023-06-13,4.168944834583325
2023-06-14,4.173909324208725
2023-06-15,4.225655996976147
2023-06-16,4.211262856347106
2023-06-20,4.18941452642887
2023-06-21,4.167949151530825
2023-06-22,4.18299480772674
2023-06-23,4.151370680565779
2023-06-26,4.1344092545805395
2023-06-27,4.179736208645831
2023-06-28,4.181843953289435
2023-06-29,4.198326934171524
2023-06-30,4.2478693775240215
2023-07-03,4.252757276145383
2023-07-05,4.246432052837846
2023-07-06,4.213179620824795
2023-07-07,4.2025424234587305
2023-07-10,4.213179620824795
2023-07-11,4.240011339447351
2023-07-12,4.274126166272107
2023-07-13,4.3080500129309485
2023-07-14,4.30536634372451
2023-07-17,4.320316509837467
2023-07-18,4.352418087413213
2023-07-19,4.362096405196252
2023-07-20,4.333155947241729
2023-07-21,4.333155947241729
2023-07-24,4.352514572184534
2023-07-25,4.3643961246941325
2023-07-26,4.3650675393399245
2023-07-27,4.336127081385402
2023-07-28,4.378579386078341
2023-07-31,4.386915869258162
2023-08-01,4.374362902102771
2023-08-02,4.313511846738416
2023-08-03,4.301149859748941
2023-08-04,4.281696739411542
2023-08-07,4.3190691706288415
2023-08-08,4.300288459625599
2023-08-09,4.271538981836991
2023-08-10,4.273072791294487
2023-08-11,4.270580102253963
2023-08-14,4.294155211172339
2023-08-15,4.244132333339964
2023-08-16,4.212988640658882
2023-08-17,4.180886068394772
2023-08-18,4.182898322955418
2023-08-21,4.210113991286529
2023-08-22,4.198709889191716
2023-08-23,4.2454741679431836
2023-08-24,4.186635367139475
2023-08-25,4.216150754968468
2023-08-28,4.2428869835080665
2023-08-29,4.304217478663934
2023-08-30,4.321944814689558
2023-08-31,4.315620586070384
2023-09-01,4.323669604312968
2023-09-05,4.3049833887043185
2023-09-06,4.276042930749796
2023-09-07,4.262915033719936
2023-09-08,4.269334752422066
2023-09-11,4.297412815564883
2023-09-12,4.2738387013348715
2023-09-13,4.27882209003919
2023-09-14,4.315716076153341
2023-09-15,4.263718741918157
2023-09-18,4.2662193884655935
2023-09-19,4.257372630154972
2023-09-20,4.218232637714604
2023-09-21,4.148511946207253
2023-09-22,4.13918375872839
2023-09-25,4.156589810412398
2023-09-26,4.095524897049755
2023-09-27,4.097159170032029
2023-09-28,4.120911333479221
2023-09-29,4.110910736666202
2023-10-02,4.1092754689955635
2023-10-03,4.054268207770505
2023-10-04,4.083791553106412
2023-10-05,4.082253764895458
2023-10-06,4.130720950126325
2023-10-09,4.157166729663596
2023-10-10,4.1788041856486355
2023-10-11,4.195921777707045
2023-10-12,4.170341377046571
2023-10-13,4.149569299938329
2023-10-16,4.1932281616169655
2023-10-17,4.193036186762687
2023-10-18,4.1371635466608305
2023-10-19,4.1008126603934985
2023-10-20,4.050422742554757
2023-10-23,4.043402232080688
2023-10-24,4.07388644637635
2023-10-25,4.0154176696441
2023-10-26,3.9673344341217893
2023-10-27,3.9493514631865834
2023-10-30,3.996569319832096
2023-10-31,4.021669286012692
2023-11-01,4.064559253585851
2023-11-02,4.1424532993813035
2023-11-03,4.180246483776632
2023-11-06,4.189863130881095
2023-11-07,4.2017874549903516
2023-11-08,4.204865020788986
2023-11-09,4.172073129488531
2023-11-10,4.237176477609565
2023-11-13,4.2331380428511745
2023-11-14,4.315264487636023
2023-11-15,4.324399705572244
2023-11-16,4.329688463604352
2023-11-17,4.3350737064077824
2023-11-20,4.368444506336165
2023-11-21,4.35892334931466
2023-11-22,4.375752481747468
2023-11-24,4.378445103149183
2023-11-27,4.370560208486681
2023-11-28,4.37488710287067
2023-11-29,4.371809537072035
2023-11-30,4.389023613901765
2023-12-01,4.414987964270794
2023-12-04,4.3918127200748005
2023-12-05,4.390947341198003
2023-12-06,4.373252829888395
2023-12-07,4.40662164044005
2023-12-08,4.425566475023375
2023-12-11,4.4427805518531045
2023-12-12,4.463072194481469
2023-12-13,4.524617542323989
2023-12-14,4.539138997752004
2023-12-15,4.53166490938389
2023-12-18,4.55715578809159
2023-12-19,4.584867805916406
2023-12-20,4.521334076033979
2023-12-21,4.564205144528219
2023-12-22,4.573377165933913
2023-12-26,4.5926880458352395
2023-12-27,4.600992698987407
2023-12-28,4.602730419559552
2023-12-29,4.589405574233592
2024-01-02,4.563721725983249
2024-01-03,4.526451747667456
2024-01-04,4.511870610937593
2024-01-05,4.518050609743967
2024-01-08,4.58255018202797
2024-01-09,4.575598305051027
2024-01-10,4.601475122844012
2024-01-11,4.599447947957905
2024-01-12,4.602633934788231
2024-01-16,4.585737163546661
2024-01-17,4.560245290150595
2024-01-18,4.600799729444765
2024-01-19,4.658153460520818
2024-01-22,4.668002864702489
2024-01-23,4.681617164342411
2024-01-24,4.686733841287524
2024-01-25,4.71222571468359
2024-01-26,4.706238685419858
2024-01-29,4.743508663735651
2024-01-30,4.73984025304872
2024-01-31,4.662498259295362
2024-02-01,4.723522390435076
2024-02-02,4.773248851134939
2024-02-05,4.7558686613484
2024-02-06,4.769675930530964
2024-02-07,4.809456502277836
2024-02-08,4.81158115662363
2024-02-09,4.839389659219766
2024-02-12,4.837265004873973
2024-02-13,4.77064177293254
2024-02-14,4.813995265283387
2024-02-15,4.847210893826964
2024-02-16,4.823071796606123
2024-02-20,4.796518590725525
2024-02-21,4.800863389500069
2024-02-22,4.900219826128473
2024-02-23,4.903598782501442
2024-02-26,4.885639684086976
2024-02-27,4.894716215409712
2024-02-28,4.888246762289374
2024-02-29,4.905819921618557
2024-03-01,4.951876976943123
2024-03-04,4.946566335767003
2024-03-05,4.897129329381104
2024-03-06,4.9219448146895575
2024-03-07,4.97080291244753
2024-03-08,4.9409662402769206
2024-03-11,4.936717926273698
2024-03-12,4.989824338034893
2024-03-13,4.982002108739332
2024-03-14,4.972153699246026
2024-03-15,4.938011021147074
2024-03-18,4.967359301330893
2024-03-19,4.994963892812382
2024-03-20,5.041164183261384
2024-03-21,5.057823223983926
2024-03-22,5.048234428153659
2024-03-25,5.034287902600115
2024-03-26,5.024988561083813
2024-03-27,5.067218055583186
2024-03-28,5.066250223804881
2024-04-01,5.057435295521913
2024-04-02,5.025280004774504
2024-04-03,5.030800525195456
2024-04-04,4.96939343903555
2024-04-05,5.021308214136511
2024-04-08,5.0241172140768295
2024-04-09,5.029929178188473
2024-04-10,4.979563132870472
2024-04-11,5.0171434539558755
2024-04-12,4.947891260668032
2024-04-15,4.885904271191835
2024-04-16,4.8769928581375455
2024-04-17,4.848129985875425
2024-04-18,4.838153261583146
2024-04-19,4.795923767083772
2024-04-22,4.840090914516482
2024-04-23,4.897527204726758
2024-04-24,4.895201623331411
2024-04-25,4.8766049296755325
2024-04-26,4.922806214812899
2024-04-29,4.940239123082738
2024-04-30,4.8619800266576485
2024-05-01,4.846193327630453
2024-05-02,4.8915212763841085
2024-05-03,4.952153500308353
2024-05-06,5.003293413173653
2024-05-07,5.008813933594604
2024-05-08,5.009298346827939
2024-05-09,5.038161219090059
2024-05-10,5.044651560666043
2024-05-13,5.045327948753655
2024-05-14,5.068477331052181
2024-05-15,5.131240177452404
2024-05-16,5.120682555155469
2024-05-17,5.128043249050072
2024-05-20,5.133951697933037
2024-05-21,5.146543457934629
2024-05-22,5.131724590685737
2024-05-23,5.094241749060019
2024-05-24,5.127947758967116
2024-05-28,5.131530626454731
2024-05-29,5.095596514611972
2024-05-30,5.061794019933554
2024-05-31,5.107896830922871
2024-06-03,5.112062585791871
2024-06-04,5.117777070443829
2024-06-05,5.178602263910716
2024-06-06,5.1785047844510315
2024-06-07,5.172211391171146
2024-06-10,5.188192054429347
2024-06-11,5.2006863349712535
2024-06-12,5.243399248015597
2024-06-13,5.25395687031253
2024-06-14,5.257153798714862
2024-06-17,5.298994370063859
2024-06-18,5.312457477072432
2024-06-20,5.298026538285555
2024-06-21,5.290923468677263
2024-06-24,5.2737243121729955
2024-06-25,5.294032864503551
2024-06-26,5.300639584618139
2024-06-27,5.308996956253605
2024-06-28,5.288105516541667
2024-07-01,5.298988401933674
2024-07-02,5.334649969164661
2024-07-03,5.358455845783515
2024-07-05,5.389354845127022
2024-07-08,5.395574631467961
2024-07-09,5.400820617900411
2024-07-10,5.454265223705413
2024-07-11,5.407233373783994
2024-07-12,5.4413412377902
2024-07-15,5.456305329540255
2024-07-16,5.488661547337219
2024-07-17,5.411703503292419
2024-07-18,5.370115582787912
2024-07-19,5.334455010245289
2024-07-22,5.389453319275071
2024-07-23,5.380998468179919
2024-07-24,5.259051664113632
2024-07-25,5.231649989058428
2024-07-26,5.290243101836194
2024-07-29,5.2933524976624815
2024-07-30,5.2665347046770234
2024-07-31,5.352139574671255
2024-08-01,5.276349294765949
2024-08-02,5.178110887858833
2024-08-05,5.027305190283884
2024-08-06,5.073654683987506
2024-08-07,5.039742773589034
2024-08-08,5.1562476376151345
2024-08-09,5.178985218930908
2024-08-12,5.181706686295183
2024-08-13,5.266921638450673
2024-08-14,5.283538902261921
2024-08-15,5.37410030437464
2024-08-16,5.386148964529412
2024-08-19,5.437647959894165
2024-08-20,5.428806175025364
2024-08-21,5.44746254998309
2024-08-22,5.404707860027453
2024-08-23,5.462134203354088
2024-08-26,5.449113732667555
2024-08-27,5.4565957785425825
2024-08-28,5.4249199275866875
2024-08-29,5.425403346131657
2024-08-30,5.477194779875465
2024-09-03,5.36447967851672
2024-09-04,5.353499313665028
2024-09-05,5.340478842978495
2024-09-06,5.250599797083573
2024-09-09,5.309384884715618
2024-09-10,5.332511389181769
2024-09-11,5.3872182545208585
2024-09-12,5.432595937692721
2024-09-13,5.460968428591323
2024-09-16,5.469032367159369
2024-09-17,5.471268426601945
2024-09-18,5.455042075317802
2024-09-19,5.5481289911870615
2024-09-20,5.538538205980067
2024-09-23,5.552378299878648
2024-09-24,5.568264467742256
2024-09-25,5.5559830505102745
2024-09-26,5.57801141902242
2024-09-27,5.56992261324527
2024-09-30,5.592241430759743
2024-10-01,5.542143951300058
2024-10-02,5.544483458332504
2024-10-03,5.534346589213599
2024-10-04,5.584640022281019
2024-10-07,5.534151630294229
2024-10-08,5.586491137326675
2024-10-09,5.625184514691546
2024-10-10,5.6153410786400615
2024-10-11,5.6489665187896625
2024-10-14,5.695165814550301
2024-10-15,5.650917102671732
2024-10-16,5.675477947758966
2024-10-17,5.675965345057394
2024-10-18,5.697797759961804
2024-10-21,5.688441721208745
2024-10-22,5.685419857958501
2024-10-23,5.633470268764796
2024-10-24,5.645653211848727
2024-10-25,5.643704617343386
2024-10-28,5.661150456561959
2024-10-29,5.670313525772375
2024-10-30,5.653159130244494
2024-10-31,5.542338910219428
2024-11-01,5.565730996478803
2024-11-04,5.5537420176258765
2024-11-05,5.620896413153758
2024-11-06,5.760663059263533
2024-11-07,5.8052071935862495
2024-11-08,5.830352915431595
2024-11-11,5.8359092446336565
2024-11-12,5.817779059820557
2024-11-13,5.820605964151431
2024-11-14,5.7831788250741045
2024-11-15,5.709103387908567
2024-11-18,5.732497463544671
2024-11-19,5.75345156862355
2024-11-20,5.755401157817256
2024-11-21,5.786297173095669
2024-11-22,5.804231404301032
2024-11-25,5.82392026578073
2024-11-26,5.854329878449082
2024-11-27,5.8365916008514525
2024-11-29,5.872846997035828
2024-12-02,5.883373783993474
2024-12-03,5.886103208864663
2024-12-04,5.9226530328048215
2024-12-05,5.912907076213022
2024-12-06,5.924115224700102
2024-12-09,5.8936071378837
2024-12-10,5.875284978216325
2024-12-11,5.92070443829948
2024-12-12,5.890197346171445
2024-12-13,5.8890275926552205
2024-12-16,5.9141743091889305
2024-12-17,5.889807428332703
2024-12-18,5.714270793960252
2024-12-19,5.712515168997553
2024-12-20,5.781128772355621
2024-12-23,5.8157479061809925
2024-12-24,5.880389718901068
2024-12-26,5.8807806314281725
2024-12-27,5.8188762010862
2024-12-30,5.752474784649968
2024-12-31,5.731546541468557
2025-01-02,5.717464738297491
2025-01-03,5.788951996339546
2025-01-06,5.822299918435554
2025-01-07,5.756484373445799
2025-01-08,5.764894463564565
2025-01-10,5.676878468975669
2025-01-13,5.685680466309905
2025-01-14,5.693503690293831
2025-01-15,5.797068653390892
2025-01-16,5.7859201862056615
2025-01-17,5.844009986671176
2025-01-21,5.8975033322060195
2025-01-22,5.9306553006942915
2025-01-23,5.963026438816718
2025-01-24,5.945618397755982
2025-01-27,5.861515507191597
2025-01-28,5.911879563132871
2025-01-29,5.885377086358844
2025-01-30,5.916964410050331
2025-01-31,5.885474565818528
2025-02-03,5.84586806453538
2025-02-04,5.885083653291423
2025-02-05,5.90894523245867
2025-02-06,5.929481568424612
2025-02-07,5.875206397835558
2025-02-10,5.915106332186126
2025-02-11,5.91960530765711
2025-02-12,5.900535142339904
2025-02-13,5.962830485208984
2025-02-14,5.962537052141563
2025-02-18,5.98004157797362
2025-02-19,5.994124375833051
2025-02-20,5.969187538544174
2025-02-21,5.867089740784212
2025-02-24,5.840392305090814
2025-02-25,5.811346410169693
2025-02-26,5.8142797461555284
2025-02-27,5.7214733324049565
2025-02-28,5.810760538723217
2025-03-03,5.708956174030676
2025-03-04,5.641380030636401
2025-03-05,5.702011259872282
2025-03-06,5.600794756002943
2025-03-07,5.632187120775061
2025-03-10,5.48217021107287
2025-03-11,5.436597568981638
2025-03-12,5.465447510295024
2025-03-13,5.392590566375554
2025-03-14,5.503978753456542
2025-03-17,5.54642111126584
2025-03-18,5.48647323293612
2025-03-19,5.5462261523464695
2025-03-20,5.530187797163149
2025-03-21,5.532012055622973
2025-03-24,5.631082022002506
2025-03-25,5.644617741261662
2025-03-26,5.577231583344938
2025-03-27,5.562419678914596
2025-03-28,5.45040185409911
2025-03-31,5.486989476197107
2025-04-01,5.502486720910339
2025-04-02,5.53730777647363
2025-04-03,5.2644259653450565
2025-04-04,4.956230727912945
2025-04-07,4.947402868681242
2025-04-08,4.869912666361628
2025-04-09,5.381347603795731
2025-04-10,5.145541806751945
2025-04-11,5.237352537450017
2025-04-14,5.288162213778422
2025-04-15,5.273351304036446
2025-04-16,5.156135237829988
2025-04-17,5.16349095828277
2025-04-21,5.040587264010186
2025-04-22,5.171731951379632
2025-04-23,5.251870014124574
2025-04-24,5.362416694849503
2025-04-25,5.40116179600931
2025-04-28,5.40322080092307
2025-04-29,5.437258042055423
2025-04-30,5.439416515805598
2025-05-01,5.477963673980941
2025-05-02,5.559280442437384
2025-05-05,5.527401675055204
2025-05-06,5.481201384606202
2025-05-07,5.504253287445043
2025-05-08,5.542604492012652
2025-05-09,5.535543199315654
2025-05-12,5.718478325740546
2025-05-13,5.7562436588616785
2025-05-14,5.76359937931446
2025-05-15,5.7917510493962245
2025-05-16,5.828436150953906
2025-05-19,5.83481110867965
2025-05-20,5.815192870073806
2025-05-21,5.717203135257723
2025-05-22,5.719460083155947
2025-05-23,5.680419559551992
2025-05-27,5.798517914337438
2025-05-28,5.764972049256968
2025-05-29,5.78772852965166
2025-05-30,5.78125609246623
2025-06-02,5.813821194819663
2025-06-03,5.846975152684664
2025-06-04,5.8454055344460585
2025-06-05,5.817155390216246
2025-06-06,5.876893389301131
2025-06-09,5.882188115463426
2025-06-10,5.915539021624525
2025-06-11,5.898668112280422
2025-06-12,5.922110927646369
2025-06-13,5.855900491376051
2025-06-16,5.911615970716374
2025-06-17,5.861099727455388
2025-06-18,5.860216444188035
2025-06-20,5.846453935981856
2025-06-23,5.904202558338472
2025-06-24,5.96942725843993
2025-06-25,5.9727723954085175
2025-06-26,6.01950186006724
2025-06-27,6.049409155111703
2025-06-30,6.078332703364036
2025-07-01,6.076365209779776
2025-07-02,6.103911114647781
2025-07-03,6.15201822269083
2025-07-07,6.106174030676189
2025-07-08,6.102828893707601
2025-07-09,6.139426462689239
2025-07-10,6.156740008355381
2025-07-11,6.1350965842401575
2025-07-14,6.146804066286032
2025-07-15,6.120537330654305
2025-07-16,6.141000059681301
2025-07-17,6.178579386078341
2025-07-18,6.174055543398253
2025-07-21,6.185762030755765
2025-07-22,6.186647303399845
2025-07-23,6.239280243499712
2025-07-24,6.241345216543657
2025-07-25,6.267711421011797
2025-07-28,6.26613682933137
2025-07-29,6.249610082161259
2025-07-30,6.2417391131358535
2025-07-31,6.218325143732468
2025-08-01,6.116405395189687
2025-08-04,6.209372948455249
2025-08-05,6.17789106173036
2025-08-06,6.225212365965743
2025-08-07,6.2199972148725795
2025-08-08,6.268498219507827
2025-08-11,6.256102413113971
2025-08-12,6.322705751288121
2025-08-13,6.344349175403346
2025-08-14,6.344939025603279
2025-08-15,6.330084349573278
2025-08-18,6.328705711500586
2025-08-19,6.294372053235721
2025-08-20,6.277647363081146
2025-08-21,6.252462848389599
2025-08-22,6.3484801161796005
2025-08-25,6.320541309407762
2025-08-26,6.3470039986472235
2025-08-27,6.361466767461753
2025-08-28,6.383994469532695
2025-08-29,6.345922772395408
2025-09-02,6.298897885292538
2025-09-03,6.333035589949668
2025-09-04,6.385961963116955
2025-09-05,6.3674677223625835
2025-09-08,6.383109196888615
2025-09-09,6.397866393458928
2025-09-10,6.416361628901664
2025-09-11,6.469683888037877
2025-09-12,6.467517456780791
2025-09-15,6.50195058388207
2025-09-16,6.492999383293214
2025-09-17,6.4849314659717106
2025-09-18,6.515232657608371
2025-09-19,6.547501342829291
2025-09-22,6.578477927865199
2025-09-23,6.542668152067956
2025-09-24,6.521851313983329
2025-09-25,6.491762985656594
2025-09-26,6.528955378279984
2025-09-29,6.547304394533193
2025-09-30,6.5719666978335685
2025-10-01,6.594361111663715
2025-10-02,6.601956552012254
2025-10-03,6.601859072552569
2025-10-06,6.625534644995723
2025-10-07,6.600969821155031
2025-10-08,6.640332623788967
2025-10-09,6.621095350826586
2025-10-10,6.442140967234964
2025-10-13,6.54099011279766
2025-10-14,6.532999781168559
2025-10-15,6.562002904490022
2025-10-16,6.517313545666142
2025-10-17,6.55430799530507
2025-10-20,6.622476972964369
2025-10-21,6.6223775041279564
2025-10-22,6.587948355780134
2025-10-23,6.627014741281557
2025-10-24,6.681174528020371
2025-10-27,6.7599976127479255
2025-10-28,6.777951737720572
2025-10-29,6.781207352736387
2025-10-30,6.706626613881871
2025-10-31,6.728625141743091
2025-11-03,6.741252710525792
2025-11-04,6.661345415481329
2025-11-05,6.684430143036187
2025-11-06,6.612710127916923
2025-11-07,6.619220363260189
2025-11-10,6.722508802992022
2025-11-11,6.737898621361927
2025-11-12,6.7416476018063545
2025-11-13,6.629776990868761
2025-11-14,6.628690791175125
2025-11-17,6.56693556408777
2025-11-18,6.511789046491734
2025-11-19,6.536945709909085
2025-11-20,6.437307776473631
2025-11-21,6.501431356555991
2025-11-24,6.59712336125092
2025-11-25,6.6591760001591505
2025-11-26,6.705146517596036
2025-11-28,6.741746075954404
2025-12-01,6.710967433902957
2025-12-02,6.7233970597011945
2025-12-03,6.746678735552151
2025-12-04,6.751611395149899
2025-12-05,6.764435912228698
2025-12-08,6.744113434261045
2025-12-09,6.738293512642488
2025-12-10,6.782982871466369
2025-12-11,6.798766586428472
2025-12-12,6.725665943859788
2025-12-15,6.715505202220144
2025-12-16,6.697156185966937
2025-12-17,6.623462709133228
2025-12-18,6.673479618835419
2025-12-19,6.733963634193406
2025-12-22,6.775915610639186
2025-12-23,6.806884238168181
2025-12-24,6.830828376469651
2025-12-26,6.830136073368213
2025-12-29,6.805796049097817
2025-12-30,6.797485427815466
2025-12-31,6.7471223665625555
2026-01-02,6.759490321682216
2026-01-05,6.804508922354627
2026-01-06,6.84497781844948
2026-01-07,6.822913641156226
2026-01-08,6.822220343366423
2026-01-09,6.867338412875245
2026-01-12,6.8781228241192025
2026-01-13,6.864370262796666
2026-01-14,6.830630433485188
2026-01-15,6.849232100582887
2026-01-16,6.8434927487218244
2026-01-20,6.704181669882825
2026-01-21,6.781555493663834
2026-01-22,6.816977340999064
2026-01-23,6.8194491415839416
2026-01-26,6.854080211669683
2026-01-27,6.88138838601866
2026-01-28,6.880695088228857
2026-01-29,6.867041995742734
2026-01-30,6.846560367636819
2026-02-02,6.880596614080807
2026-02-03,6.822418286350886
2026-02-04,6.789371754829211
2026-02-05,6.704577555851752
2026-02-06,6.833202697594843
2026-02-09,6.866151749656832
2026-02-10,6.84804444267611
2026-02-11,6.846461893488769
2026-02-12,6.740691706288419
2026-02-13,6.745440348538803
2026-02-17,6.756324228619174
2026-02-18,6.790360475063163
2026-02-19,6.772451111066902
2026-02-20,6.821429566116936
2026-02-23,6.751773529353253
2026-02-24,6.800848469174607
2026-02-25,6.858236019655042
2026-02-26,6.820142439373744
2026-02-27,6.787392324984582
2026-03-02,6.791251715837428
2026-03-03,6.731391370083752
2026-03-04,6.778882766029403
2026-03-05,6.741087592257345
2026-03-06,6.652731414247915
2026-03-09,6.711009210814252
2026-03-10,6.700223804881929
2026-03-11,6.691813714763165
2026-03-12,6.590199335548172
2026-03-13,6.552897527204726
2026-03-16,6.619585413889827
2026-03-17,6.636998428392385
2026-03-18,6.544387968249547
2026-03-19,6.528261085801818
2026-03-20,6.434672846997036
2026-03-23,6.502237054130941
2026-03-24,6.480410607356715
2026-03-25,6.516523763105019
2026-03-26,6.400147213877892
2026-03-27,6.2910119959416715
2026-03-30,6.269979310482025
2026-03-31,6.452234070065848
2026-04-01,6.500848469174607
2026-04-02,6.506702210197545
2026-04-06,6.537457974416615
2026-04-07,6.540334613165695
2026-04-08,6.706914078819106
2026-04-09,6.745606461495613
2026-04-10,6.741143294805737
2026-04-13,6.807020510474068
2026-04-14,6.889962599717508
2026-04-15,6.944331271012791
2026-04-16,6.9613961445879
2026-04-17,7.04552887580321
2026-04-20,7.0314401098135955
2026-04-21,6.985405932321403
2026-04-22,7.056145184713629
2026-04-23,7.028762408737342
2026-04-24,7.083230548869039
2026-04-27,7.095433385720254
2026-04-28,7.060906757912746
2026-04-29,7.059815584777288
2026-04-30,7.130058487675811
2026-05-01,7.1498020570155365
2026-05-04,7.12360992301112
2026-05-05,7.180756758907434
2026-05-06,7.280564784053156
2026-05-07,7.258241987785227
2026-05-08,7.318166988282571
2026-05-11,7.334834981200389
2026-05-12,7.323722322796267
2026-05-13,7.364697515268467
2026-05-14,7.422837050152187
2026-05-15,7.333544870392105
2026-05-18,7.3283864165356984
2026-05-19,7.279573079754113
2026-05-20,7.354181669882824
2026-05-21,7.368765790677781
2026-05-22,7.397736089283228
2026-05-26,7.44684683788569
2026-05-27,7.445556727077406
2026-05-28,7.486630393697654
2026-05-29,7.505282789901924
2026-06-01,7.525720651719815
2026-06-02,7.535940079972944
2026-06-03,7.483059462470408
2026-06-04,7.511335468597688
2026-06-05,7.317472695804404
2026-06-08,7.334040225197445
2026-06-09,7.31251218493246
2026-06-10,7.197225814152426
2026-06-11,7.319556567927267
2026-06-12,7.35914218075477
2026-06-15,7.488913203493345
2026-06-16,7.444267610957487
2026-06-17,7.351304036445382
2026-06-18,7.427735890345555
2026-06-22,7.404360713788369
2026-06-23,7.296834901625321
2026-06-24,7.29345296118726
2026-06-25,7.303996657847096
2026-06-26,7.2511787057115
2026-06-29,7.370640778244176
2026-06-30,7.428034296854794
2026-07-01,7.4179879443770265
2026-07-02,7.408239998408498
2026-07-06,7.472894742077306
2026-07-07,7.437384367477669
2026-07-08,7.414407066266138
2026-07-09,7.47717190204309
2026-07-10,7.509399805041081
2026-07-13,7.451906817594047
2026-07-14,7.478365528080053
2026-07-15,7.50800724133129
2026-07-16,7.467324487238148
2026-07-17,7.3934191417828785
2026-07-20,7.381482881413253
2026-07-21,7.443054091153241
2026-07-22,7.434400302385262
2026-07-23,7.342590566375554
2026-07-24,7.35005072910657
2026-07-27,7.351642230489188
2026-07-28,7.3692482145343865
2026-07-29,7.255853741022937
2026-07-30,7.377504127956711
2026-07-31,7.430620486601547
2026-08-03,7.536455328545566
2026-08-04,7.6723297590864785
2026-08-05,7.65701155827879
2026-08-06,7.644776891399923
2026-08-07,7.691527244514293
2026-08-10,7.689239461276781
2026-08-11,7.664670658682634
2026-08-12,7.68386814411045
2026-08-13,7.737481846937354
2026-08-14,7.722163646129667
2026-08-17,7.6856585831658935
2026-08-18,7.63373585055802
2026-08-19,7.649750333220601
2026-08-20,7.585493464897447
2026-08-21,7.616527741858476
2026-08-24,7.594147253665427
2026-08-25,7.618417649750333
2026-08-26,7.620108619969364
2026-08-27,7.670041975848966
2026-08-28,7.652634929476595
2026-08-31,7.629757097101477
2026-09-01,7.5773370203115356
2026-09-02,7.610957487019316
2026-09-03,7.690632024986571
2026-09-04,7.6609903117353335
2026-09-08,7.618914993932401
2026-09-09,7.5835040881691755
